 0x00, 0x00, 0x00, 0x0c, 0x20, 0x00, 0x00, 0x00, 0x00, 0x00, 0x04, 
    0x04, 0x04, 0x04, 0x04, 0x78, 0x78, 0x04, 0x04, 0x02, 0x30, 0x00, 0x00, 0x04, 0x04, 0x04, 0x04, 
    0x14, 0x20, 0x00, 0x00, 0x04, 0x04, 0x04, 0x08, 0x28, 0x28, 0x9d, 0x9d, 0x28, 0x28, 0x08, 0x08, 
    0x04, 0x04, 0x04, 0x00, 0x00, 0x00, 0x00, 0x00, 0x02, 0x30, 0x00, 0x00, 0x04, 0x04, 0x04, 0x04, 
    0x0c, 0x20, 0x00, 0x00, 0x99, 0x75, 0x78, 0x08, 0x08, 0x08, 0x04, 0x04, 0x04, 0x00, 0x00, 0x00, 
    0x2c, 0x30, 0x00, 0x00, 0x00, 0x00, 0x00, 0x00, 0x31, 0x30, 0x00, 0x00, 0x00, 0x00, 0x00, 0x00, 
    0x10, 0x20, 0x00, 0x00, 0x00, 0x00, 0x00, 0x04, 0x04, 0x04, 0x04, 0x04, 0x78, 0x54, 0x04, 0x04, 
    0x04, 0x04, 0x04, 0x04, 0x02, 0x30, 0x00, 0x00, 0x00, 0x00, 0x00, 0x00, 0x04, 0x20, 0x00, 0x00, 
    0x00, 0x00, 0x00, 0x28, 0x05, 0x30, 0x00, 0x00, 0x00, 0x00, 0x00, 0x00, 0x04, 0x20, 0x00, 0x00, 
    0x28, 0x28, 0x28, 0x00, 0x22, 0x30, 0x00, 0x00, 0x00, 0x00, 0x00, 0x00, 0x0c, 0x20, 0x00, 0x00, 
    0x04, 0x24, 0x24, 0x28, 0x28, 0xde, 0xde, 0xde, 0x28, 0x28, 0x24, 0x04, 0x12, 0x30, 0x00, 0x00, 
    0x00, 0x00, 0x00, 0x00, 0x0c, 0x20, 0x00, 0x00, 0x00, 0x00, 0x04, 0x00, 0x00, 0x00, 0x00, 0x00, 
    0x04, 0x04, 0x00, 0x00, 0x03, 0x30, 0x00, 0x00, 0x00, 0x00, 0x00, 0x00, 0x04, 0x20, 0x00, 0x00, 
    0x00, 0x04, 0x24, 0x00, 0x0c, 0x30, 0x00, 0x00, 0x00, 0x00, 0x00, 0x00, 0x08, 0x20, 0x00, 0x00, 
    0x00, 0x00, 0x04, 0x04, 0x4c, 0x4c, 0x00, 0x00, 0x03, 0x30, 0x00, 0x00, 0x00, 0x00, 0x00, 0x00, 
    0x0c, 0x20, 0x00, 0x00, 0x00, 0x00, 0x00, 0x04, 0x04, 0x04, 0x04, 0x04, 0x08, 0x78, 0x08, 0x08, 
    0x02, 0x30, 0x00, 0x00, 0x04, 0x04, 0x04, 0x04, 0x28, 0x20, 0x00, 0x00, 0x04, 0x04, 0x04, 0x08, 
    0x28, 0x28, 0x9d, 0x9d, 0x28, 0x28, 0x08, 0x08, 0x04, 0x04, 0x00, 0x00, 0x00, 0x00, 0x00, 0x00, 
    0x00, 0x04, 0x04, 0x04, 0x04, 0x04, 0x04, 0x04, 0x08, 0x08, 0x78, 0x78, 0x99, 0x08, 0x04, 0x04, 
    0x04, 0x04, 0x00, 0x00, 0x2c, 0x30, 0x00, 0x00, 0x00, 0x00, 0x00, 0x00, 0x31, 0x30, 0x00, 0x00, 
    0x00, 0x00, 0x00, 0x00, 0x10, 0x20, 0x00, 0x00, 0x00, 0x00, 0x00, 0x04, 0x04, 0x04, 0x04, 0x08, 
    0x99, 0x08, 0x51, 0x04, 0x04, 0x04, 0x04, 0x00, 0x02, 0x30, 0x00, 0x00, 0x00, 0x00, 0x00, 0x00, 
    0x08, 0x20, 0x00, 0x00, 0x00, 0x00, 0x28, 0x28, 0x28, 0x00, 0x00, 0x00, 0x04, 0x30, 0x00, 0x00, 
    0x00, 0x00, 0x00, 0x00, 0x04, 0x20, 0x00, 0x00, 0x00, 0x28, 0x00, 0x00, 0x22, 0x30, 0x00, 0x00, 
    0x00, 0x00, 0x00, 0x00, 0x10, 0x20, 0x00, 0x00, 0x04, 0x24, 0x28, 0x28, 0xde, 0xde, 0xde, 0xde, 
    0xde, 0x28, 0x28, 0x04, 0x04, 0x00, 0x00, 0x00, 0x11, 0x30, 0x00, 0x00, 0x00, 0x00, 0x00, 0x00, 
    0x0c, 0x20, 0x00, 0x00, 0x00, 0x00, 0x00, 0x24, 0x00, 0x00, 0x00, 0x00, 0x00, 0x00, 0x04, 0x04, 
    0x02, 0x30, 0x00, 0x00, 0x00, 0x00, 0x00, 0x00, 0x08, 0x20, 0x00, 0x00, 0x00, 0x00, 0x00, 0x04, 
    0x24, 0x00, 0x00, 0x00, 0x0d, 0x30, 0x00, 0x00, 0x00, 0x00, 0x00, 0x00, 0x08, 0x20, 0x00, 0x00, 
    0x00, 0x00, 0x4c, 0x4c, 0x04, 0x04, 0x00, 0x00, 0x03, 0x30, 0x00, 0x00, 0x00, 0x00, 0x00, 0x00, 
    0x08, 0x20, 0x00, 0x00, 0x04, 0x04, 0x04, 0x04, 0x08, 0x99, 0x75, 0x08, 0x02, 0x30, 0x00, 0x00, 
    0x04, 0x04, 0x04, 0x04, 0x10, 0x20, 0x00, 0x00, 0x04, 0x04, 0x08, 0x28, 0x08, 0x2c, 0xbd, 0xbd, 
    0x28, 0x28, 0x24, 0x04, 0x04, 0x04, 0x00, 0x00, 0x02, 0x30, 0x00, 0x00, 0x00, 0x00, 0x00, 0x00, 
    0x10, 0x20, 0x00, 0x00, 0x00, 0x04, 0x04, 0x04, 0x04, 0x04, 0x08, 0x99, 0x78, 0x78, 0x08, 0x08, 
    0x04, 0x04, 0x04, 0x00, 0x2c, 0x30, 0x00, 0x00, 0x00, 0x00, 0x00, 0x00, 0x31, 0x30, 0x00, 0x00, 
    0x00, 0x00, 0x00, 0x00, 0x10, 0x20, 0x00, 0x00, 0x00, 0x00, 0x00, 0x04, 0x04, 0x04, 0x04, 0x99, 
    0x04, 0x04, 0x04, 0x08, 0x04, 0x04, 0x04, 0x00, 0x02, 0x30, 0x00, 0x00, 0x00, 0x00, 0x00, 0x00, 
    0x04, 0x20, 0x00, 0x00, 0x00, 0x00, 0x00, 0x28, 0x26, 0x30, 0x00, 0x00, 0x00, 0x00, 0x00, 0x00, 
    0x18, 0x20, 0x00, 0x00, 0x28, 0x00, 0x00, 0x00, 0x00, 0x00, 0x00, 0x00, 0x04, 0x24, 0x28, 0x28, 
    0xde, 0xde, 0xde, 0xde, 0xde, 0x28, 0x28, 0x24, 0x04, 0x00, 0x00, 0x00, 0x11, 0x30, 0x00, 0x00, 
    0x00, 0x00, 0x00, 0x00, 0x04, 0x20, 0x00, 0x00, 0x00, 0x00, 0x00, 0x24, 0x02, 0x30, 0x00, 0x00, 
    0x00, 0x00, 0x00, 0x00, 0x0c, 0x20, 0x00, 0x00, 0x04, 0x00, 0x00, 0x00, 0x00, 0x00, 0x00, 0x00, 
    0x00, 0x24, 0x04, 0x00, 0x0e, 0x30, 0x00, 0x00, 0x00, 0x00, 0x00, 0x00, 0x08, 0x20, 0x00, 0x00, 
    0x00, 0x00, 0x04, 0x04, 0x4c, 0x00, 0x00, 0x00, 0x03, 0x30, 0x00, 0x00, 0x00, 0x00, 0x00, 0x00, 
    0x08, 0x20, 0x00, 0x00, 0x04, 0x04, 0x04, 0x04, 0x08, 0x08, 0x99, 0x08, 0x02, 0x30, 0x00, 0x00, 
    0x04, 0x04, 0x04, 0x04, 0x10, 0x20, 0x00, 0x00, 0x04, 0x04, 0x08, 0x28, 0x2c, 0xbd, 0xbd, 0x0c, 
    0x28, 0x28, 0x24, 0x04, 0x04, 0x04, 0x00, 0x00, 0x02, 0x30, 0x00, 0x00, 0x00, 0x00, 0x00, 0x00, 
    0x10, 0x20, 0x00, 0x00, 0x00, 0x00, 0x04, 0x04, 0x04, 0x04, 0x08, 0x08, 0x78, 0x78, 0x99, 0x08, 
    0x24, 0x04, 0x04, 0x04, 0x2c, 0x30, 0x00, 0x00, 0x00, 0x00, 0x00, 0x00, 0x31, 0x30, 0x00, 0x00, 
    0x00, 0x00, 0x00, 0x00, 0x10, 0x20, 0x00, 0x00, 0x00, 0x00, 0x00, 0x04, 0x04, 0x04, 0x99, 0x04, 
    0x04, 0x04, 0x04, 0x04, 0x51, 0x04, 0x04, 0x00, 0x28, 0x30, 0x00, 0x00, 0x00, 0x00, 0x00, 0x00, 
    0x1c, 0x20, 0x00, 0x00, 0x00, 0x00, 0x00, 0x28, 0x28, 0x28, 0x00, 0x00, 0x00, 0x00, 0x00, 0x00, 
    0x04, 0x24, 0x28, 0x48, 0xde, 0xde, 0xde, 0xde, 0xde, 0x28, 0x28, 0x24, 0x04, 0x00, 0x00, 0x00, 
    0x12, 0x30, 0x00, 0x00, 0x00, 0x00, 0x00, 0x00, 0x14, 0x20, 0x00, 0x00, 0x04, 0x00, 0x00, 0x00, 
    0x00, 0x00, 0x00, 0x00, 0x00, 0x04, 0x04, 0x00, 0x00, 0x00, 0x00, 0x04, 0x24, 0x00, 0x00, 0x00, 
    0x0f, 0x30, 0x00, 0x00, 0x00, 0x00, 0x00, 0x00, 0x04, 0x20, 0x00, 0x00, 0x00, 0x4c, 0x4c, 0x04, 
    0x03, 0x30, 0x00, 0x00, 0x00, 0x00, 0x00, 0x00, 0x08, 0x20, 0x00, 0x00, 0x04, 0x04, 0x04, 0x04, 
    0x04, 0x04, 0x78, 0x78, 0x02, 0x30, 0x00, 0x00, 0x04, 0x04, 0x04, 0x04, 0x10, 0x20, 0x00, 0x00, 
    0x04, 0x04, 0x08, 0x28, 0x0c, 0xbd, 0xbd, 0x08, 0x28, 0x08, 0x04, 0x04, 0x04, 0x00, 0x00, 0x00, 
    0x02, 0x30, 0x00, 0x00, 0x00, 0x00, 0x00, 0x00, 0x14, 0x20, 0x00, 0x00, 0x00, 0x00, 0x04, 0x04, 
    0x04, 0x04, 0x04, 0x04, 0x08, 0x99, 0x78, 0x78, 0x08, 0x08, 0x04, 0x04, 0x04, 0x04, 0x00, 0x00, 
    0x2b, 0x30, 0x00, 0x00, 0x00, 0x00, 0x00, 0x00, 0x31, 0x30, 0x00, 0x00, 0x00, 0x00, 0x00, 0x00, 
    0x10, 0x20, 0x00, 0x00, 0x00, 0x00, 0x00, 0x04, 0x04, 0x99, 0x04, 0x04, 0x04, 0x04, 0x04, 0x04, 
    0x51, 0x04, 0x04, 0x00, 0x29, 0x30, 0x00, 0x00, 0x00, 0x00, 0x00, 0x00, 0x18, 0x20, 0x00, 0x00, 
    0x28, 0x00, 0x00, 0x00, 0x00, 0x00, 0x00, 0x00, 0x04, 0x24, 0x28, 0x28, 0xde, 0xde, 0xde, 0xde, 
    0xde, 0x28, 0x28, 0x28, 0x04, 0x00, 0x00, 0x00, 0x12, 0x30, 0x00, 0x00, 0x00, 0x00, 0x00, 0x00, 
    0x10, 0x20, 0x00, 0x00, 0x04, 0x00, 0x00, 0x00, 0x00, 0x00, 0x00, 0x00, 0x00, 0x00, 0x00, 0x04, 
    0x04, 0x04, 0x04, 0x00, 0x10, 0x30, 0x00, 0x00, 0x00, 0x00, 0x00, 0x00, 0x04, 0x20, 0x00, 0x00, 
    0x04, 0x00, 0x04, 0x4c, 0x03, 0x30, 0x00, 0x00, 0x00, 0x00, 0x00, 0x00, 0x08, 0x20, 0x00, 0x00, 
    0x00, 0x04, 0x04, 0x04, 0x04, 0x04, 0x78, 0x78, 0x02, 0x30, 0x00, 0x00, 0x04, 0x04, 0x04, 0x04, 
    0x10, 0x20, 0x00, 0x00, 0x04, 0x24, 0x28, 0x28, 0x0c, 0xbd, 0xbd, 0x08, 0x28, 0x08, 0x04, 0x04, 
    0x04, 0x00, 0x00, 0x00, 0x02, 0x30, 0x00, 0x00, 0x00, 0x00, 0x00, 0x00, 0x14, 0x20, 0x00, 0x00, 
    0x00, 0x00, 0x00, 0x04, 0x04, 0x04, 0x04, 0x04, 0x08, 0x08, 0x08, 0x78, 0x99, 0x75, 0x04, 0x04, 
    0x04, 0x04, 0x00, 0x00, 0x2b, 0x30, 0x00, 0x00, 0x00, 0x00, 0x00, 0x00, 0x31, 0x30, 0x00, 0x00, 
    0x00, 0x00, 0x00, 0x00, 0x10, 0x20, 0x00, 0x00, 0x00, 0x00, 0x04, 0x04, 0x99, 0x04, 0x04, 0x04, 
    0x04, 0x04, 0x04, 0x04, 0x04, 0x51, 0x04, 0x04, 0x2b, 0x30, 0x00, 0x00, 0x00, 0x00, 0x00, 0x00, 
    0x10, 0x20, 0x00, 0x00, 0x04, 0x04, 0x24, 0x28, 0x28, 0xff, 0xde, 0xde, 0x2c, 0x28, 0x28, 0x24, 
    0x04, 0x00, 0x00, 0x00, 0x12, 0x30, 0x00, 0x00, 0x00, 0x00, 0x00, 0x00, 0x10, 0x20, 0x00, 0x00, 
    0x00, 0x04, 0x00, 0x00, 0x00, 0x00, 0x00, 0x00, 0x00, 0x24, 0x24, 0x24, 0x00, 0x04, 0x04, 0x00, 
    0x11, 0x30, 0x00, 0x00, 0x00, 0x00, 0x00, 0x00, 0x04, 0x20, 0x00, 0x00, 0x4c, 0x00, 0x04, 0x00, 
    0x02, 0x30, 0x00, 0x00, 0x00, 0x00, 0x00, 0x00, 0x08, 0x20, 0x00, 0x00, 0x00, 0x04, 0x04, 0x04, 
    0x08, 0x08, 0x78, 0x78, 0x02, 0x30, 0x00, 0x00, 0x04, 0x04, 0x04, 0x04, 0x10, 0x20, 0x00, 0x00, 
    0x04, 0x04, 0x28, 0x28, 0x2c, 0xbd, 0x28, 0x28, 0x28, 0x08, 0x04, 0x04, 0x04, 0x00, 0x00, 0x00, 
    0x03, 0x30, 0x00, 0x00, 0x00, 0x00, 0x00, 0x00, 0x10, 0x20, 0x00, 0x00, 0x00, 0x00, 0x04, 0x04, 
    0x04, 0x04, 0x04, 0x04, 0x78, 0x78, 0x78, 0x08, 0x04, 0x04, 0x04, 0x04, 0x2b, 0x30, 0x00, 0x00, 
    0x00, 0x00, 0x00, 0x00, 0x31, 0x30, 0x00, 0x00, 0x00, 0x00, 0x00, 0x00, 0x10, 0x20, 0x00, 0x00, 
    0x00, 0x04, 0x04, 0x99, 0x04, 0x04, 0x04, 0x00, 0x04, 0x04, 0x04, 0x04, 0x04, 0x04, 0x51, 0x00, 
    0x2b, 0x30, 0x00, 0x00, 0x00, 0x00, 0x00, 0x00, 0x10, 0x20, 0x00, 0x00, 0x00, 0x04, 0x24, 0x28, 
    0x28, 0x28, 0x2c, 0x99, 0x99, 0x08, 0x24, 0x04, 0x04, 0x00, 0x00, 0x00, 0x12, 0x30, 0x00, 0x00, 
    0x00, 0x00, 0x00, 0x00, 0x14, 0x20, 0x00, 0x00, 0x00, 0x24, 0x00, 0x00, 0x00, 0x00, 0x00, 0x24, 
    0x24, 0x00, 0x00, 0x00, 0x00, 0x00, 0x00, 0x04, 0x04, 0x00, 0x00, 0x00, 0x10, 0x30, 0x00, 0x00, 
    0x00, 0x00, 0x00, 0x00, 0x04, 0x20, 0x00, 0x00, 0x00, 0x4c, 0x4c, 0x04, 0x02, 0x30, 0x00, 0x00, 
    0x00, 0x00, 0x00, 0x00, 0x08, 0x20, 0x00, 0x00, 0x00, 0x00, 0x04, 0x04, 0x04, 0x08, 0x78, 0x78, 
    0x02, 0x30, 0x00, 0x00, 0x04, 0x04, 0x04, 0x04, 0x10, 0x20, 0x00, 0x00, 0x04, 0x24, 0x28, 0x28, 
    0xbd, 0xbd, 0x28, 0x28, 0x08, 0x08, 0x04, 0x04, 0x04, 0x00, 0x00, 0x00, 0x03, 0x30, 0x00, 0x00, 
    0x00, 0x00, 0x00, 0x00, 0x10, 0x20, 0x00, 0x00, 0x00, 0x00, 0x04, 0x04, 0x04, 0x04, 0x04, 0x04, 
    0x08, 0x78, 0x78, 0x78, 0x04, 0x04, 0x04, 0x04, 0x2b, 0x30, 0x00, 0x00, 0x00, 0x00, 0x00, 0x00, 
    0x31, 0x30, 0x00, 0x00, 0x00, 0x00, 0x00, 0x00, 0x10, 0x20, 0x00, 0x00, 0x04, 0x04, 0x99, 0x04, 
    0x04, 0x04, 0x04, 0x04, 0x04, 0x04, 0x00, 0x00, 0x00, 0x00, 0x08, 0x4c, 0x2b, 0x30, 0x00, 0x00, 
    0x00, 0x00, 0x00, 0x00, 0x10, 0x20, 0x00, 0x00, 0x00, 0x04, 0x04, 0x24, 0x28, 0x28, 0x28, 0x99, 
    0x75, 0x08, 0x04, 0x04, 0x04, 0x00, 0x00, 0x00, 0x12, 0x30, 0x00, 0x00, 0x00, 0x00, 0x00, 0x00, 
    0x08, 0x20, 0x00, 0x00, 0x00, 0x00, 0x04, 0x00, 0x00, 0x24, 0x24, 0x00, 0x02, 0x30, 0x00, 0x00, 
    0x00, 0x00, 0x00, 0x00, 0x04, 0x20, 0x00, 0x00, 0x00, 0x04, 0x04, 0x00, 0x10, 0x30, 0x00, 0x00, 
    0x00, 0x00, 0x00, 0x00, 0x28, 0x20, 0x00, 0x00, 0x00, 0x00, 0x00, 0x4c, 0x04, 0x00, 0x00, 0x00, 
    0x00, 0x00, 0x00, 0x00, 0x00, 0x00, 0x04, 0x04, 0x04, 0x04, 0x08, 0x75, 0x08, 0x08, 0x04, 0x04, 
    0x04, 0x04, 0x04, 0x04, 0x08, 0x08, 0x28, 0x28, 0x9d, 0x9d, 0x28, 0x28, 0x28, 0x04, 0x04, 0x04, 
    0x05, 0x30, 0x00, 0x00, 0x00, 0x00, 0x00, 0x00, 0x10, 0x20, 0x00, 0x00, 0x04, 0x04, 0x04, 0x04, 
    0x04, 0x04, 0x78, 0x78, 0x75, 0x08, 0x04, 0x04, 0x04, 0x00, 0x00, 0x00, 0x2a, 0x30, 0x00, 0x00, 
    0x00, 0x00, 0x00, 0x00, 0x31, 0x30, 0x00, 0x00, 0x00, 0x00, 0x00, 0x00, 0x10, 0x20, 0x00, 0x00, 
    0x04, 0x99, 0x04, 0x04, 0x04, 0x04, 0x00, 0x04, 0x04, 0x00, 0x00, 0x00, 0x00, 0x00, 0x04, 0x51, 
    0x2b, 0x30, 0x00, 0x00, 0x00, 0x00, 0x00, 0x00, 0x10, 0x20, 0x00, 0x00, 0x00, 0x00, 0x04, 0x24, 
    0x24, 0x28, 0x08, 0x08, 0x75, 0x08, 0x04, 0x04, 0x04, 0x00, 0x00, 0x00, 0x12, 0x30, 0x00, 0x00, 
    0x00, 0x00, 0x00, 0x00, 0x08, 0x20, 0x00, 0x00, 0x00, 0x00, 0x00, 0x04, 0x28, 0x00, 0x00, 0x00, 
    0x02, 0x30, 0x00, 0x00, 0x00, 0x00, 0x00, 0x00, 0x08, 0x20, 0x00, 0x00, 0x00, 0x00, 0x00, 0x04, 
    0x04, 0x00, 0x00, 0x00, 0x10, 0x30, 0x00, 0x00, 0x00, 0x00, 0x00, 0x00, 0x24, 0x20, 0x00, 0x00, 
    0x4c, 0x00, 0x00, 0x00, 0x00, 0x00, 0x00, 0x00, 0x00, 0x00, 0x04, 0x04, 0x04, 0x04, 0x08, 0x75, 
    0x99, 0x08, 0x04, 0x04, 0x04, 0x04, 0x04, 0x04, 0x08, 0x08, 0x28, 0x28, 0x9d, 0x9d, 0x28, 0x28, 
    0x28, 0x04, 0x04, 0x04, 0x05, 0x30, 0x00, 0x00, 0x00, 0x00, 0x00, 0x00, 0x10, 0x20, 0x00, 0x00, 
    0x00, 0x04, 0x04, 0x04, 0x04, 0x04, 0x08, 0x78, 0x75, 0x08, 0x24, 0x04, 0x04, 0x04, 0x00, 0x00, 
    0x2a, 0x30, 0x00, 0x00, 0x00, 0x00, 0x00, 0x00, 0x31, 0x30, 0x00, 0x00, 0x00, 0x00, 0x00, 0x00, 
    0x08, 0x20, 0x00, 0x00, 0x04, 0x75, 0x04, 0x04, 0x04, 0x00, 0x04, 0x00, 0x02, 0x30, 0x00, 0x00, 
    0x00, 0x00, 0x00, 0x00, 0x04, 0x20, 0x00, 0x00, 0x51, 0x08, 0x00, 0x00, 0x2a, 0x30, 0x00, 0x00, 
    0x00, 0x00, 0x00, 0x00, 0x10, 0x20, 0x00, 0x00, 0x00, 0x00, 0x00, 0x04, 0x04, 0x04, 0x08, 0x08, 
    0x54, 0x54, 0x04, 0x04, 0x04, 0x00, 0x00, 0x00, 0x12, 0x30, 0x00, 0x00, 0x00, 0x00, 0x00, 0x00, 
    0x08, 0x20, 0x00, 0x00, 0x00, 0x24, 0x24, 0x00, 0x24, 0x00, 0x00, 0x00, 0x03, 0x30, 0x00, 0x00, 
    0x00, 0x00, 0x00, 0x00, 0x04, 0x20, 0x00, 0x00, 0x00, 0x04, 0x04, 0x00, 0x0a, 0x30, 0x00, 0x00, 
    0x00, 0x00, 0x00, 0x00, 0x04, 0x20, 0x00, 0x00, 0x04, 0x00, 0x00, 0x00, 0x05, 0x30, 0x00, 0x00, 
    0x00, 0x00, 0x00, 0x00, 0x24, 0x20, 0x00, 0x00, 0x00, 0x4c, 0x4c, 0x04, 0x00, 0x00, 0x00, 0x00, 
    0x00, 0x00, 0x04, 0x04, 0x04, 0x04, 0x04, 0x04, 0x75, 0x08, 0x08, 0x04, 0x04, 0x04, 0x04, 0x04, 
    0x08, 0x08, 0x28, 0x28, 0x9d, 0x9d, 0x28, 0x28, 0x28, 0x04, 0x04, 0x04, 0x05, 0x30, 0x00, 0x00, 
    0x00, 0x00, 0x00, 0x00, 0x10, 0x20, 0x00, 0x00, 0x00, 0x00, 0x04, 0x04, 0x04, 0x04, 0x08, 0x99, 
    0x78, 0x78, 0x08, 0x08, 0x04, 0x04, 0x04, 0x00, 0x2a, 0x30, 0x00, 0x00, 0x00, 0x00, 0x00, 0x00, 
    0x30, 0x30, 0x00, 0x00, 0x00, 0x00, 0x00, 0x00, 0x0c, 0x20, 0x00, 0x00, 0x00, 0x00, 0x00, 0x04, 
    0x75, 0x04, 0x04, 0x04, 0x04, 0x04, 0x00, 0x00, 0x02, 0x30, 0x00, 0x00, 0x00, 0x00, 0x00, 0x00, 
    0x04, 0x20, 0x00, 0x00, 0x04, 0x51, 0x00, 0x00, 0x2b, 0x30, 0x00, 0x00, 0x00, 0x00, 0x00, 0x00, 
    0x0c, 0x20, 0x00, 0x00, 0x04, 0x04, 0x04, 0x08, 0x54, 0x54, 0x04, 0x04, 0x04, 0x00, 0x00, 0x00, 
    0x11, 0x30, 0x00, 0x00, 0x00, 0x00, 0x00, 0x00, 0x0c, 0x20, 0x00, 0x00, 0x00, 0x00, 0x00, 0x28, 
    0x28, 0x00, 0x00, 0x00, 0x00, 0x04, 0x00, 0x00, 0x03, 0x30, 0x00, 0x00, 0x00, 0x00, 0x00, 0x00, 
    0x08, 0x20, 0x00, 0x00, 0x00, 0x00, 0x00, 0x04, 0x04, 0x00, 0x00, 0x00, 0x09, 0x30, 0x00, 0x00, 
    0x00, 0x00, 0x00, 0x00, 0x04, 0x20, 0x00, 0x00, 0x28, 0x00, 0x00, 0x00, 0x05, 0x30, 0x00, 0x00, 
    0x00, 0x00, 0x00, 0x00, 0x24, 0x20, 0x00, 0x00, 0x00, 0x00, 0x04, 0x4c, 0x00, 0x00, 0x00, 0x00, 
    0x00, 0x00, 0x04, 0x04, 0x04, 0x04, 0x04, 0x04, 0x75, 0x54, 0x04, 0x04, 0x04, 0x04, 0x04, 0x04, 
    0x08, 0x08, 0x28, 0x28, 0x9d, 0x9d, 0x28, 0x28, 0x24, 0x04, 0x04, 0x04, 0x05, 0x30, 0x00, 0x00, 
    0x00, 0x00, 0x00, 0x00, 0x10, 0x20, 0x00, 0x00, 0x00, 0x00, 0x00, 0x04, 0x04, 0x04, 0x04, 0x08, 
    0x78, 0x78, 0x99, 0x08, 0x04, 0x04, 0x04, 0x04, 0x2a, 0x30, 0x00, 0x00, 0x00, 0x00, 0x00, 0x00, 
    0x30, 0x30, 0x00, 0x00, 0x00, 0x00, 0x00, 0x00, 0x04, 0x20, 0x00, 0x00, 0x00, 0x00, 0x04, 0x75, 
    0x02, 0x30, 0x00, 0x00, 0x04, 0x04, 0x00, 0x00, 0x02, 0x30, 0x00, 0x00, 0x00, 0x00, 0x00, 0x00, 
    0x04, 0x20, 0x00, 0x00, 0x00, 0x00, 0x4c, 0x04, 0x2b, 0x30, 0x00, 0x00, 0x00, 0x00, 0x00, 0x00, 
    0x0c, 0x20, 0x00, 0x00, 0x00, 0x04, 0x04, 0x04, 0x08, 0x51, 0x04, 0x04, 0x04, 0x04, 0x00, 0x00, 
    0x11, 0x30, 0x00, 0x00, 0x00, 0x00, 0x00, 0x00, 0x0c, 0x20, 0x00, 0x00, 0x00, 0x28, 0x24, 0x00, 
    0x00, 0x00, 0x00, 0x00, 0x00, 0x00, 0x04, 0x00, 0x04, 0x30, 0x00, 0x00, 0x00, 0x00, 0x00, 0x00, 
    0x04, 0x20, 0x00, 0x00, 0x00, 0x04, 0x04, 0x00, 0x08, 0x30, 0x00, 0x00, 0x00, 0x00, 0x00, 0x00, 
    0x08, 0x20, 0x00, 0x00, 0x00, 0x00, 0x00, 0x48, 0x2c, 0x2c, 0x00, 0x00, 0x06, 0x30, 0x00, 0x00, 
    0x00, 0x00, 0x00, 0x00, 0x20, 0x20, 0x00, 0x00, 0x4c, 0x04, 0x04, 0x00, 0x00, 0x00, 0x00, 0x04, 
    0x04, 0x04, 0x04, 0x04, 0x08, 0x75, 0x08, 0x08, 0x04, 0x04, 0x04, 0x04, 0x08, 0x08, 0x28, 0x28, 
    0x9d, 0x9d, 0x28, 0x28, 0x24, 0x04, 0x04, 0x04, 0x06, 0x30, 0x00, 0x00, 0x00, 0x00, 0x00, 0x00, 
    0x10, 0x20, 0x00, 0x00, 0x00, 0x04, 0x04, 0x04, 0x04, 0x08, 0x78, 0x78, 0x78, 0x08, 0x04, 0x04, 
    0x04, 0x00, 0x00, 0x00, 0x29, 0x30, 0x00, 0x00, 0x00, 0x00, 0x00, 0x00, 0x30, 0x30, 0x00, 0x00, 
    0x00, 0x00, 0x00, 0x00, 0x0c, 0x20, 0x00, 0x00, 0x00, 0x00, 0x04, 0x75, 0x04, 0x04, 0x00, 0x04, 
    0x04, 0x00, 0x00, 0x00, 0x02, 0x30, 0x00, 0x00, 0x00, 0x00, 0x00, 0x00, 0x04, 0x20, 0x00, 0x00, 
    0x00, 0x00, 0x04, 0x4c, 0x2b, 0x30, 0x00, 0x00, 0x00, 0x00, 0x00, 0x00, 0x0c, 0x20, 0x00, 0x00, 
    0x00, 0x00, 0x04, 0x04, 0x08, 0x50, 0x51, 0x04, 0x04, 0x04, 0x00, 0x00, 0x10, 0x30, 0x00, 0x00, 
    0x00, 0x00, 0x00, 0x00, 0x10, 0x20, 0x00, 0x00, 0x00, 0x00, 0x00, 0x24, 0x24, 0x00, 0x00, 0x00, 
    0x00, 0x00, 0x00, 0x00, 0x00, 0x00, 0x04, 0x00, 0x04, 0x30, 0x00, 0x00, 0x00, 0x00, 0x00, 0x00, 
    0x04, 0x20, 0x00, 0x00, 0x00, 0x00, 0x00, 0x04, 0x09, 0x30, 0x00, 0x00, 0x00, 0x00, 0x00, 0x00, 
    0x04, 0x20, 0x00, 0x00, 0x28, 0x04, 0x00, 0x00, 0x06, 0x30, 0x00, 0x00, 0x00, 0x00, 0x00, 0x00, 
    0x20, 0x20, 0x00, 0x00, 0x04, 0x4c, 0x4c, 0x00, 0x00, 0x00, 0x00, 0x00, 0x04, 0x04, 0x04, 0x04, 
    0x08, 0x75, 0x75, 0x08, 0x04, 0x04, 0x04, 0x04, 0x08, 0x28, 0x28, 0x28, 0x9d, 0x9d, 0x28, 0x08, 
    0x04, 0x04, 0x04, 0x04, 0x06, 0x30, 0x00, 0x00, 0x00, 0x00, 0x00, 0x00, 0x10, 0x20, 0x00, 0x00, 
    0x00, 0x00, 0x04, 0x04, 0x04, 0x04, 0x08, 0x78, 0x78, 0x78, 0x04, 0x04, 0x04, 0x04, 0x00, 0x00, 
    0x29, 0x30, 0x00, 0x00, 0x00, 0x00, 0x00, 0x00, 0x30, 0x30, 0x00, 0x00, 0x00, 0x00, 0x00, 0x00, 
    0x08, 0x20, 0x00, 0x00, 0x04, 0x00, 0x75, 0x04, 0x00, 0x00, 0x04, 0x04, 0x04, 0x30, 0x00, 0x00, 
    0x00, 0x00, 0x00, 0x00, 0x04, 0x20, 0x00, 0x00, 0x4c, 0x04, 0x00, 0x00, 0x2b, 0x30, 0x00, 0x00, 
    0x00, 0x00, 0x00, 0x00, 0x08, 0x20, 0x00, 0x00, 0x08, 0x51, 0x50, 0x08, 0x04, 0x04, 0x00, 0x00, 
    0x10, 0x30, 0x00, 0x00, 0x00, 0x00, 0x00, 0x00, 0x04, 0x20, 0x00, 0x00, 0x00, 0x24, 0x24, 0x00, 
    0x02, 0x30, 0x00, 0x00, 0x00, 0x00, 0x00, 0x00, 0x04, 0x20, 0x00, 0x00, 0x00, 0x00, 0x00, 0x04, 
    0x05, 0x30, 0x00, 0x00, 0x00, 0x00, 0x00, 0x00, 0x04, 0x20, 0x00, 0x00, 0x04, 0x04, 0x00, 0x00, 
    0x0f, 0x30, 0x00, 0x00, 0x00, 0x00, 0x00, 0x00, 0x20, 0x20, 0x00, 0x00, 0x00, 0x00, 0x04, 0x4c, 
    0x04, 0x04, 0x04, 0x00, 0x04, 0x04, 0x04, 0x04, 0x08, 0x75, 0x75, 0x08, 0x08, 0x08, 0x08, 0x08, 
    0x08, 0x28, 0x0c, 0xbd, 0x9d, 0x0c, 0x28, 0x08, 0x04, 0x04, 0x04, 0x04, 0x06, 0x30, 0x00, 0x00, 
    0x00, 0x00, 0x00, 0x00, 0x10, 0x20, 0x00, 0x00, 0x00, 0x00, 0x00, 0x04, 0x04, 0x04, 0x04, 0x04, 
    0x78, 0x78, 0x78, 0x08, 0x04, 0x04, 0x04, 0x04, 0x29, 0x30, 0x00, 0x00, 0x00, 0x00, 0x00, 0x00, 
    0x30, 0x30, 0x00, 0x00, 0x00, 0x00, 0x00, 0x00, 0x08, 0x20, 0x00, 0x00, 0x04, 0x04, 0x75, 0x04, 
    0x00, 0x00, 0x04, 0x04, 0x04, 0x30, 0x00, 0x00, 0x00, 0x00, 0x00, 0x00, 0x04, 0x20, 0x00, 0x00, 
    0x4c, 0x04, 0x00, 0x00, 0x2b, 0x30, 0x00, 0x00, 0x00, 0x00, 0x00, 0x00, 0x08, 0x20, 0x00, 0x00, 
    0x04, 0x51, 0x50, 0x08, 0x04, 0x04, 0x00, 0x00, 0x10, 0x30, 0x00, 0x00, 0x00, 0x00, 0x00, 0x00, 
    0x04, 0x20, 0x00, 0x00, 0x24, 0x00, 0x00, 0x00, 0x03, 0x30, 0x00, 0x00, 0x00, 0x00, 0x00, 0x00, 
    0x04, 0x20, 0x00, 0x00, 0x04, 0x00, 0x00, 0x00, 0x04, 0x30, 0x00, 0x00, 0x00, 0x00, 0x00, 0x00, 
    0x04, 0x20, 0x00, 0x00, 0x00, 0x00, 0x04, 0x00, 0x0f, 0x30, 0x00, 0x00, 0x00, 0x00, 0x00, 0x00, 
    0x20, 0x20, 0x00, 0x00, 0x00, 0x00, 0x00, 0x04, 0x4c, 0x04, 0x00, 0x00, 0x04, 0x04, 0x04, 0x04, 
    0x08, 0x75, 0x75, 0x08, 0x08, 0x08, 0x08, 0x04, 0x08, 0x28, 0x08, 0xbd, 0xbd, 0x0c, 0x08, 0x08, 
    0x04, 0x04, 0x04, 0x00, 0x07, 0x30, 0x00, 0x00, 0x00, 0x00, 0x00, 0x00, 0x0c, 0x20, 0x00, 0x00, 
    0x04, 0x04, 0x04, 0x04, 0x08, 0x78, 0x78, 0x78, 0x04, 0x04, 0x04, 0x04, 0x29, 0x30, 0x00, 0x00, 
    0x00, 0x00, 0x00, 0x00, 0x30, 0x30, 0x00, 0x00, 0x00, 0x00, 0x00, 0x00, 0x08, 0x20, 0x00, 0x00, 
    0x04, 0x75, 0x04, 0x00, 0x00, 0x00, 0x04, 0x00, 0x04, 0x30, 0x00, 0x00, 0x00, 0x00, 0x00, 0x00, 
    0x04, 0x20, 0x00, 0x00, 0x00, 0x51, 0x04, 0x00, 0x2b, 0x30, 0x00, 0x00, 0x00, 0x00, 0x00, 0x00, 
    0x08, 0x20, 0x00, 0x00, 0x04, 0x51, 0x50, 0x50, 0x04, 0x04, 0x00, 0x00, 0x0f, 0x30, 0x00, 0x00, 
    0x00, 0x00, 0x00, 0x00, 0x04, 0x20, 0x00, 0x00, 0x00, 0x00, 0x24, 0x24, 0x04, 0x30, 0x00, 0x00, 
    0x00, 0x00, 0x00, 0x00, 0x04, 0x20, 0x00, 0x00, 0x04, 0x00, 0x00, 0x00, 0x04, 0x30, 0x00, 0x00, 
    0x00, 0x00, 0x00, 0x00, 0x04, 0x20, 0x00, 0x00, 0x00, 0x00, 0x00, 0x04, 0x10, 0x30, 0x00, 0x00, 
    0x00, 0x00, 0x00, 0x00, 0x1c, 0x20, 0x00, 0x00, 0x00, 0x4c, 0x04, 0x04, 0x04, 0x04, 0x04, 0x04, 
    0x08, 0x75, 0x75, 0x08, 0x08, 0x08, 0x08, 0x28, 0x28, 0x28, 0x0c, 0x9d, 0xbd, 0x08, 0x08, 0x04, 
    0x04, 0x04, 0x00, 0x00, 0x07, 0x30, 0x00, 0x00, 0x00, 0x00, 0x00, 0x00, 0x10, 0x20, 0x00, 0x00, 
    0x00, 0x04, 0x04, 0x04, 0x04, 0x08, 0x78, 0x78, 0x08, 0x08, 0x04, 0x04, 0x04, 0x00, 0x00, 0x00, 
    0x28, 0x30, 0x00, 0x00, 0x00, 0x00, 0x00, 0x00, 0x2f, 0x30, 0x00, 0x00, 0x00, 0x00, 0x00, 0x00, 
    0x0c, 0x20, 0x00, 0x00, 0x00, 0x00, 0x00, 0x04, 0x75, 0x04, 0x04, 0x04, 0x00, 0x00, 0x04, 0x00, 
    0x04, 0x30, 0x00, 0x00, 0x00, 0x00, 0x00, 0x00, 0x04, 0x20, 0x00, 0x00, 0x00, 0x04, 0x51, 0x00, 
    0x2b, 0x30, 0x00, 0x00, 0x00, 0x00, 0x00, 0x00, 0x08, 0x20, 0x00, 0x00, 0x04, 0x04, 0x50, 0x50, 
    0x04, 0x04, 0x04, 0x00, 0x0f, 0x30, 0x00, 0x00, 0x00, 0x00, 0x00, 0x00, 0x04, 0x20, 0x00, 0x00, 
    0x00, 0x24, 0x00, 0x00, 0x04, 0x30, 0x00, 0x00, 0x00, 0x00, 0x00, 0x00, 0x04, 0x20, 0x00, 0x00, 
    0x00, 0x04, 0x00, 0x00, 0x05, 0x30, 0x00, 0x00, 0x00, 0x00, 0x00, 0x00, 0x04, 0x20, 0x00, 0x00, 
    0x04, 0x04, 0x00, 0x00, 0x0f, 0x30, 0x00, 0x00, 0x00, 0x00, 0x00, 0x00, 0x20, 0x20, 0x00, 0x00, 
    0x04, 0x04, 0x4c, 0x04, 0x04, 0x04, 0x04, 0x04, 0x08, 0x08, 0x75, 0x08, 0x08, 0x08, 0x08, 0x28, 
    0x28, 0x28, 0x0c, 0x9d, 0x08, 0x08, 0x08, 0x08, 0x04, 0x04, 0x00, 0x00, 0x00, 0x00, 0x24, 0x00, 
    0x06, 0x30, 0x00, 0x00, 0x00, 0x00, 0x00, 0x00, 0x10, 0x20, 0x00, 0x00, 0x00, 0x00, 0x04, 0x04, 
    0x08, 0x04, 0x78, 0x78, 0x99, 0x08, 0x04, 0x04, 0x04, 0x00, 0x00, 0x00, 0x28, 0x30, 0x00, 0x00, 
    0x00, 0x00, 0x00, 0x00, 0x2f, 0x30, 0x00, 0x00, 0x00, 0x00, 0x00, 0x00, 0x0c, 0x20, 0x00, 0x00, 
    0x00, 0x00, 0x04, 0x75, 0x04, 0x00, 0x00, 0x00, 0x00, 0x04, 0x00, 0x00, 0x04, 0x30, 0x00, 0x00, 
    0x00, 0x00, 0x00, 0x00, 0x04, 0x20, 0x00, 0x00, 0x00, 0x00, 0x4c, 0x04, 0x2b, 0x30, 0x00, 0x00, 
    0x00, 0x00, 0x00, 0x00, 0x08, 0x20, 0x00, 0x00, 0x04, 0x04, 0x50, 0x50, 0x04, 0x04, 0x00, 0x00, 
    0x06, 0x30, 0x00, 0x00, 0x00, 0x00, 0x00, 0x00, 0x04, 0x20, 0x00, 0x00, 0x04, 0x2c, 0x00, 0x00, 
    0x07, 0x30, 0x00, 0x00, 0x00, 0x00, 0x00, 0x00, 0x08, 0x20, 0x00, 0x00, 0x00, 0x00, 0x00, 0x28, 
    0x24, 0x00, 0x00, 0x00, 0x04, 0x30, 0x00, 0x00, 0x00, 0x00, 0x00, 0x00, 0x04, 0x20, 0x00, 0x00, 
    0x00, 0x04, 0x00, 0x00, 0x05, 0x30, 0x00, 0x00, 0x00, 0x00, 0x00, 0x00, 0x04, 0x20, 0x00, 0x00, 
    0x00, 0x00, 0x04, 0x04, 0x0f, 0x30, 0x00, 0x00, 0x00, 0x00, 0x00, 0x00, 0x20, 0x20, 0x00, 0x00, 
    0x00, 0x00, 0x04, 0x4c, 0x04, 0x04, 0x04, 0x04, 0x08, 0x08, 0x54, 0x78, 0x08, 0x08, 0x28, 0x28, 
    0x28, 0x28, 0x9d, 0x9d, 0x28, 0x28, 0x24, 0x04, 0x04, 0x04, 0x00, 0x00, 0x00, 0x24, 0x04, 0x04, 
    0x06, 0x30, 0x00, 0x00, 0x00, 0x00, 0x00, 0x00, 0x10, 0x20, 0x00, 0x00, 0x00, 0x00, 0x04, 0x04, 
    0x04, 0x04, 0x08, 0x99, 0x78, 0x78, 0x08, 0x08, 0x04, 0x04, 0x04, 0x00, 0x28, 0x30, 0x00, 0x00, 
    0x00, 0x00, 0x00, 0x00, 0x2f, 0x30, 0x00, 0x00, 0x00, 0x00, 0x00, 0x00, 0x0c, 0x20, 0x00, 0x00, 
    0x00, 0x04, 0x04, 0x75, 0x04, 0x00, 0x00, 0x00, 0x24, 0x00, 0x00, 0x00, 0x04, 0x30, 0x00, 0x00, 
    0x00, 0x00, 0x00, 0x00, 0x04, 0x20, 0x00, 0x00, 0x00, 0x00, 0x04, 0x4c, 0x2b, 0x30, 0x00, 0x00, 
    0x00, 0x00, 0x00, 0x00, 0x08, 0x20, 0x00, 0x00, 0x04, 0x04, 0x30, 0x30, 0x04, 0x04, 0x00, 0x00, 
    0x06, 0x30, 0x00, 0x00, 0x00, 0x00, 0x00, 0x00, 0x04, 0x20, 0x00, 0x00, 0x2c, 0x2c, 0x4c, 0x00, 
    0x07, 0x30, 0x00, 0x00, 0x00, 0x00, 0x00, 0x00, 0x04, 0x20, 0x00, 0x00, 0x00, 0x24, 0x24, 0x00, 
    0x05, 0x30, 0x00, 0x00, 0x00, 0x00, 0x00, 0x00, 0x04, 0x20, 0x00, 0x00, 0x00, 0x00, 0x04, 0x00, 
    0x06, 0x30, 0x00, 0x00, 0x00, 0x00, 0x00, 0x00, 0x04, 0x20, 0x00, 0x00, 0x04, 0x04, 0x00, 0x00, 
    0x0e, 0x30, 0x00, 0x00, 0x00, 0x00, 0x00, 0x00, 0x20, 0x20, 0x00, 0x00, 0x00, 0x00, 0x04, 0x04, 
    0x4c, 0x04, 0x04, 0x04, 0x08, 0x04, 0x54, 0x78, 0x08, 0x28, 0x28, 0x28, 0x28, 0x28, 0x9d, 0x9d, 
    0x28, 0x04, 0x24, 0x04, 0x04, 0x04, 0x00, 0x00, 0x00, 0x00, 0x04, 0x00, 0x06, 0x30, 0x00, 0x00, 
    0x00, 0x00, 0x00, 0x00, 0x10, 0x20, 0x00, 0x00, 0x00, 0x00, 0x00, 0x04, 0x04, 0x04, 0x08, 0x08, 
    0x78, 0x78, 0x99, 0x08, 0x04, 0x04, 0x04, 0x04, 0x28, 0x30, 0x00, 0x00, 0x00, 0x00, 0x00, 0x00, 
    0x2f, 0x30, 0x00, 0x00, 0x00, 0x00, 0x00, 0x00, 0x08, 0x20, 0x00, 0x00, 0x04, 0x04, 0x99, 0x04, 
    0x00, 0x00, 0x00, 0x04, 0x05, 0x30, 0x00, 0x00, 0x00, 0x00, 0x00, 0x00, 0x08, 0x20, 0x00, 0x00, 
    0x00, 0x00, 0x00, 0x04, 0x4c, 0x04, 0x00, 0x00, 0x2a, 0x30, 0x00, 0x00, 0x00, 0x00, 0x00, 0x00, 
    0x08, 0x20, 0x00, 0x00, 0x04, 0x04, 0x50, 0x50, 0x04, 0x04, 0x00, 0x00, 0x06, 0x30, 0x00, 0x00, 
    0x00, 0x00, 0x00, 0x00, 0x04, 0x20, 0x00, 0x00, 0x00, 0x48, 0x00, 0x00, 0x06, 0x30, 0x00, 0x00, 
    0x00, 0x00, 0x00, 0x00, 0x08, 0x20, 0x00, 0x00, 0x00, 0x00, 0x00, 0x24, 0x24, 0x00, 0x00, 0x00, 
    0x05, 0x30, 0x00, 0x00, 0x00, 0x00, 0x00, 0x00, 0x04, 0x20, 0x00, 0x00, 0x00, 0x00, 0x04, 0x00, 
    0x06, 0x30, 0x00, 0x00, 0x00, 0x00, 0x00, 0x00, 0x04, 0x20, 0x00, 0x00, 0x00, 0x00, 0x04, 0x00, 
    0x0e, 0x30, 0x00, 0x00, 0x00, 0x00, 0x00, 0x00, 0x1c, 0x20, 0x00, 0x00, 0x00, 0x00, 0x00, 0x04, 
    0x04, 0x4c, 0x4c, 0x08, 0x08, 0x08, 0x78, 0x78, 0x08, 0x28, 0x28, 0x28, 0x08, 0x08, 0x9d, 0x9d, 
    0x28, 0x08, 0x08, 0x04, 0x04, 0x04, 0x00, 0x00, 0x08, 0x30, 0x00, 0x00, 0x00, 0x00, 0x00, 0x00, 
    0x0c, 0x20, 0x00, 0x00, 0x04, 0x04, 0x04, 0x04, 0x08, 0x99, 0x78, 0x78, 0x04, 0x04, 0x04, 0x04, 
    0x28, 0x30, 0x00, 0x00, 0x00, 0x00, 0x00, 0x00, 0x2f, 0x30, 0x00, 0x00, 0x00, 0x00, 0x00, 0x00, 
    0x08, 0x20, 0x00, 0x00, 0x04, 0x99, 0x04, 0x04, 0x00, 0x00, 0x00, 0x04, 0x06, 0x30, 0x00, 0x00, 
    0x00, 0x00, 0x00, 0x00, 0x04, 0x20, 0x00, 0x00, 0x04, 0x4c, 0x00, 0x00, 0x2a, 0x30, 0x00, 0x00, 
    0x00, 0x00, 0x00, 0x00, 0x08, 0x20, 0x00, 0x00, 0x04, 0x04, 0x30, 0x50, 0x51, 0x04, 0x04, 0x00, 
    0x0d, 0x30, 0x00, 0x00, 0x00, 0x00, 0x00, 0x00, 0x04, 0x20, 0x00, 0x00, 0x00, 0x28, 0x24, 0x00, 
    0x06, 0x30, 0x00, 0x00, 0x00, 0x00, 0x00, 0x00, 0x04, 0x20, 0x00, 0x00, 0x00, 0x00, 0x00, 0x04, 
    0x06, 0x30, 0x00, 0x00, 0x00, 0x00, 0x00, 0x00, 0x08, 0x20, 0x00, 0x00, 0x00, 0x00, 0x00, 0x04, 
    0x04, 0x00, 0x00, 0x00, 0x0d, 0x30, 0x00, 0x00, 0x00, 0x00, 0x00, 0x00, 0x1c, 0x20, 0x00, 0x00, 
    0x00, 0x00, 0x00, 0x04, 0x04, 0x04, 0x04, 0x4c, 0x08, 0x04, 0x54, 0x78, 0x28, 0x28, 0x28, 0x28, 
    0x28, 0x2c, 0xbd, 0x2c, 0x28, 0x08, 0x08, 0x04, 0x04, 0x04, 0x00, 0x00, 0x08, 0x30, 0x00, 0x00, 
    0x00, 0x00, 0x00, 0x00, 0x0c, 0x20, 0x00, 0x00, 0x00, 0x04, 0x04, 0x04, 0x08, 0x08, 0x78, 0x78, 
    0x24, 0x04, 0x04, 0x04, 0x28, 0x30, 0x00, 0x00, 0x00, 0x00, 0x00, 0x00, 0x2f, 0x30, 0x00, 0x00, 
    0x00, 0x00, 0x00, 0x00, 0x08, 0x20, 0x00, 0x00, 0x75, 0x04, 0x00, 0x00, 0x00, 0x00, 0x04, 0x00, 
    0x06, 0x30, 0x00, 0x00, 0x00, 0x00, 0x00, 0x00, 0x04, 0x20, 0x00, 0x00, 0x00, 0x4c, 0x00, 0x00, 
    0x2a, 0x30, 0x00, 0x00, 0x00, 0x00, 0x00, 0x00, 0x08, 0x20, 0x00, 0x00, 0x04, 0x04, 0x04, 0x4c, 
    0x4c, 0x04, 0x04, 0x00, 0x0d, 0x30, 0x00, 0x00, 0x00, 0x00, 0x00, 0x00, 0x04, 0x20, 0x00, 0x00, 
    0x24, 0x00, 0x00, 0x00, 0x07, 0x30, 0x00, 0x00, 0x00, 0x00, 0x00, 0x00, 0x04, 0x20, 0x00, 0x00, 
    0x04, 0x00, 0x00, 0x00, 0x06, 0x30, 0x00, 0x00, 0x00, 0x00, 0x00, 0x00, 0x04, 0x20, 0x00, 0x00, 
    0x00, 0x04, 0x00, 0x00, 0x0e, 0x30, 0x00, 0x00, 0x00, 0x00, 0x00, 0x00, 0x14, 0x20, 0x00, 0x00, 
    0x00, 0x04, 0x04, 0x04, 0x4c, 0x08, 0x08, 0x75, 0x08, 0x08, 0x28, 0x28, 0x2c, 0x9d, 0xbd, 0x0c, 
    0x28, 0x04, 0x04, 0x04, 0x09, 0x30, 0x00, 0x00, 0x00, 0x00, 0x00, 0x00, 0x10, 0x20, 0x00, 0x00, 
    0x00, 0x00, 0x04, 0x04, 0x04, 0x04, 0x78, 0x78, 0x78, 0x08, 0x04, 0x04, 0x04, 0x00, 0x00, 0x00, 
    0x27, 0x30, 0x00, 0x00, 0x00, 0x00, 0x00, 0x00, 0x2e, 0x30, 0x00, 0x00, 0x00, 0x00, 0x00, 0x00, 
    0x0c, 0x20, 0x00, 0x00, 0x00, 0x00, 0x00, 0x04, 0x75, 0x04, 0x00, 0x00, 0x00, 0x00, 0x04, 0x00, 
    0x06, 0x30, 0x00, 0x00, 0x00, 0x00, 0x00, 0x00, 0x04, 0x20, 0x00, 0x00, 0x00, 0x04, 0x4c, 0x04, 
    0x2a, 0x30, 0x00, 0x00, 0x00, 0x00, 0x00, 0x00, 0x08, 0x20, 0x00, 0x00, 0x04, 0x04, 0x04, 0x4c, 
    0x2c, 0x04, 0x04, 0x00, 0x0c, 0x30, 0x00, 0x00, 0x00, 0x00, 0x00, 0x00, 0x04, 0x20, 0x00, 0x00, 
    0x00, 0x00, 0x28, 0x24, 0x08, 0x30, 0x00, 0x00, 0x00, 0x00, 0x00, 0x00, 0x04, 0x20, 0x00, 0x00, 
    0x00, 0x04, 0x00, 0x00, 0x06, 0x30, 0x00, 0x00, 0x00, 0x00, 0x00, 0x00, 0x04, 0x20, 0x00, 0x00, 
    0x00, 0x00, 0x04, 0x00, 0x0e, 0x30, 0x00, 0x00, 0x00, 0x00, 0x00, 0x00, 0x14, 0x20, 0x00, 0x00, 
    0x00, 0x04, 0x04, 0x04, 0x08, 0x50, 0x50, 0x75, 0x99, 0x2c, 0x28, 0x28, 0x2c, 0xbd, 0xbd, 0x0c, 
    0x28, 0x04, 0x04, 0x04, 0x09, 0x30, 0x00, 0x00, 0x00, 0x00, 0x00, 0x00, 0x10, 0x20, 0x00, 0x00, 
    0x00, 0x00, 0x00, 0x04, 0x04, 0x04, 0x08, 0x78, 0x78, 0x78, 0x04, 0x04, 0x04, 0x04, 0x00, 0x00, 
    0x27, 0x30, 0x00, 0x00, 0x00, 0x00, 0x00, 0x00, 0x2e, 0x30, 0x00, 0x00, 0x00, 0x00, 0x00, 0x00, 
    0x0c, 0x20, 0x00, 0x00, 0x00, 0x00, 0x04, 0x75, 0x04, 0x04, 0x04, 0x00, 0x00, 0x04, 0x00, 0x00, 
    0x06, 0x30, 0x00, 0x00, 0x00, 0x00, 0x00, 0x00, 0x04, 0x20, 0x00, 0x00, 0x00, 0x00, 0x00, 0x4c, 
    0x2a, 0x30, 0x00, 0x00, 0x00, 0x00, 0x00, 0x00, 0x08, 0x20, 0x00, 0x00, 0x00, 0x00, 0x04, 0x04, 
    0x30, 0x04, 0x04, 0x00, 0x0c, 0x30, 0x00, 0x00, 0x00, 0x00, 0x00, 0x00, 0x04, 0x20, 0x00, 0x00, 
    0x00, 0x28, 0x00, 0x00, 0x08, 0x30, 0x00, 0x00, 0x00, 0x00, 0x00, 0x00, 0x04, 0x20, 0x00, 0x00, 
    0x00, 0x04, 0x00, 0x00, 0x06, 0x30, 0x00, 0x00, 0x00, 0x00, 0x00, 0x00, 0x08, 0x20, 0x00, 0x00, 
    0x00, 0x00, 0x00, 0x04, 0x04, 0x00, 0x00, 0x00, 0x0d, 0x30, 0x00, 0x00, 0x00, 0x00, 0x00, 0x00, 
    0x14, 0x20, 0x00, 0x00, 0x00, 0x04, 0x04, 0x04, 0x08, 0x08, 0x08, 0x50, 0x78, 0x0c, 0x2c, 0x2c, 
    0x2c, 0x9d, 0xbd, 0x08, 0x28, 0x04, 0x04, 0x04, 0x09, 0x30, 0x00, 0x00, 0x00, 0x00, 0x00, 0x00, 
    0x10, 0x20, 0x00, 0x00, 0x00, 0x00, 0x00, 0x04, 0x04, 0x04, 0x04, 0x08, 0x78, 0x78, 0x08, 0x08, 
    0x04, 0x04, 0x04, 0x00, 0x27, 0x30, 0x00, 0x00, 0x00, 0x00, 0x00, 0x00, 0x2e, 0x30, 0x00, 0x00, 
    0x00, 0x00, 0x00, 0x00, 0x0c, 0x20, 0x00, 0x00, 0x00, 0x00, 0x75, 0x04, 0x04, 0x04, 0x00, 0x00, 
    0x00, 0x04, 0x00, 0x00, 0x07, 0x30, 0x00, 0x00, 0x00, 0x00, 0x00, 0x00, 0x04, 0x20, 0x00, 0x00, 
    0x4c, 0x00, 0x00, 0x00, 0x29, 0x30, 0x00, 0x00, 0x00, 0x00, 0x00, 0x00, 0x08, 0x20, 0x00, 0x00, 
    0x00, 0x00, 0x04, 0x04, 0x30, 0x30, 0x04, 0x04, 0x0b, 0x30, 0x00, 0x00, 0x00, 0x00, 0x00, 0x00, 
    0x08, 0x20, 0x00, 0x00, 0x00, 0x00, 0x00, 0x24, 0x28, 0x00, 0x00, 0x00, 0x08, 0x30, 0x00, 0x00, 
    0x00, 0x00, 0x00, 0x00, 0x04, 0x20, 0x00, 0x00, 0x00, 0x00, 0x04, 0x00, 0x07, 0x30, 0x00, 0x00, 
    0x00, 0x00, 0x00, 0x00, 0x04, 0x20, 0x00, 0x00, 0x00, 0x04, 0x00, 0x00, 0x0d, 0x30, 0x00, 0x00, 
    0x00, 0x00, 0x00, 0x00, 0x14, 0x20, 0x00, 0x00, 0x00, 0x00, 0x04, 0x04, 0x08, 0x08, 0x0c, 0x75, 
    0x54, 0x0c, 0x2c, 0x2c, 0x2c, 0xbd, 0x2c, 0x08, 0x28, 0x04, 0x04, 0x04, 0x09, 0x30, 0x00, 0x00, 
    0x00, 0x00, 0x00, 0x00, 0x10, 0x20, 0x00, 0x00, 0x00, 0x00, 0x00, 0x04, 0x04, 0x04, 0x08, 0x08, 
    0x78, 0x78, 0x99, 0x08, 0x04, 0x04, 0x04, 0x00, 0x27, 0x30, 0x00, 0x00, 0x00, 0x00, 0x00, 0x00, 
    0x2e, 0x30, 0x00, 0x00, 0x00, 0x00, 0x00, 0x00, 0x0c, 0x20, 0x00, 0x00, 0x04, 0x04, 0x99, 0x04, 
    0x04, 0x00, 0x00, 0x04, 0x04, 0x00, 0x00, 0x00, 0x07, 0x30, 0x00, 0x00, 0x00, 0x00, 0x00, 0x00, 
    0x04, 0x20, 0x00, 0x00, 0x04, 0x4c, 0x00, 0x00, 0x29, 0x30, 0x00, 0x00, 0x00, 0x00, 0x00, 0x00, 
    0x08, 0x20, 0x00, 0x00, 0x00, 0x00, 0x04, 0x00, 0x30, 0x30, 0x04, 0x04, 0x0b, 0x30, 0x00, 0x00, 
    0x00, 0x00, 0x00, 0x00, 0x04, 0x20, 0x00, 0x00, 0x00, 0x00, 0x28, 0x00, 0x09, 0x30, 0x00, 0x00, 
    0x00, 0x00, 0x00, 0x00, 0x04, 0x20, 0x00, 0x00, 0x00, 0x00, 0x00, 0x04, 0x07, 0x30, 0x00, 0x00, 
    0x00, 0x00, 0x00, 0x00, 0x04, 0x20, 0x00, 0x00, 0x00, 0x00, 0x04, 0x04, 0x0d, 0x30, 0x00, 0x00, 
    0x00, 0x00, 0x00, 0x00, 0x14, 0x20, 0x00, 0x00, 0x00, 0x00, 0x04, 0x04, 0x04, 0x04, 0x08, 0x99, 
    0x78, 0x54, 0x75, 0x2c, 0x9d, 0x9d, 0x28, 0x28, 0x24, 0x04, 0x04, 0x04, 0x0a, 0x30, 0x00, 0x00, 
    0x00, 0x00, 0x00, 0x00, 0x10, 0x20, 0x00, 0x00, 0x04, 0x04, 0x08, 0x50, 0x08, 0x75, 0x78, 0x78, 
    0x08, 0x08, 0x04, 0x04, 0x04, 0x00, 0x00, 0x00, 0x26, 0x30, 0x00, 0x00, 0x00, 0x00, 0x00, 0x00, 
    0x2e, 0x30, 0x00, 0x00, 0x00, 0x00, 0x00, 0x00, 0x08, 0x20, 0x00, 0x00, 0x04, 0x99, 0x04, 0x04, 
    0x00, 0x00, 0x00, 0x04, 0x08, 0x30, 0x00, 0x00, 0x00, 0x00, 0x00, 0x00, 0x04, 0x20, 0x00, 0x00, 
    0x04, 0x4c, 0x00, 0x00, 0x2a, 0x30, 0x00, 0x00, 0x00, 0x00, 0x00, 0x00, 0x04, 0x20, 0x00, 0x00, 
    0x04, 0x30, 0x04, 0x04, 0x0b, 0x30, 0x00, 0x00, 0x00, 0x00, 0x00, 0x00, 0x04, 0x20, 0x00, 0x00, 
    0x28, 0x28, 0x00, 0x00, 0x09, 0x30, 0x00, 0x00, 0x00, 0x00, 0x00, 0x00, 0x04, 0x20, 0x00, 0x00, 
    0x00, 0x00, 0x00, 0x04, 0x08, 0x30, 0x00, 0x00, 0x00, 0x00, 0x00, 0x00, 0x04, 0x20, 0x00, 0x00, 
    0x04, 0x00, 0x00, 0x00, 0x0c, 0x30, 0x00, 0x00, 0x00, 0x00, 0x00, 0x00, 0x14, 0x20, 0x00, 0x00, 
    0x00, 0x00, 0x00, 0x04, 0x04, 0x04, 0x08, 0x08, 0x78, 0x7c, 0x2c, 0x75, 0x9d, 0x9d, 0x28, 0x28, 
    0x24, 0x04, 0x04, 0x04, 0x0a, 0x30, 0x00, 0x00, 0x00, 0x00, 0x00, 0x00, 0x10, 0x20, 0x00, 0x00, 
    0x04, 0x04, 0x30, 0x30, 0x50, 0x08, 0x78, 0x78, 0x99, 0x08, 0x04, 0x04, 0x04, 0x04, 0x00, 0x00, 
    0x26, 0x30, 0x00, 0x00, 0x00, 0x00, 0x00, 0x00, 0x2e, 0x30, 0x00, 0x00, 0x00, 0x00, 0x00, 0x00, 
    0x08, 0x20, 0x00, 0x00, 0x04, 0x75, 0x00, 0x00, 0x00, 0x00, 0x00, 0x04, 0x08, 0x30, 0x00, 0x00, 
    0x00, 0x00, 0x00, 0x00, 0x04, 0x20, 0x00, 0x00, 0x00, 0x00, 0x4c, 0x00, 0x2a, 0x30, 0x00, 0x00, 
    0x00, 0x00, 0x00, 0x00, 0x04, 0x20, 0x00, 0x00, 0x04, 0x4c, 0x4c, 0x04, 0x0a, 0x30, 0x00, 0x00, 
    0x00, 0x00, 0x00, 0x00, 0x04, 0x20, 0x00, 0x00, 0x00, 0x00, 0x00, 0x28, 0x0b, 0x30, 0x00, 0x00, 
    0x00, 0x00, 0x00, 0x00, 0x04, 0x20, 0x00, 0x00, 0x04, 0x00, 0x00, 0x00, 0x07, 0x30, 0x00, 0x00, 
    0x00, 0x00, 0x00, 0x00, 0x04, 0x20, 0x00, 0x00, 0x00, 0x04, 0x04, 0x00, 0x0c, 0x30, 0x00, 0x00, 
    0x00, 0x00, 0x00, 0x00, 0x14, 0x20, 0x00, 0x00, 0x00, 0x00, 0x04, 0x04, 0x04, 0x04, 0x08, 0x28, 
    0x78, 0x7c, 0x2c, 0x30, 0x9d, 0x9d, 0x28, 0x28, 0x24, 0x04, 0x04, 0x04, 0x0a, 0x30, 0x00, 0x00, 
    0x00, 0x00, 0x00, 0x00, 0x10, 0x20, 0x00, 0x00, 0x00, 0x00, 0x04, 0x51, 0x04, 0x04, 0x08, 0x99, 
    0x78, 0x78, 0x08, 0x04, 0x04, 0x04, 0x00, 0x00, 0x26, 0x30, 0x00, 0x00, 0x00, 0x00, 0x00, 0x00, 
    0x2d, 0x30, 0x00, 0x00, 0x00, 0x00, 0x00, 0x00, 0x0c, 0x20, 0x00, 0x00, 0x00, 0x00, 0x00, 0x04, 
    0x75, 0x04, 0x00, 0x00, 0x00, 0x00, 0x04, 0x00, 0x03, 0x30, 0x00, 0x00, 0x00, 0x00, 0x00, 0x00, 
    0x08, 0x20, 0x00, 0x00, 0x00, 0x00, 0x00, 0x04, 0x04, 0x04, 0x00, 0x00, 0x03, 0x30, 0x00, 0x00, 
    0x00, 0x00, 0x00, 0x00, 0x08, 0x20, 0x00, 0x00, 0x00, 0x00, 0x04, 0x4c, 0x4c, 0x00, 0x00, 0x00, 
    0x29, 0x30, 0x00, 0x00, 0x00, 0x00, 0x00, 0x00, 0x04, 0x20, 0x00, 0x00, 0x04, 0x4c, 0x4c, 0x04, 
    0x0a, 0x30, 0x00, 0x00, 0x00, 0x00, 0x00, 0x00, 0x04, 0x20, 0x00, 0x00, 0x00, 0x24, 0x24, 0x00, 
    0x0b, 0x30, 0x00, 0x00, 0x00, 0x00, 0x00, 0x00, 0x04, 0x20, 0x00, 0x00, 0x00, 0x04, 0x00, 0x00, 
    0x07, 0x30, 0x00, 0x00, 0x00, 0x00, 0x00, 0x00, 0x08, 0x20, 0x00, 0x00, 0x00, 0x00, 0x00, 0x04, 
    0x04, 0x00, 0x00, 0x00, 0x0b, 0x30, 0x00, 0x00, 0x00, 0x00, 0x00, 0x00, 0x14, 0x20, 0x00, 0x00, 
    0x00, 0x00, 0x00, 0x04, 0x04, 0x04, 0x08, 0x28, 0x78, 0x7c, 0x2c, 0x2c, 0x9d, 0x9d, 0x28, 0x08, 
    0x24, 0x04, 0x04, 0x04, 0x0a, 0x30, 0x00, 0x00, 0x00, 0x00, 0x00, 0x00, 0x10, 0x20, 0x00, 0x00, 
    0x00, 0x00, 0x04, 0x04, 0x04, 0x04, 0x08, 0x08, 0x78, 0x78, 0x08, 0x04, 0x04, 0x04, 0x00, 0x00, 
    0x26, 0x30, 0x00, 0x00, 0x00, 0x00, 0x00, 0x00, 0x2d, 0x30, 0x00, 0x00, 0x00, 0x00, 0x00, 0x00, 
    0x0c, 0x20, 0x00, 0x00, 0x00, 0x00, 0x04, 0x75, 0x04, 0x04, 0x00, 0x00, 0x00, 0x00, 0x24, 0x00, 
    0x03, 0x30, 0x00, 0x00, 0x00, 0x00, 0x00, 0x00, 0x08, 0x20, 0x00, 0x00, 0x00, 0x00, 0x04, 0x04, 
    0x04, 0x04, 0x04, 0x04, 0x04, 0x30, 0x00, 0x00, 0x00, 0x00, 0x00, 0x00, 0x04, 0x20, 0x00, 0x00, 
    0x00, 0x4c, 0x00, 0x00, 0x29, 0x30, 0x00, 0x00, 0x00, 0x00, 0x00, 0x00, 0x04, 0x20, 0x00, 0x00, 
    0x04, 0x4c, 0x2c, 0x04, 0x0a, 0x30, 0x00, 0x00, 0x00, 0x00, 0x00, 0x00, 0x04, 0x20, 0x00, 0x00, 
    0x28, 0x00, 0x00, 0x00, 0x0b, 0x30, 0x00, 0x00, 0x00, 0x00, 0x00, 0x00, 0x04, 0x20, 0x00, 0x00, 
    0x00, 0x04, 0x00, 0x00, 0x08, 0x30, 0x00, 0x00, 0x00, 0x00, 0x00, 0x00, 0x04, 0x20, 0x00, 0x00, 
    0x00, 0x04, 0x00, 0x00, 0x0b, 0x30, 0x00, 0x00, 0x00, 0x00, 0x00, 0x00, 0x14, 0x20, 0x00, 0x00, 
    0x00, 0x00, 0x00, 0x04, 0x04, 0x04, 0x08, 0x28, 0x78, 0x7c, 0x2c, 0xbd, 0x9d, 0x54, 0x2c, 0x08, 
    0x24, 0x04, 0x04, 0x04, 0x0b, 0x30, 0x00, 0x00, 0x00, 0x00, 0x00, 0x00, 0x0c, 0x20, 0x00, 0x00, 
    0x04, 0x04, 0x04, 0x24, 0x78, 0x78, 0x78, 0x08, 0x04, 0x04, 0x04, 0x00, 0x26, 0x30, 0x00, 0x00, 
    0x00, 0x00, 0x00, 0x00, 0x2d, 0x30, 0x00, 0x00, 0x00, 0x00, 0x00, 0x00, 0x0c, 0x20, 0x00, 0x00, 
    0x00, 0x00, 0x75, 0x04, 0x04, 0x04, 0x00, 0x00, 0x00, 0x04, 0x00, 0x00, 0x03, 0x30, 0x00, 0x00, 
    0x00, 0x00, 0x00, 0x00, 0x0c, 0x20, 0x00, 0x00, 0x00, 0x04, 0x04, 0x24, 0x04, 0x04, 0x24, 0x04, 
    0x04, 0x00, 0x00, 0x00, 0x03, 0x30, 0x00, 0x00, 0x00, 0x00, 0x00, 0x00, 0x04, 0x20, 0x00, 0x00, 
    0x00, 0x00, 0x4c, 0x00, 0x18, 0x30, 0x00, 0x00, 0x00, 0x00, 0x00, 0x00, 0x04, 0x20, 0x00, 0x00, 
    0x28, 0x00, 0x00, 0x00, 0x10, 0x30, 0x00, 0x00, 0x00, 0x00, 0x00, 0x00, 0x04, 0x20, 0x00, 0x00, 
    0x04, 0x04, 0x2c, 0x04, 0x09, 0x30, 0x00, 0x00, 0x00, 0x00, 0x00, 0x00, 0x04, 0x20, 0x00, 0x00, 
    0x00, 0x00, 0x24, 0x24, 0x0c, 0x30, 0x00, 0x00, 0x00, 0x00, 0x00, 0x00, 0x04, 0x20, 0x00, 0x00, 
    0x00, 0x00, 0x04, 0x00, 0x08, 0x30, 0x00, 0x00, 0x00, 0x00, 0x00, 0x00, 0x04, 0x20, 0x00, 0x00, 
    0x00, 0x00, 0x24, 0x00, 0x0b, 0x30, 0x00, 0x00, 0x00, 0x00, 0x00, 0x00, 0x14, 0x20, 0x00, 0x00, 
    0x00, 0x00, 0x00, 0x04, 0x04, 0x04, 0x08, 0x28, 0x54, 0x7c, 0x2c, 0xbd, 0x9d, 0x2c, 0x51, 0x08, 
    0x24, 0x04, 0x04, 0x04, 0x0b, 0x30, 0x00, 0x00, 0x00, 0x00, 0x00, 0x00, 0x0c, 0x20, 0x00, 0x00, 
    0x04, 0x04, 0x04, 0x04, 0x08, 0x78, 0x78, 0x78, 0x04, 0x04, 0x04, 0x04, 0x26, 0x30, 0x00, 0x00, 
    0x00, 0x00, 0x00, 0x00, 0x2d, 0x30, 0x00, 0x00, 0x00, 0x00, 0x00, 0x00, 0x0c, 0x20, 0x00, 0x00, 
    0x04, 0x04, 0x75, 0x04, 0x00, 0x00, 0x00, 0x00, 0x00, 0x04, 0x00, 0x00, 0x03, 0x30, 0x00, 0x00, 
    0x00, 0x00, 0x00, 0x00, 0x0c, 0x20, 0x00, 0x00, 0x04, 0x04, 0x28, 0x24, 0x28, 0x28, 0x28, 0x24, 
    0x24, 0x24, 0x04, 0x04, 0x03, 0x30, 0x00, 0x00, 0x00, 0x00, 0x00, 0x00, 0x04, 0x20, 0x00, 0x00, 
    0x00, 0x00, 0x4c, 0x00, 0x17, 0x30, 0x00, 0x00, 0x00, 0x00, 0x00, 0x00, 0x08, 0x20, 0x00, 0x00, 
    0x00, 0x00, 0x00, 0x28, 0x28, 0x28, 0x00, 0x00, 0x10, 0x30, 0x00, 0x00, 0x00, 0x00, 0x00, 0x00, 
    0x04, 0x20, 0x00, 0x00, 0x00, 0x04, 0x2c, 0x2c, 0x09, 0x30, 0x00, 0x00, 0x00, 0x00, 0x00, 0x00, 
    0x04, 0x20, 0x00, 0x00, 0x00, 0x28, 0x00, 0x00, 0x0c, 0x30, 0x00, 0x00, 0x00, 0x00, 0x00, 0x00, 
    0x04, 0x20, 0x00, 0x00, 0x00, 0x00, 0x04, 0x00, 0x08, 0x30, 0x00, 0x00, 0x00, 0x00, 0x00, 0x00, 
    0x08, 0x20, 0x00, 0x00, 0x00, 0x00, 0x00, 0x24, 0x00, 0x04, 0x00, 0x00, 0x06, 0x30, 0x00, 0x00, 
    0x00, 0x00, 0x00, 0x00, 0x04, 0x20, 0x00, 0x00, 0x00, 0x28, 0x00, 0x00, 0x03, 0x30, 0x00, 0x00, 
    0x00, 0x00, 0x00, 0x00, 0x14, 0x20, 0x00, 0x00, 0x00, 0x00, 0x00, 0x04, 0x04, 0x04, 0x08, 0x28, 
    0x0c, 0x78, 0x7c, 0x9d, 0xbd, 0x0c, 0x08, 0x4c, 0x08, 0x08, 0x04, 0x04, 0x0b, 0x30, 0x00, 0x00, 
    0x00, 0x00, 0x00, 0x00, 0x0c, 0x20, 0x00, 0x00, 0x04, 0x04, 0x04, 0x04, 0x08, 0x04, 0x54, 0x78, 
    0x04, 0x08, 0x04, 0x04, 0x26, 0x30, 0x00, 0x00, 0x00, 0x00, 0x00, 0x00, 0x2d, 0x30, 0x00, 0x00, 
    0x00, 0x00, 0x00, 0x00, 0x0c, 0x20, 0x00, 0x00, 0x04, 0x75, 0x04, 0x04, 0x00, 0x00, 0x00, 0x00, 
    0x04, 0x00, 0x00, 0x00, 0x03, 0x30, 0x00, 0x00, 0x00, 0x00, 0x00, 0x00, 0x0c, 0x20, 0x00, 0x00, 
    0x04, 0x28, 0x28, 0x28, 0x28, 0x28, 0x28, 0x28, 0x28, 0x24, 0x04, 0x04, 0x03, 0x30, 0x00, 0x00, 
    0x00, 0x00, 0x00, 0x00, 0x04, 0x20, 0x00, 0x00, 0x00, 0x00, 0x00, 0x4c, 0x18, 0x30, 0x00, 0x00, 
    0x00, 0x00, 0x00, 0x00, 0x04, 0x20, 0x00, 0x00, 0x28, 0x00, 0x00, 0x00, 0x10, 0x30, 0x00, 0x00, 
    0x00, 0x00, 0x00, 0x00, 0x04, 0x20, 0x00, 0x00, 0x00, 0x00, 0x2c, 0x2c, 0x08, 0x30, 0x00, 0x00, 
    0x00, 0x00, 0x00, 0x00, 0x08, 0x20, 0x00, 0x00, 0x00, 0x00, 0x00, 0x28, 0x28, 0x00, 0x00, 0x00, 
    0x0c, 0x30, 0x00, 0x00, 0x00, 0x00, 0x00, 0x00, 0x04, 0x20, 0x00, 0x00, 0x00, 0x00, 0x00, 0x04, 
    0x09, 0x30, 0x00, 0x00, 0x00, 0x00, 0x00, 0x00, 0x04, 0x20, 0x00, 0x00, 0x04, 0x04, 0x04, 0x00, 
    0x06, 0x30, 0x00, 0x00, 0x00, 0x00, 0x00, 0x00, 0x04, 0x20, 0x00, 0x00, 0x28, 0x28, 0x28, 0x00, 
    0x03, 0x30, 0x00, 0x00, 0x00, 0x00, 0x00, 0x00, 0x14, 0x20, 0x00, 0x00, 0x00, 0x00, 0x00, 0x04, 
    0x04, 0x04, 0x08, 0x28, 0x0c, 0x78, 0x78, 0x9d, 0x2c, 0x0c, 0x08, 0x08, 0x4c, 0x4c, 0x04, 0x04, 
    0x0b, 0x30, 0x00, 0x00, 0x00, 0x00, 0x00, 0x00, 0x0c, 0x20, 0x00, 0x00, 0x00, 0x00, 0x04, 0x04, 
    0x04, 0x04, 0x78, 0x54, 0x99, 0x08, 0x04, 0x04, 0x26, 0x30, 0x00, 0x00, 0x00, 0x00, 0x00, 0x00, 
    0x2d, 0x30, 0x00, 0x00, 0x00, 0x00, 0x00, 0x00, 0x08, 0x20, 0x00, 0x00, 0x51, 0x04, 0x04, 0x00, 
    0x00, 0x00, 0x00, 0x24, 0x03, 0x30, 0x00, 0x00, 0x00, 0x00, 0x00, 0x00, 0x10, 0x20, 0x00, 0x00, 
    0x00, 0x00, 0x04, 0x04, 0x28, 0x28, 0x28, 0x48, 0xde, 0xff, 0xde, 0x28, 0x28, 0x24, 0x24, 0x04, 
    0x04, 0x30, 0x00, 0x00, 0x00, 0x00, 0x00, 0x00, 0x04, 0x20, 0x00, 0x00, 0x4c, 0x04, 0x00, 0x00, 
    0x28, 0x30, 0x00, 0x00, 0x00, 0x00, 0x00, 0x00, 0x08, 0x20, 0x00, 0x00, 0x00, 0x00, 0x04, 0x2c, 
    0x04, 0x00, 0x00, 0x00, 0x07, 0x30, 0x00, 0x00, 0x00, 0x00, 0x00, 0x00, 0x04, 0x20, 0x00, 0x00, 
    0x00, 0x00, 0x28, 0x00, 0x0d, 0x30, 0x00, 0x00, 0x00, 0x00, 0x00, 0x00, 0x04, 0x20, 0x00, 0x00, 
    0x00, 0x00, 0x00, 0x04, 0x09, 0x30, 0x00, 0x00, 0x00, 0x00, 0x00, 0x00, 0x04, 0x20, 0x00, 0x00, 
    0x00, 0x04, 0x04, 0x00, 0x06, 0x30, 0x00, 0x00, 0x00, 0x00, 0x00, 0x00, 0x04, 0x20, 0x00, 0x00, 
    0x00, 0x28, 0x00, 0x00, 0x03, 0x30, 0x00, 0x00, 0x00, 0x00, 0x00, 0x00, 0x14, 0x20, 0x00, 0x00, 
    0x00, 0x00, 0x00, 0x04, 0x04, 0x04, 0x08, 0x28, 0x0c, 0x75, 0x9d, 0x9d, 0x28, 0x28, 0x28, 0x08, 
    0x08, 0x04, 0x2c, 0x04, 0x0b, 0x30, 0x00, 0x00, 0x00, 0x00, 0x00, 0x00, 0x0c, 0x20, 0x00, 0x00, 
    0x00, 0x00, 0x00, 0x04, 0x04, 0x04, 0x08, 0x75, 0x54, 0x54, 0x04, 0x04, 0x26, 0x30, 0x00, 0x00, 
    0x00, 0x00, 0x00, 0x00, 0x2d, 0x30, 0x00, 0x00, 0x00, 0x00, 0x00, 0x00, 0x08, 0x20, 0x00, 0x00, 
    0x75, 0x04, 0x00, 0x00, 0x00, 0x00, 0x00, 0x24, 0x03, 0x30, 0x00, 0x00, 0x00, 0x00, 0x00, 0x00, 
    0x10, 0x20, 0x00, 0x00, 0x00, 0x00, 0x04, 0x04, 0x28, 0x28, 0x28, 0xff, 0xff, 0xff, 0xff, 0xff, 
    0x28, 0x28, 0x24, 0x04, 0x04, 0x30, 0x00, 0x00, 0x00, 0x00, 0x00, 0x00, 0x04, 0x20, 0x00, 0x00, 
    0x4c, 0x04, 0x00, 0x00, 0x28, 0x30, 0x00, 0x00, 0x00, 0x00, 0x00, 0x00, 0x08, 0x20, 0x00, 0x00, 
    0x00, 0x00, 0x04, 0x2c, 0x48, 0x04, 0x00, 0x00, 0x07, 0x30, 0x00, 0x00, 0x00, 0x00, 0x00, 0x00, 
    0x04, 0x20, 0x00, 0x00, 0x00, 0x28, 0x00, 0x00, 0x0e, 0x30, 0x00, 0x00, 0x00, 0x00, 0x00, 0x00, 
    0x04, 0x20, 0x00, 0x00, 0x04, 0x00, 0x00, 0x00, 0x08, 0x30, 0x00, 0x00, 0x00, 0x00, 0x00, 0x00, 
    0x04, 0x20, 0x00, 0x00, 0x00, 0x00, 0x00, 0x04, 0x0a, 0x30, 0x00, 0x00, 0x00, 0x00, 0x00, 0x00, 
    0x14, 0x20, 0x00, 0x00, 0x00, 0x00, 0x00, 0x04, 0x04, 0x04, 0x08, 0x28, 0x0c, 0x75, 0x9d, 0x0c, 
    0x28, 0x28, 0x28, 0x08, 0x04, 0x04, 0x04, 0x28, 0x0b, 0x30, 0x00, 0x00, 0x00, 0x00, 0x00, 0x00, 
    0x0c, 0x20, 0x00, 0x00, 0x00, 0x00, 0x00, 0x04, 0x04, 0x04, 0x08, 0x08, 0x54, 0x54, 0x04, 0x04, 
    0x26, 0x30, 0x00, 0x00, 0x00, 0x00, 0x00, 0x00, 0x2c, 0x30, 0x00, 0x00, 0x00, 0x00, 0x00, 0x00, 
    0x0c, 0x20, 0x00, 0x00, 0x00, 0x00, 0x04, 0x51, 0x04, 0x00, 0x00, 0x00, 0x00, 0x00, 0x24, 0x00, 
    0x03, 0x30, 0x00, 0x00, 0x00, 0x00, 0x00, 0x00, 0x10, 0x20, 0x00, 0x00, 0x00, 0x04, 0x04, 0x28, 
    0x28, 0x28, 0x2c, 0xff, 0xde, 0xde, 0xff, 0xff, 0x28, 0x28, 0x24, 0x04, 0x04, 0x30, 0x00, 0x00, 
    0x00, 0x00, 0x00, 0x00, 0x04, 0x20, 0x00, 0x00, 0x00, 0x4c, 0x00, 0x00, 0x28, 0x30, 0x00, 0x00, 
    0x00, 0x00, 0x00, 0x00, 0x08, 0x20, 0x00, 0x00, 0x00, 0x00, 0x04, 0x48, 0x48, 0x04, 0x00, 0x00, 
    0x07, 0x30, 0x00, 0x00, 0x00, 0x00, 0x00, 0x00, 0x04, 0x20, 0x00, 0x00, 0x28, 0x00, 0x00, 0x00, 
    0x0e, 0x30, 0x00, 0x00, 0x00, 0x00, 0x00, 0x00, 0x04, 0x20, 0x00, 0x00, 0x00, 0x04, 0x00, 0x00, 
    0x09, 0x30, 0x00, 0x00, 0x00, 0x00, 0x00, 0x00, 0x04, 0x20, 0x00, 0x00, 0x24, 0x00, 0x00, 0x00, 
    0x09, 0x30, 0x00, 0x00, 0x00, 0x00, 0x00, 0x00, 0x18, 0x20, 0x00, 0x00, 0x00, 0x00, 0x04, 0x04, 
    0x04, 0x04, 0x08, 0x28, 0x0c, 0x9d, 0xbd, 0x0c, 0x28, 0x28, 0x08, 0x04, 0x04, 0x04, 0x04, 0x00, 
    0x28, 0x04, 0x00, 0x00, 0x0b, 0x30, 0x00, 0x00, 0x00, 0x00, 0x00, 0x00, 0x0c, 0x20, 0x00, 0x00, 
    0x00, 0x04, 0x04, 0x04, 0x75, 0x75, 0x75, 0x08, 0x04, 0x00, 0x00, 0x00, 0x25, 0x30, 0x00, 0x00, 
    0x00, 0x00, 0x00, 0x00, 0x2c, 0x30, 0x00, 0x00, 0x00, 0x00, 0x00, 0x00, 0x0c, 0x20, 0x00, 0x00, 
    0x00, 0x00, 0x04, 0x51, 0x04, 0x04, 0x00, 0x00, 0x00, 0x00, 0x24, 0x00, 0x03, 0x30, 0x00, 0x00, 
    0x00, 0x00, 0x00, 0x00, 0x10, 0x20, 0x00, 0x00, 0x00, 0x04, 0x28, 0x24, 0x28, 0x48, 0x48, 0xff, 
    0xde, 0xde, 0xff, 0xde, 0x28, 0x28, 0x24, 0x04, 0x04, 0x30, 0x00, 0x00, 0x00, 0x00, 0x00, 0x00, 
    0x04, 0x20, 0x00, 0x00, 0x00, 0x00, 0x4c, 0x00, 0x28, 0x30, 0x00, 0x00, 0x00, 0x00, 0x00, 0x00, 
    0x08, 0x20, 0x00, 0x00, 0x00, 0x00, 0x04, 0x48, 0x4c, 0x04, 0x00, 0x00, 0x06, 0x30, 0x00, 0x00, 
    0x00, 0x00, 0x00, 0x00, 0x04, 0x20, 0x00, 0x00, 0x00, 0x00, 0x00, 0x28, 0x0f, 0x30, 0x00, 0x00, 
    0x00, 0x00, 0x00, 0x00, 0x04, 0x20, 0x00, 0x00, 0x00, 0x04, 0x00, 0x00, 0x09, 0x30, 0x00, 0x00, 
    0x00, 0x00, 0x00, 0x00, 0x04, 0x20, 0x00, 0x00, 0x00, 0x24, 0x24, 0x00, 0x09, 0x30, 0x00, 0x00, 
    0x00, 0x00, 0x00, 0x00, 0x18, 0x20, 0x00, 0x00, 0x00, 0x00, 0x04, 0x04, 0x04, 0x04, 0x28, 0x28, 
    0x0c, 0x9d, 0xbd, 0x0c, 0x28, 0x08, 0x08, 0x04, 0x04, 0x04, 0x04, 0x00, 0x04, 0x28, 0x00, 0x00, 
    0x0b, 0x30, 0x00, 0x00, 0x00, 0x00, 0x00, 0x00, 0x0c, 0x20, 0x00, 0x00, 0x00, 0x00, 0x04, 0x04, 
    0x08, 0x75, 0x75, 0x08, 0x04, 0x00, 0x00, 0x00, 0x25, 0x30, 0x00, 0x00, 0x00, 0x00, 0x00, 0x00, 
    0x2c, 0x30, 0x00, 0x00, 0x00, 0x00, 0x00, 0x00, 0x0c, 0x20, 0x00, 0x00, 0x00, 0x00, 0x51, 0x04, 
    0x00, 0x00, 0x00, 0x00, 0x00, 0x00, 0x24, 0x00, 0x03, 0x30, 0x00, 0x00, 0x00, 0x00, 0x00, 0x00, 
    0x10, 0x20, 0x00, 0x00, 0x04, 0x24, 0x04, 0x28, 0x28, 0x28, 0x2c, 0x9d, 0xde, 0xde, 0xff, 0x2c, 
    0x28, 0x28, 0x04, 0x04, 0x04, 0x30, 0x00, 0x00, 0x00, 0x00, 0x00, 0x00, 0x04, 0x20, 0x00, 0x00, 
    0x00, 0x00, 0x48, 0x00, 0x28, 0x30, 0x00, 0x00, 0x00, 0x00, 0x00, 0x00, 0x08, 0x20, 0x00, 0x00, 
    0x00, 0x00, 0x04, 0x4c, 0x4c, 0x04, 0x00, 0x00, 0x06, 0x30, 0x00, 0x00, 0x00, 0x00, 0x00, 0x00, 
    0x04, 0x20, 0x00, 0x00, 0x00, 0x28, 0x28, 0x00, 0x0f, 0x30, 0x00, 0x00, 0x00, 0x00, 0x00, 0x00, 
    0x04, 0x20, 0x00, 0x00, 0x00, 0x00, 0x04, 0x00, 0x09, 0x30, 0x00, 0x00, 0x00, 0x00, 0x00, 0x00, 
    0x04, 0x20, 0x00, 0x00, 0x00, 0x00, 0x00, 0x24, 0x09, 0x30, 0x00, 0x00, 0x00, 0x00, 0x00, 0x00, 
    0x18, 0x20, 0x00, 0x00, 0x00, 0x04, 0x04, 0x04, 0x04, 0x04, 0x08, 0x28, 0x0c, 0x9d, 0x2c, 0x0c, 
    0x28, 0x08, 0x04, 0x04, 0x04, 0x04, 0x00, 0x00, 0x00, 0x00, 0x28, 0x04, 0x0b, 0x30, 0x00, 0x00, 
    0x00, 0x00, 0x00, 0x00, 0x0c, 0x20, 0x00, 0x00, 0x00, 0x00, 0x00, 0x04, 0x04, 0x04, 0x54, 0x54, 
    0x04, 0x04, 0x00, 0x00, 0x25, 0x30, 0x00, 0x00, 0x00, 0x00, 0x00, 0x00, 0x2c, 0x30, 0x00, 0x00, 
    0x00, 0x00, 0x00, 0x00, 0x0c, 0x20, 0x00, 0x00, 0x00, 0x00, 0x75, 0x04, 0x00, 0x00, 0x00, 0x00, 
    0x00, 0x24, 0x00, 0x00, 0x03, 0x30, 0x00, 0x00, 0x00, 0x00, 0x00, 0x00, 0x10, 0x20, 0x00, 0x00, 
    0x24, 0x04, 0x04, 0x28, 0x28, 0x28, 0x9d, 0x9d, 0xbd, 0x2c, 0x2c, 0x28, 0x28, 0x28, 0x04, 0x04, 
    0x04, 0x30, 0x00, 0x00, 0x00, 0x00, 0x00, 0x00, 0x04, 0x20, 0x00, 0x00, 0x00, 0x00, 0x00, 0x48, 
    0x15, 0x30, 0x00, 0x00, 0x00, 0x00, 0x00, 0x00, 0x04, 0x20, 0x00, 0x00, 0x04, 0x00, 0x00, 0x00, 
    0x12, 0x30, 0x00, 0x00, 0x00, 0x00, 0x00, 0x00, 0x08, 0x20, 0x00, 0x00, 0x00, 0x00, 0x04, 0x4c, 
    0x2c, 0x04, 0x00, 0x00, 0x06, 0x30, 0x00, 0x00, 0x00, 0x00, 0x00, 0x00, 0x04, 0x20, 0x00, 0x00, 
    0x28, 0x00, 0x00, 0x00, 0x0f, 0x30, 0x00, 0x00, 0x00, 0x00, 0x00, 0x00, 0x04, 0x20, 0x00, 0x00, 
    0x00, 0x00, 0x04, 0x00, 0x0a, 0x30, 0x00, 0x00, 0x00, 0x00, 0x00, 0x00, 0x04, 0x20, 0x00, 0x00, 
    0x24, 0x24, 0x00, 0x00, 0x08, 0x30, 0x00, 0x00, 0x00, 0x00, 0x00, 0x00, 0x18, 0x20, 0x00, 0x00, 
    0x24, 0x04, 0x04, 0x04, 0x04, 0x24, 0x08, 0x28, 0x9d, 0x9d, 0x75, 0x08, 0x28, 0x08, 0x04, 0x04, 
    0x04, 0x04, 0x00, 0x00, 0x00, 0x00, 0x04, 0x28, 0x0b, 0x30, 0x00, 0x00, 0x00, 0x00, 0x00, 0x00, 
    0x0c, 0x20, 0x00, 0x00, 0x00, 0x00, 0x00, 0x04, 0x04, 0x04, 0x54, 0x54, 0x04, 0x04, 0x00, 0x00, 
    0x25, 0x30, 0x00, 0x00, 0x00, 0x00, 0x00, 0x00, 0x2c, 0x30, 0x00, 0x00, 0x00, 0x00, 0x00, 0x00, 
    0x0c, 0x20, 0x00, 0x00, 0x04, 0x51, 0x04, 0x04, 0x00, 0x00, 0x00, 0x00, 0x00, 0x24, 0x00, 0x00, 
    0x02, 0x30, 0x00, 0x00, 0x00, 0x00, 0x00, 0x00, 0x14, 0x20, 0x00, 0x00, 0x00, 0x00, 0x00, 0x04, 
    0x04, 0x04, 0x04, 0x24, 0x08, 0x2c, 0x9d, 0x9d, 0x2c, 0x28, 0x28, 0x28, 0x28, 0x04, 0x04, 0x00, 
    0x05, 0x30, 0x00, 0x00, 0x00, 0x00, 0x00, 0x00, 0x04, 0x20, 0x00, 0x00, 0x48, 0x00, 0x00, 0x00, 
    0x13, 0x30, 0x00, 0x00, 0x00, 0x00, 0x00, 0x00, 0x08, 0x20, 0x00, 0x00, 0x00, 0x00, 0x00, 0x04, 
    0x04, 0x04, 0x00, 0x00, 0x13, 0x30, 0x00, 0x00, 0x00, 0x00, 0x00, 0x00, 0x0c, 0x20, 0x00, 0x00, 
    0x2c, 0x04, 0x00, 0x00, 0x00, 0x00, 0x00, 0x00, 0x00, 0x04, 0x00, 0x00, 0x03, 0x30, 0x00, 0x00, 
    0x00, 0x00, 0x00, 0x00, 0x04, 0x20, 0x00, 0x00, 0x00, 0x00, 0x28, 0x28, 0x1b, 0x30, 0x00, 0x00, 
    0x00, 0x00, 0x00, 0x00, 0x04, 0x20, 0x00, 0x00, 0x00, 0x00, 0x24, 0x00, 0x07, 0x30, 0x00, 0x00, 
    0x00, 0x00, 0x00, 0x00, 0x20, 0x20, 0x00, 0x00, 0x00, 0x00, 0x00, 0x04, 0x08, 0x08, 0x04, 0x04, 
    0x04, 0x24, 0x28, 0x28, 0x9d, 0x9d, 0x75, 0x0c, 0x28, 0x08, 0x04, 0x04, 0x04, 0x00, 0x00, 0x00, 
    0x00, 0x00, 0x00, 0x00, 0x28, 0x04, 0x00, 0x00, 0x0b, 0x30, 0x00, 0x00, 0x00, 0x00, 0x00, 0x00, 
    0x08, 0x20, 0x00, 0x00, 0x04, 0x04, 0x04, 0x51, 0x04, 0x04, 0x00, 0x00, 0x25, 0x30, 0x00, 0x00, 
    0x00, 0x00, 0x00, 0x00, 0x2c, 0x30, 0x00, 0x00, 0x00, 0x00, 0x00, 0x00, 0x0c, 0x20, 0x00, 0x00, 
    0x04, 0x75, 0x04, 0x04, 0x00, 0x00, 0x00, 0x00, 0x24, 0x00, 0x00, 0x00, 0x02, 0x30, 0x00, 0x00, 
    0x00, 0x00, 0x00, 0x00, 0x14, 0x20, 0x00, 0x00, 0x00, 0x00, 0x04, 0x00, 0x04, 0x04, 0x04, 0x28, 
    0x28, 0xbd, 0x9d, 0x9d, 0x28, 0x28, 0x28, 0x28, 0x04, 0x04, 0x04, 0x04, 0x05, 0x30, 0x00, 0x00, 
    0x00, 0x00, 0x00, 0x00, 0x04, 0x20, 0x00, 0x00, 0x00, 0x48, 0x00, 0x00, 0x14, 0x30, 0x00, 0x00, 
    0x00, 0x00, 0x00, 0x00, 0x04, 0x20, 0x00, 0x00, 0x04, 0x00, 0x00, 0x00, 0x13, 0x30, 0x00, 0x00, 
    0x00, 0x00, 0x00, 0x00, 0x0c, 0x20, 0x00, 0x00, 0x2c, 0x2c, 0x00, 0x00, 0x00, 0x00, 0x00, 0x00, 
    0x04, 0x00, 0x04, 0x00, 0x03, 0x30, 0x00, 0x00, 0x00, 0x00, 0x00, 0x00, 0x04, 0x20, 0x00, 0x00, 
    0x00, 0x28, 0x00, 0x00, 0x10, 0x30, 0x00, 0x00, 0x00, 0x00, 0x00, 0x00, 0x04, 0x20, 0x00, 0x00, 
    0x00, 0x00, 0x00, 0x04, 0x0a, 0x30, 0x00, 0x00, 0x00, 0x00, 0x00, 0x00, 0x04, 0x20, 0x00, 0x00, 
    0x00, 0x00, 0x00, 0x24, 0x08, 0x30, 0x00, 0x00, 0x00, 0x00, 0x00, 0x00, 0x10, 0x20, 0x00, 0x00, 
    0x04, 0x04, 0x04, 0x04, 0x04, 0x08, 0x28, 0x28, 0x9d, 0x9d, 0x75, 0x0c, 0x28, 0x08, 0x04, 0x04, 
    0x02, 0x30, 0x00, 0x00, 0x00, 0x00, 0x00, 0x00, 0x04, 0x20, 0x00, 0x00, 0x04, 0x28, 0x00, 0x00, 
    0x0b, 0x30, 0x00, 0x00, 0x00, 0x00, 0x00, 0x00, 0x08, 0x20, 0x00, 0x00, 0x00, 0x04, 0x04, 0x51, 
    0x04, 0x04, 0x00, 0x00, 0x25, 0x30, 0x00, 0x00, 0x00, 0x00, 0x00, 0x00, 0x2c, 0x30, 0x00, 0x00, 
    0x00, 0x00, 0x00, 0x00, 0x0c, 0x20, 0x00, 0x00, 0x51, 0x04, 0x00, 0x04, 0x00, 0x00, 0x00, 0x00, 
    0x24, 0x00, 0x00, 0x00, 0x02, 0x30, 0x00, 0x00, 0x00, 0x00, 0x00, 0x00, 0x14, 0x20, 0x00, 0x00, 
    0x00, 0x04, 0x00, 0x04, 0x04, 0x04, 0x08, 0x28, 0x0c, 0x9d, 0x9d, 0x0c, 0x28, 0x28, 0x08, 0x04, 
    0x28, 0x04, 0x00, 0x00, 0x05, 0x30, 0x00, 0x00, 0x00, 0x00, 0x00, 0x00, 0x04, 0x20, 0x00, 0x00, 
    0x00, 0x00, 0x48, 0x04, 0x03, 0x30, 0x00, 0x00, 0x00, 0x00, 0x00, 0x00, 0x04, 0x20, 0x00, 0x00, 
    0x00, 0x00, 0x28, 0x00, 0x09, 0x30, 0x00, 0x00, 0x00, 0x00, 0x00, 0x00, 0x08, 0x20, 0x00, 0x00, 
    0x00, 0x00, 0x04, 0x04, 0x08, 0xbd, 0x04, 0x04, 0x19, 0x30, 0x00, 0x00, 0x00, 0x00, 0x00, 0x00, 
    0x04, 0x20, 0x00, 0x00, 0x2c, 0x2c, 0x04, 0x04, 0x04, 0x30, 0x00, 0x00, 0x00, 0x00, 0x00, 0x00, 
    0x08, 0x20, 0x00, 0x00, 0x00, 0x00, 0x00, 0x28, 0x28, 0x00, 0x00, 0x00, 0x11, 0x30, 0x00, 0x00, 
    0x00, 0x00, 0x00, 0x00, 0x04, 0x20, 0x00, 0x00, 0x04, 0x00, 0x00, 0x00, 0x0a, 0x30, 0x00, 0x00, 
    0x00, 0x00, 0x00, 0x00, 0x04, 0x20, 0x00, 0x00, 0x24, 0x00, 0x00, 0x00, 0x06, 0x30, 0x00, 0x00, 
    0x00, 0x00, 0x00, 0x00, 0x14, 0x20, 0x00, 0x00, 0x00, 0x00, 0x04, 0x00, 0x04, 0x04, 0x04, 0x04, 
    0x08, 0x08, 0x0c, 0x2c, 0x9d, 0x9d, 0x75, 0x0c, 0x28, 0x08, 0x04, 0x04, 0x02, 0x30, 0x00, 0x00, 
    0x00, 0x00, 0x00, 0x00, 0x04, 0x20, 0x00, 0x00, 0x00, 0x00, 0x28, 0x04, 0x0b, 0x30, 0x00, 0x00, 
    0x00, 0x00, 0x00, 0x00, 0x08, 0x20, 0x00, 0x00, 0x00, 0x00, 0x04, 0x04, 0x51, 0x04, 0x00, 0x00, 
    0x25, 0x30, 0x00, 0x00, 0x00, 0x00, 0x00, 0x00, 0x2b, 0x30, 0x00, 0x00, 0x00, 0x00, 0x00, 0x00, 
    0x0c, 0x20, 0x00, 0x00, 0x00, 0x00, 0x00, 0x04, 0x51, 0x04, 0x00, 0x00, 0x00, 0x00, 0x00, 0x24, 
    0x03, 0x30, 0x00, 0x00, 0x00, 0x00, 0x00, 0x00, 0x14, 0x20, 0x00, 0x00, 0x00, 0x04, 0x00, 0x04, 
    0x04, 0x04, 0x08, 0x28, 0x0c, 0x9d, 0x9d, 0x0c, 0x28, 0x08, 0x04, 0x28, 0x28, 0x04, 0x00, 0x00, 
    0x05, 0x30, 0x00, 0x00, 0x00, 0x00, 0x00, 0x00, 0x04, 0x20, 0x00, 0x00, 0x00, 0x00, 0x00, 0x48, 
    0x03, 0x30, 0x00, 0x00, 0x00, 0x00, 0x00, 0x00, 0x04, 0x20, 0x00, 0x00, 0x00, 0x28, 0x28, 0x28, 
    0x09, 0x30, 0x00, 0x00, 0x00, 0x00, 0x00, 0x00, 0x0c, 0x20, 0x00, 0x00, 0x00, 0x00, 0x04, 0x04, 
    0xbd, 0xbd, 0xde, 0x04, 0x04, 0x00, 0x00, 0x00, 0x18, 0x30, 0x00, 0x00, 0x00, 0x00, 0x00, 0x00, 
    0x04, 0x20, 0x00, 0x00, 0x2c, 0x2c, 0x00, 0x04, 0x04, 0x30, 0x00, 0x00, 0x00, 0x00, 0x00, 0x00, 
    0x04, 0x20, 0x00, 0x00, 0x00, 0x00, 0x28, 0x00, 0x12, 0x30, 0x00, 0x00, 0x00, 0x00, 0x00, 0x00, 
    0x04, 0x20, 0x00, 0x00, 0x00, 0x04, 0x00, 0x00, 0x0a, 0x30, 0x00, 0x00, 0x00, 0x00, 0x00, 0x00, 
    0x04, 0x20, 0x00, 0x00, 0x00, 0x28, 0x00, 0x00, 0x02, 0x30, 0x00, 0x00, 0x00, 0x00, 0x00, 0x00, 
    0x04, 0x20, 0x00, 0x00, 0x00, 0x00, 0x04, 0x28, 0x04, 0x30, 0x00, 0x00, 0x00, 0x00, 0x00, 0x00, 
    0x1c, 0x20, 0x00, 0x00, 0x04, 0x04, 0x04, 0x04, 0x08, 0x28, 0x0c, 0xbd, 0x9d, 0x0c, 0x75, 0x0c, 
    0x28, 0x08, 0x04, 0x04, 0x00, 0x00, 0x04, 0x00, 0x00, 0x00, 0x00, 0x00, 0x00, 0x00, 0x04, 0x28, 
    0x0b, 0x30, 0x00, 0x00, 0x00, 0x00, 0x00, 0x00, 0x08, 0x20, 0x00, 0x00, 0x00, 0x00, 0x00, 0x04, 
    0x51, 0x04, 0x00, 0x00, 0x25, 0x30, 0x00, 0x00, 0x00, 0x00, 0x00, 0x00, 0x2b, 0x30, 0x00, 0x00, 
    0x00, 0x00, 0x00, 0x00, 0x0c, 0x20, 0x00, 0x00, 0x00, 0x00, 0x04, 0x51, 0x04, 0x00, 0x00, 0x00, 
    0x00, 0x00, 0x24, 0x00, 0x03, 0x30, 0x00, 0x00, 0x00, 0x00, 0x00, 0x00, 0x14, 0x20, 0x00, 0x00, 
    0x04, 0x04, 0x04, 0x04, 0x04, 0x04, 0x08, 0x08, 0x9d, 0x9d, 0x08, 0x08, 0x24, 0x04, 0x04, 0x04, 
    0x24, 0x00, 0x00, 0x00, 0x06, 0x30, 0x00, 0x00, 0x00, 0x00, 0x00, 0x00, 0x04, 0x20, 0x00, 0x00, 
    0x28, 0x00, 0x00, 0x00, 0x02, 0x30, 0x00, 0x00, 0x00, 0x00, 0x00, 0x00, 0x04, 0x20, 0x00, 0x00, 
    0x00, 0x00, 0x28, 0x00, 0x09, 0x30, 0x00, 0x00, 0x00, 0x00, 0x00, 0x00, 0x0c, 0x20, 0x00, 0x00, 
    0x00, 0x00, 0x04, 0x04, 0xbd, 0xbd, 0xde, 0x04, 0x04, 0x00, 0x00, 0x00, 0x18, 0x30, 0x00, 0x00, 
    0x00, 0x00, 0x00, 0x00, 0x04, 0x20, 0x00, 0x00, 0x2c, 0x2c, 0x48, 0x04, 0x04, 0x30, 0x00, 0x00, 
    0x00, 0x00, 0x00, 0x00, 0x04, 0x20, 0x00, 0x00, 0x00, 0x28, 0x00, 0x00, 0x1d, 0x30, 0x00, 0x00, 
    0x00, 0x00, 0x00, 0x00, 0x14, 0x20, 0x00, 0x00, 0x00, 0x04, 0x08, 0x04, 0x00, 0x00, 0x00, 0x00, 
    0x04, 0x04, 0x04, 0x04, 0x04, 0x28, 0x28, 0x28, 0x28, 0x04, 0x04, 0x00, 0x04, 0x30, 0x00, 0x00, 
    0x04, 0x04, 0x04, 0x04, 0x1c, 0x20, 0x00, 0x00, 0x08, 0x08, 0x0c, 0x9d, 0x9d, 0x0c, 0x75, 0x0c, 
    0x28, 0x08, 0x04, 0x04, 0x04, 0x04, 0x04, 0x04, 0x04, 0x04, 0x00, 0x00, 0x00, 0x04, 0x04, 0x04, 
    0x28, 0x04, 0x00, 0x00, 0x0b, 0x30, 0x00, 0x00, 0x00, 0x00, 0x00, 0x00, 0x04, 0x20, 0x00, 0x00, 
    0x51, 0x04, 0x00, 0x00, 0x25, 0x30, 0x00, 0x00, 0x00, 0x00, 0x00, 0x00, 0x2b, 0x30, 0x00, 0x00, 
    0x00, 0x00, 0x00, 0x00, 0x0c, 0x20, 0x00, 0x00, 0x00, 0x00, 0x51, 0x04, 0x00, 0x00, 0x00, 0x00, 
    0x00, 0x00, 0x24, 0x00, 0x02, 0x30, 0x00, 0x00, 0x00, 0x00, 0x00, 0x00, 0x14, 0x20, 0x00, 0x00, 
    0x00, 0x00, 0x00, 0x04, 0x00, 0x00, 0x04, 0x04, 0x04, 0x08, 0x08, 0x9d, 0x9d, 0x9d, 0x08, 0x08, 
    0x24, 0x04, 0x04, 0x04, 0x07, 0x30, 0x00, 0x00, 0x00, 0x00, 0x00, 0x00, 0x04, 0x20, 0x00, 0x00, 
    0x00, 0x48, 0x00, 0x00, 0x0c, 0x30, 0x00, 0x00, 0x00, 0x00, 0x00, 0x00, 0x0c, 0x20, 0x00, 0x00, 
    0x00, 0x00, 0x04, 0x04, 0x75, 0xbd, 0x04, 0x04, 0x04, 0x00, 0x00, 0x00, 0x18, 0x30, 0x00, 0x00, 
    0x00, 0x00, 0x00, 0x00, 0x04, 0x20, 0x00, 0x00, 0x04, 0x2c, 0x48, 0x04, 0x04, 0x30, 0x00, 0x00, 
    0x00, 0x00, 0x00, 0x00, 0x04, 0x20, 0x00, 0x00, 0x28, 0x00, 0x00, 0x00, 0x12, 0x30, 0x00, 0x00, 
    0x00, 0x00, 0x00, 0x00, 0x04, 0x20, 0x00, 0x00, 0x00, 0x00, 0x04, 0x00, 0x08, 0x30, 0x00, 0x00, 
    0x00, 0x00, 0x00, 0x00, 0x18, 0x20, 0x00, 0x00, 0x00, 0x00, 0x00, 0x28, 0x28, 0x28, 0x28, 0x28, 
    0x28, 0x28, 0x28, 0x08, 0x08, 0x28, 0x28, 0x28, 0x28, 0x28, 0x28, 0x28, 0x28, 0x28, 0x04, 0x28, 
    0x04, 0x30, 0x00, 0x00, 0x28, 0x28, 0x28, 0x28, 0x20, 0x20, 0x00, 0x00, 0x04, 0x04, 0x04, 0x04, 
    0x08, 0x28, 0x0c, 0x9d, 0x9d, 0x0c, 0x75, 0x0c, 0x08, 0x08, 0x08, 0x04, 0x04, 0x04, 0x04, 0x04, 
    0x04, 0x04, 0x00, 0x00, 0x04, 0x04, 0x04, 0x04, 0x04, 0x28, 0x00, 0x00, 0x0b, 0x30, 0x00, 0x00, 
    0x00, 0x00, 0x00, 0x00, 0x04, 0x20, 0x00, 0x00, 0x04, 0x51, 0x00, 0x00, 0x25, 0x30, 0x00, 0x00, 
    0x00, 0x00, 0x00, 0x00, 0x2b, 0x30, 0x00, 0x00, 0x00, 0x00, 0x00, 0x00, 0x0c, 0x20, 0x00, 0x00, 
    0x04, 0x04, 0x51, 0x04, 0x00, 0x00, 0x00, 0x00, 0x04, 0x24, 0x00, 0x00, 0x02, 0x30, 0x00, 0x00, 
    0x00, 0x00, 0x00, 0x00, 0x14, 0x20, 0x00, 0x00, 0x00, 0x00, 0x04, 0x00, 0x00, 0x04, 0x04, 0x04, 
    0x04, 0x08, 0x0c, 0x9d, 0x9d, 0x08, 0x28, 0x24, 0x04, 0x04, 0x00, 0x00, 0x07, 0x30, 0x00, 0x00, 
    0x00, 0x00, 0x00, 0x00, 0x04, 0x20, 0x00, 0x00, 0x00, 0x00, 0x48, 0x00, 0x0c, 0x30, 0x00, 0x00, 
    0x00, 0x00, 0x00, 0x00, 0x08, 0x20, 0x00, 0x00, 0x00, 0x04, 0x04, 0x04, 0x99, 0x04, 0x04, 0x04, 
    0x19, 0x30, 0x00, 0x00, 0x00, 0x00, 0x00, 0x00, 0x04, 0x20, 0x00, 0x00, 0x04, 0x28, 0x28, 0x04, 
    0x03, 0x30, 0x00, 0x00, 0x00, 0x00, 0x00, 0x00, 0x04, 0x20, 0x00, 0x00, 0x00, 0x00, 0x00, 0x28, 
    0x13, 0x30, 0x00, 0x00, 0x00, 0x00, 0x00, 0x00, 0x04, 0x20, 0x00, 0x00, 0x00, 0x00, 0x04, 0x00, 
    0x05, 0x30, 0x00, 0x00, 0x00, 0x00, 0x00, 0x00, 0x10, 0x20, 0x00, 0x00, 0x04, 0x04, 0x04, 0x04, 
    0x04, 0x00, 0x28, 0x28, 0x28, 0x28, 0x28, 0x28, 0x28, 0x28, 0x28, 0x00, 0x02, 0x30, 0x00, 0x00, 
    0x00, 0x00, 0x00, 0x00, 0x0c, 0x20, 0x00, 0x00, 0x00, 0x28, 0x00, 0x00, 0x00, 0x00, 0x00, 0x00, 
    0x2c, 0x2c, 0x48, 0x04, 0x03, 0x30, 0x00, 0x00, 0x00, 0x00, 0x00, 0x00, 0x24, 0x20, 0x00, 0x00, 
    0x04, 0x04, 0x04, 0x04, 0x28, 0x28, 0x2c, 0x2c, 0x2c, 0x2c, 0x30, 0x9d, 0x2c, 0x0c, 0x75, 0x0c, 
    0x08, 0x28, 0x28, 0x08, 0x04, 0x04, 0x04, 0x04, 0x00, 0x00, 0x04, 0x04, 0x04, 0x04, 0x04, 0x04, 
    0x04, 0x04, 0x28, 0x00, 0x0b, 0x30, 0x00, 0x00, 0x00, 0x00, 0x00, 0x00, 0x04, 0x20, 0x00, 0x00, 
    0x04, 0x51, 0x04, 0x00, 0x25, 0x30, 0x00, 0x00, 0x00, 0x00, 0x00, 0x00, 0x2b, 0x30, 0x00, 0x00, 
    0x00, 0x00, 0x00, 0x00, 0x0c, 0x20, 0x00, 0x00, 0x04, 0x51, 0x04, 0x04, 0x00, 0x00, 0x00, 0x00, 
    0x04, 0x28, 0x00, 0x00, 0x02, 0x30, 0x00, 0x00, 0x00, 0x00, 0x00, 0x00, 0x14, 0x20, 0x00, 0x00, 
    0x00, 0x04, 0x00, 0x00, 0x04, 0x04, 0x04, 0x04, 0x04, 0x08, 0x9d, 0x9d, 0x9d, 0x08, 0x24, 0x04, 
    0x04, 0x04, 0x00, 0x00, 0x07, 0x30, 0x00, 0x00, 0x00, 0x00, 0x00, 0x00, 0x04, 0x20, 0x00, 0x00, 
    0x00, 0x00, 0x00, 0x28, 0x0c, 0x30, 0x00, 0x00, 0x00, 0x00, 0x00, 0x00, 0x08, 0x20, 0x00, 0x00, 
    0x04, 0x04, 0x04, 0x51, 0x04, 0x04, 0x00, 0x00, 0x05, 0x30, 0x00, 0x00, 0x00, 0x00, 0x00, 0x00, 
    0x04, 0x20, 0x00, 0x00, 0x04, 0x00, 0x00, 0x00, 0x13, 0x30, 0x00, 0x00, 0x00, 0x00, 0x00, 0x00, 
    0x04, 0x20, 0x00, 0x00, 0x04, 0x04, 0x28, 0x04, 0x03, 0x30, 0x00, 0x00, 0x00, 0x00, 0x00, 0x00, 
    0x04, 0x20, 0x00, 0x00, 0x00, 0x28, 0x28, 0x00, 0x13, 0x30, 0x00, 0x00, 0x00, 0x00, 0x00, 0x00, 
    0x04, 0x20, 0x00, 0x00, 0x00, 0x00, 0x00, 0x04, 0x05, 0x30, 0x00, 0x00, 0x00, 0x00, 0x00, 0x00, 
    0x08, 0x20, 0x00, 0x00, 0x28, 0x28, 0x28, 0x28, 0x28, 0x28, 0x00, 0x00, 0x04, 0x30, 0x00, 0x00, 
    0x00, 0x00, 0x00, 0x00, 0x10, 0x20, 0x00, 0x00, 0x00, 0x00, 0x28, 0x28, 0x00, 0x00, 0x00, 0x00, 
    0x04, 0x28, 0x04, 0x04, 0x00, 0x00, 0x00, 0x00, 0x03, 0x30, 0x00, 0x00, 0x04, 0x04, 0x04, 0x04, 
    0x20, 0x20, 0x00, 0x00, 0x08, 0x08, 0x08, 0x08, 0x28, 0x28, 0x9d, 0x9d, 0x30, 0x2c, 0x75, 0x0c, 
    0x08, 0x08, 0x28, 0x04, 0x04, 0x04, 0x04, 0x04, 0x00, 0x00, 0x04, 0x04, 0x04, 0x04, 0x04, 0x04, 
    0x04, 0x04, 0x28, 0x04, 0x0b, 0x30, 0x00, 0x00, 0x00, 0x00, 0x00, 0x00, 0x04, 0x20, 0x00, 0x00, 
    0x04, 0x04, 0x51, 0x04, 0x25, 0x30, 0x00, 0x00, 0x00, 0x00, 0x00, 0x00, 0x2b, 0x30, 0x00, 0x00, 
    0x00, 0x00, 0x00, 0x00, 0x0c, 0x20, 0x00, 0x00, 0x04, 0x51, 0x00, 0x00, 0x00, 0x00, 0x00, 0x00, 
    0x04, 0x04, 0x00, 0x00, 0x02, 0x30, 0x00, 0x00, 0x00, 0x00, 0x00, 0x00, 0x14, 0x20, 0x00, 0x00, 
    0x04, 0x00, 0x00, 0x00, 0x04, 0x04, 0x04, 0x04, 0x08, 0x9d, 0x9d, 0x9d, 0x08, 0x04, 0x04, 0x04, 
    0x04, 0x00, 0x00, 0x00, 0x02, 0x30, 0x00, 0x00, 0x00, 0x00, 0x00, 0x00, 0x04, 0x20, 0x00, 0x00, 
    0x00, 0x00, 0x04, 0x00, 0x05, 0x30, 0x00, 0x00, 0x00, 0x00, 0x00, 0x00, 0x04, 0x20, 0x00, 0x00, 
    0x48, 0x00, 0x00, 0x00, 0x0b, 0x30, 0x00, 0x00, 0x00, 0x00, 0x00, 0x00, 0x08, 0x20, 0x00, 0x00, 
    0x00, 0x04, 0x51, 0x04, 0x04, 0x00, 0x00, 0x00, 0x05, 0x30, 0x00, 0x00, 0x00, 0x00, 0x00, 0x00, 
    0x04, 0x20, 0x00, 0x00, 0x04, 0x00, 0x00, 0x00, 0x13, 0x30, 0x00, 0x00, 0x00, 0x00, 0x00, 0x00, 
    0x04, 0x20, 0x00, 0x00, 0x00, 0x00, 0x2c, 0x2c, 0x03, 0x30, 0x00, 0x00, 0x00, 0x00, 0x00, 0x00, 
    0x04, 0x20, 0x00, 0x00, 0x28, 0x00, 0x00, 0x04, 0x13, 0x30, 0x00, 0x00, 0x00, 0x00, 0x00, 0x00, 
    0x1c, 0x20, 0x00, 0x00, 0x00, 0x00, 0x00, 0x04, 0x00, 0x00, 0x00, 0x00, 0x00, 0x04, 0x00, 0x00, 
    0x04, 0x04, 0x04, 0x04, 0x04, 0x04, 0x2c, 0x2c, 0x2c, 0x2c, 0x28, 0x28, 0x00, 0x00, 0x04, 0x00, 
    0x06, 0x30, 0x00, 0x00, 0x00, 0x00, 0x00, 0x00, 0x04, 0x20, 0x00, 0x00, 0x28, 0x00, 0x04, 0x04, 
    0x02, 0x30, 0x00, 0x00, 0x00, 0x00, 0x00, 0x00, 0x04, 0x20, 0x00, 0x00, 0x00, 0x00, 0x00, 0x04, 
    0x02, 0x30, 0x00, 0x00, 0x04, 0x04, 0x04, 0x04, 0x28, 0x20, 0x00, 0x00, 0x04, 0x04, 0x28, 0x28, 
    0x0c, 0x2c, 0x9d, 0x0c, 0x2c, 0x2c, 0x54, 0x2c, 0x2c, 0x08, 0x28, 0x04, 0x04, 0x04, 0x04, 0x04, 
    0x04, 0x04, 0x04, 0x4c, 0x4c, 0x4c, 0x2c, 0x2c, 0x2c, 0x2c, 0x04, 0x28, 0x04, 0x04, 0x04, 0x04, 
    0x04, 0x04, 0x00, 0x00, 0x03, 0x30, 0x00, 0x00, 0x00, 0x00, 0x00, 0x00, 0x04, 0x20, 0x00, 0x00, 
    0x28, 0x04, 0x00, 0x00, 0x05, 0x30, 0x00, 0x00, 0x00, 0x00, 0x00, 0x00, 0x04, 0x20, 0x00, 0x00, 
    0x00, 0x00, 0x51, 0x04, 0x25, 0x30, 0x00, 0x00, 0x00, 0x00, 0x00, 0x00, 0x2b, 0x30, 0x00, 0x00, 
    0x00, 0x00, 0x00, 0x00, 0x0c, 0x20, 0x00, 0x00, 0x51, 0x04, 0x00, 0x00, 0x00, 0x00, 0x00, 0x00, 
    0x08, 0x00, 0x00, 0x00, 0x02, 0x30, 0x00, 0x00, 0x00, 0x00, 0x00, 0x00, 0x10, 0x20, 0x00, 0x00, 
    0x04, 0x00, 0x00, 0x00, 0x04, 0x04, 0x04, 0x04, 0x0c, 0x9d, 0x9d, 0x0c, 0x08, 0x04, 0x04, 0x04, 
    0x03, 0x30, 0x00, 0x00, 0x00, 0x00, 0x00, 0x00, 0x08, 0x20, 0x00, 0x00, 0x00, 0x04, 0x00, 0x00, 
    0x00, 0x00, 0x00, 0x28, 0x04, 0x30, 0x00, 0x00, 0x00, 0x00, 0x00, 0x00, 0x04, 0x20, 0x00, 0x00, 
    0x28, 0x00, 0x00, 0x00, 0x0b, 0x30, 0x00, 0x00, 0x00, 0x00, 0x00, 0x00, 0x04, 0x20, 0x00, 0x00, 
    0x00, 0x51, 0x04, 0x04, 0x05, 0x30, 0x00, 0x00, 0x00, 0x00, 0x00, 0x00, 0x04, 0x20, 0x00, 0x00, 
    0x00, 0x00, 0x00, 0x04, 0x14, 0x30, 0x00, 0x00, 0x00, 0x00, 0x00, 0x00, 0x04, 0x20, 0x00, 0x00, 
    0x00, 0x00, 0x2c, 0x2c, 0x02, 0x30, 0x00, 0x00, 0x00, 0x00, 0x00, 0x00, 0x0c, 0x20, 0x00, 0x00, 
    0x00, 0x00, 0x00, 0x28, 0x00, 0x00, 0x04, 0x04, 0x04, 0x00, 0x00, 0x00, 0x12, 0x30, 0x00, 0x00, 
    0x00, 0x00, 0x00, 0x00, 0x1c, 0x20, 0x00, 0x00, 0x00, 0x00, 0x04, 0x04, 0x04, 0x00, 0x00, 0x00, 
    0x00, 0x04, 0x04, 0x04, 0x04, 0x48, 0x2c, 0x2c, 0x2c, 0x2c, 0x2c, 0x2c, 0x2c, 0x04, 0x04, 0x00, 
    0x00, 0x04, 0x04, 0x04, 0x06, 0x30, 0x00, 0x00, 0x00, 0x00, 0x00, 0x00, 0x04, 0x20, 0x00, 0x00, 
    0x00, 0x28, 0x00, 0x04, 0x02, 0x30, 0x00, 0x00, 0x00, 0x00, 0x00, 0x00, 0x04, 0x20, 0x00, 0x00, 
    0x00, 0x00, 0x04, 0x04, 0x02, 0x30, 0x00, 0x00, 0x04, 0x04, 0x04, 0x04, 0x28, 0x20, 0x00, 0x00, 
    0x04, 0x04, 0x08, 0x28, 0x2c, 0xbd, 0x9d, 0x0c, 0x0c, 0x2c, 0x54, 0x30, 0x4c, 0x4c, 0x4c, 0x08, 
    0x08, 0x08, 0x08, 0x4c, 0x2c, 0x2c, 0x04, 0x04, 0x04, 0x04, 0x04, 0x04, 0x04, 0x04, 0x4c, 0x2c, 
    0x28, 0x48, 0x48, 0x48, 0x48, 0x48, 0x00, 0x00, 0x02, 0x30, 0x00, 0x00, 0x00, 0x00, 0x00, 0x00, 
    0x08, 0x20, 0x00, 0x00, 0x00, 0x00, 0x00, 0x28, 0x28, 0x28, 0x00, 0x00, 0x05, 0x30, 0x00, 0x00, 
    0x00, 0x00, 0x00, 0x00, 0x04, 0x20, 0x00, 0x00, 0x00, 0x00, 0x04, 0x51, 0x25, 0x30, 0x00, 0x00, 
    0x00, 0x00, 0x00, 0x00, 0x2a, 0x30, 0x00, 0x00, 0x00, 0x00, 0x00, 0x00, 0x28, 0x20, 0x00, 0x00, 
    0x00, 0x00, 0x04, 0x04, 0x51, 0x04, 0x00, 0x00, 0x00, 0x00, 0x00, 0x00, 0x28, 0x00, 0x00, 0x00, 
    0x00, 0x00, 0x00, 0x00, 0x00, 0x00, 0x00, 0x04, 0x00, 0x00, 0x04, 0x04, 0x04, 0x04, 0x04, 0x08, 
    0x7c, 0x7c, 0x9d, 0x08, 0x24, 0x04, 0x04, 0x04, 0x03, 0x30, 0x00, 0x00, 0x00, 0x00, 0x00, 0x00, 
    0x0c, 0x20, 0x00, 0x00, 0x00, 0x04, 0x00, 0x00, 0x00, 0x00, 0x08, 0x08, 0x28, 0x00, 0x00, 0x00, 
    0x03, 0x30, 0x00, 0x00, 0x00, 0x00, 0x00, 0x00, 0x04, 0x20, 0x00, 0x00, 0x00, 0x48, 0x00, 0x00, 
    0x0a, 0x30, 0x00, 0x00, 0x00, 0x00, 0x00, 0x00, 0x08, 0x20, 0x00, 0x00, 0x00, 0x00, 0x04, 0x04, 
    0x51, 0x04, 0x00, 0x00, 0x05, 0x30, 0x00, 0x00, 0x00, 0x00, 0x00, 0x00, 0x04, 0x20, 0x00, 0x00, 
    0x00, 0x00, 0x04, 0x00, 0x14, 0x30, 0x00, 0x00, 0x00, 0x00, 0x00, 0x00, 0x04, 0x20, 0x00, 0x00, 
    0x00, 0x00, 0x2c, 0x2c, 0x02, 0x30, 0x00, 0x00, 0x00, 0x00, 0x00, 0x00, 0x08, 0x20, 0x00, 0x00, 
    0x00, 0x00, 0x28, 0x00, 0x00, 0x00, 0x00, 0x04, 0x13, 0x30, 0x00, 0x00, 0x00, 0x00, 0x00, 0x00, 
    0x1c, 0x20, 0x00, 0x00, 0x00, 0x00, 0x00, 0x04, 0x08, 0x04, 0x04, 0x04, 0x04, 0x2c, 0x2c, 0x2c, 
    0x2c, 0x2c, 0x2c, 0x2c, 0x48, 0x04, 0x00, 0x00, 0x00, 0x00, 0x00, 0x00, 0x00, 0x00, 0x04, 0x00, 
    0x06, 0x30, 0x00, 0x00, 0x00, 0x00, 0x00, 0x00, 0x0c, 0x20, 0x00, 0x00, 0x00, 0x00, 0x28, 0x04, 
    0x00, 0x00, 0x00, 0x00, 0x00, 0x00, 0x04, 0x04, 0x02, 0x30, 0x00, 0x00, 0x04, 0x04, 0x04, 0x04, 
    0x30, 0x20, 0x00, 0x00, 0x04, 0x04, 0x08, 0x08, 0x08, 0x08, 0x08, 0x51, 0x54, 0x9d, 0x9d, 0x54, 
    0x75, 0x51, 0x08, 0x51, 0x08, 0x08, 0x04, 0x04, 0x04, 0x04, 0x04, 0x04, 0x04, 0x04, 0x00, 0x04, 
    0x04, 0x04, 0x00, 0x00, 0x00, 0x00, 0x04, 0x04, 0x04, 0x28, 0x28, 0x04, 0x00, 0x00, 0x28, 0x28, 
    0x48, 0x48, 0x28, 0x00, 0x02, 0x30, 0x00, 0x00, 0x00, 0x00, 0x00, 0x00, 0x04, 0x20, 0x00, 0x00, 
    0x28, 0x00, 0x00, 0x00, 0x05, 0x30, 0x00, 0x00, 0x00, 0x00, 0x00, 0x00, 0x04, 0x20, 0x00, 0x00, 
    0x00, 0x00, 0x04, 0x51, 0x25, 0x30, 0x00, 0x00, 0x00, 0x00, 0x00, 0x00, 0x2a, 0x30, 0x00, 0x00, 
    0x00, 0x00, 0x00, 0x00, 0x0c, 0x20, 0x00, 0x00, 0x00, 0x00, 0x04, 0x51, 0x04, 0x04, 0x00, 0x00, 
    0x00, 0x00, 0x00, 0x28, 0x02, 0x30, 0x00, 0x00, 0x00, 0x00, 0x00, 0x00, 0x14, 0x20, 0x00, 0x00, 
    0x00, 0x00, 0x00, 0x04, 0x00, 0x00, 0x04, 0x04, 0x04, 0x04, 0x08, 0x28, 0x7c, 0x7c, 0x08, 0x08, 
    0x04, 0x04, 0x04, 0x00, 0x03, 0x30, 0x00, 0x00, 0x00, 0x00, 0x00, 0x00, 0x08, 0x20, 0x00, 0x00, 
    0x04, 0x00, 0x00, 0x00, 0x00, 0x00, 0x00, 0x08, 0x04, 0x30, 0x00, 0x00, 0x00, 0x00, 0x00, 0x00, 
    0x04, 0x20, 0x00, 0x00, 0x00, 0x00, 0x28, 0x00, 0x0a, 0x30, 0x00, 0x00, 0x00, 0x00, 0x00, 0x00, 
    0x08, 0x20, 0x00, 0x00, 0x00, 0x00, 0x04, 0x51, 0x04, 0x04, 0x00, 0x00, 0x05, 0x30, 0x00, 0x00, 
    0x00, 0x00, 0x00, 0x00, 0x04, 0x20, 0x00, 0x00, 0x00, 0x04, 0x00, 0x00, 0x14, 0x30, 0x00, 0x00, 
    0x00, 0x00, 0x00, 0x00, 0x04, 0x20, 0x00, 0x00, 0x00, 0x00, 0x2c, 0x2c, 0x02, 0x30, 0x00, 0x00, 
    0x00, 0x00, 0x00, 0x00, 0x04, 0x20, 0x00, 0x00, 0x00, 0x28, 0x00, 0x00, 0x14, 0x30, 0x00, 0x00, 
    0x00, 0x00, 0x00, 0x00, 0x14, 0x20, 0x00, 0x00, 0x00, 0x04, 0x04, 0x04, 0x04, 0x08, 0x2c, 0x2c, 
    0x2c, 0x2c, 0x2c, 0x2c, 0x2c, 0x2c, 0x04, 0x04, 0x04, 0x04, 0x00, 0x00, 0x08, 0x30, 0x00, 0x00, 
    0x00, 0x00, 0x00, 0x00, 0x08, 0x20, 0x00, 0x00, 0x00, 0x00, 0x04, 0x28, 0x00, 0x00, 0x04, 0x00, 
    0x03, 0x30, 0x00, 0x00, 0x04, 0x04, 0x04, 0x04, 0x14, 0x20, 0x00, 0x00, 0x04, 0x04, 0x4c, 0x4c, 
    0x50, 0x51, 0x51, 0x0c, 0x0c, 0x9d, 0x9d, 0x0c, 0x0c, 0x08, 0x08, 0x50, 0x08, 0x04, 0x04, 0x04, 
    0x03, 0x30, 0x00, 0x00, 0x04, 0x04, 0x04, 0x04, 0x14, 0x20, 0x00, 0x00, 0x00, 0x00, 0x00, 0x00, 
    0x04, 0x04, 0x04, 0x28, 0x00, 0x00, 0x04, 0x04, 0x04, 0x04, 0x00, 0x28, 0x28, 0x28, 0x00, 0x00, 
    0x07, 0x30, 0x00, 0x00, 0x00, 0x00, 0x00, 0x00, 0x08, 0x20, 0x00, 0x00, 0x00, 0x00, 0x00, 0x04, 
    0x51, 0x00, 0x00, 0x00, 0x24, 0x30, 0x00, 0x00, 0x00, 0x00, 0x00, 0x00, 0x2a, 0x30, 0x00, 0x00, 
    0x00, 0x00, 0x00, 0x00, 0x0c, 0x20, 0x00, 0x00, 0x00, 0x00, 0x04, 0x51, 0x00, 0x00, 0x00, 0x00, 
    0x00, 0x00, 0x04, 0x08, 0x02, 0x30, 0x00, 0x00, 0x00, 0x00, 0x00, 0x00, 0x14, 0x20, 0x00, 0x00, 
    0x00, 0x00, 0x04, 0x00, 0x00, 0x00, 0x04, 0x04, 0x04, 0x04, 0x08, 0x08, 0x7c, 0x9d, 0x24, 0x24, 
    0x04, 0x04, 0x00, 0x00, 0x09, 0x30, 0x00, 0x00, 0x00, 0x00, 0x00, 0x00, 0x04, 0x20, 0x00, 0x00, 
    0x00, 0x00, 0x00, 0x28, 0x0a, 0x30, 0x00, 0x00, 0x00, 0x00, 0x00, 0x00, 0x04, 0x20, 0x00, 0x00, 
    0x00, 0x00, 0x04, 0x51, 0x06, 0x30, 0x00, 0x00, 0x00, 0x00, 0x00, 0x00, 0x04, 0x20, 0x00, 0x00, 
    0x00, 0x04, 0x00, 0x00, 0x14, 0x30, 0x00, 0x00, 0x00, 0x00, 0x00, 0x00, 0x10, 0x20, 0x00, 0x00, 
    0x00, 0x00, 0x2c, 0x28, 0x04, 0x00, 0x00, 0x00, 0x00, 0x00, 0x00, 0x28, 0x28, 0x00, 0x00, 0x00, 
    0x12, 0x30, 0x00, 0x00, 0x00, 0x00, 0x00, 0x00, 0x18, 0x20, 0x00, 0x00, 0x00, 0x00, 0x04, 0x04, 
    0x04, 0x04, 0x04, 0x04, 0x2c, 0x2c, 0x2c, 0x2c, 0x4c, 0x04, 0x2c, 0x2c, 0x04, 0x04, 0x04, 0x00, 
    0x04, 0x04, 0x00, 0x00, 0x0a, 0x30, 0x00, 0x00, 0x00, 0x00, 0x00, 0x00, 0x04, 0x20, 0x00, 0x00, 
    0x28, 0x04, 0x04, 0x04, 0x02, 0x30, 0x00, 0x00, 0x04, 0x04, 0x04, 0x04, 0x24, 0x20, 0x00, 0x00, 
    0x04, 0x30, 0x30, 0x30, 0x30, 0x50, 0x50, 0x50, 0x50, 0x50, 0x28, 0x28, 0x9d, 0x9d, 0x28, 0x28, 
    0x28, 0x08, 0x08, 0x50, 0x04, 0x04, 0x04, 0x04, 0x04, 0x00, 0x00, 0x00, 0x00, 0x00, 0x00, 0x00, 
    0x04, 0x04, 0x04, 0x00, 0x02, 0x30, 0x00, 0x00, 0x00, 0x00, 0x00, 0x00, 0x0c, 0x20, 0x00, 0x00, 
    0x28, 0x04, 0x00, 0x00, 0x00, 0x00, 0x00, 0x00, 0x00, 0x00, 0x28, 0x28, 0x08, 0x30, 0x00, 0x00, 
    0x00, 0x00, 0x00, 0x00, 0x04, 0x20, 0x00, 0x00, 0x51, 0x04, 0x00, 0x00, 0x24, 0x30, 0x00, 0x00, 
    0x00, 0x00, 0x00, 0x00, 0x2a, 0x30, 0x00, 0x00, 0x00, 0x00, 0x00, 0x00, 0x0c, 0x20, 0x00, 0x00, 
    0x00, 0x00, 0x51, 0x04, 0x00, 0x00, 0x00, 0x00, 0x00, 0x00, 0x04, 0x28, 0x02, 0x30, 0x00, 0x00, 
    0x00, 0x00, 0x00, 0x00, 0x14, 0x20, 0x00, 0x00, 0x00, 0x04, 0x00, 0x00, 0x00, 0x00, 0x04, 0x04, 
    0x04, 0x24, 0x08, 0x9d, 0x9d, 0x0c, 0x24, 0x04, 0x04, 0x04, 0x00, 0x00, 0x02, 0x30, 0x00, 0x00, 
    0x00, 0x00, 0x00, 0x00, 0x04, 0x20, 0x00, 0x00, 0x00, 0x00, 0x00, 0x04, 0x06, 0x30, 0x00, 0x00, 
    0x00, 0x00, 0x00, 0x00, 0x04, 0x20, 0x00, 0x00, 0x00, 0x00, 0x00, 0x28, 0x0a, 0x30, 0x00, 0x00, 
    0x00, 0x00, 0x00, 0x00, 0x04, 0x20, 0x00, 0x00, 0x00, 0x00, 0x51, 0x04, 0x06, 0x30, 0x00, 0x00, 
    0x00, 0x00, 0x00, 0x00, 0x04, 0x20, 0x00, 0x00, 0x04, 0x00, 0x00, 0x00, 0x14, 0x30, 0x00, 0x00, 
    0x00, 0x00, 0x00, 0x00, 0x0c, 0x20, 0x00, 0x00, 0x00, 0x00, 0x04, 0x2c, 0x00, 0x00, 0x00, 0x00, 
    0x00, 0x00, 0x28, 0x00, 0x13, 0x30, 0x00, 0x00, 0x00, 0x00, 0x00, 0x00, 0x18, 0x20, 0x00, 0x00, 
    0x04, 0x04, 0x04, 0x04, 0x4c, 0x4c, 0x2c, 0x2c, 0x2c, 0x2c, 0x2c, 0x2c, 0x04, 0x04, 0x08, 0x04, 
    0x00, 0x04, 0x04, 0x04, 0x04, 0x00, 0x00, 0x00, 0x09, 0x30, 0x00, 0x00, 0x00, 0x00, 0x00, 0x00, 
    0x28, 0x20, 0x00, 0x00, 0x00, 0x00, 0x00, 0x04, 0x04, 0x28, 0x04, 0x04, 0x04, 0x04, 0x04, 0x04, 
    0x04, 0x04, 0x4c, 0x4c, 0x30, 0x30, 0x30, 0x30, 0x30, 0x08, 0x08, 0x08, 0x08, 0x08, 0x28, 0x28, 
    0x9d, 0x9d, 0x28, 0x28, 0x28, 0x08, 0x08, 0x50, 0x04, 0x04, 0x04, 0x04, 0x02, 0x30, 0x00, 0x00, 
    0x00, 0x00, 0x00, 0x00, 0x10, 0x20, 0x00, 0x00, 0x00, 0x04, 0x00, 0x04, 0x04, 0x00, 0x00, 0x00, 
    0x00, 0x00, 0x00, 0x00, 0x04, 0x28, 0x00, 0x00, 0x02, 0x30, 0x00, 0x00, 0x00, 0x00, 0x00, 0x00, 
    0x04, 0x20, 0x00, 0x00, 0x28, 0x28, 0x28, 0x00, 0x07, 0x30, 0x00, 0x00, 0x00, 0x00, 0x00, 0x00, 
    0x04, 0x20, 0x00, 0x00, 0x51, 0x04, 0x00, 0x00, 0x24, 0x30, 0x00, 0x00, 0x00, 0x00, 0x00, 0x00, 
    0x2a, 0x30, 0x00, 0x00, 0x00, 0x00, 0x00, 0x00, 0x0c, 0x20, 0x00, 0x00, 0x04, 0x04, 0x51, 0x04, 
    0x00, 0x00, 0x00, 0x00, 0x00, 0x00, 0x28, 0x00, 0x02, 0x30, 0x00, 0x00, 0x00, 0x00, 0x00, 0x00, 
    0x14, 0x20, 0x00, 0x00, 0x00, 0x04, 0x00, 0x00, 0x00, 0x04, 0x04, 0x04, 0x08, 0x08, 0x7c, 0x7c, 
    0x99, 0x08, 0x04, 0x04, 0x04, 0x04, 0x00, 0x00, 0x02, 0x30, 0x00, 0x00, 0x00, 0x00, 0x00, 0x00, 
    0x04, 0x20, 0x00, 0x00, 0x00, 0x00, 0x04, 0x00, 0x07, 0x30, 0x00, 0x00, 0x00, 0x00, 0x00, 0x00, 
    0x04, 0x20, 0x00, 0x00, 0x28, 0x00, 0x00, 0x00, 0x09, 0x30, 0x00, 0x00, 0x00, 0x00, 0x00, 0x00, 
    0x04, 0x20, 0x00, 0x00, 0x00, 0x04, 0x51, 0x00, 0x05, 0x30, 0x00, 0x00, 0x00, 0x00, 0x00, 0x00, 
    0x04, 0x20, 0x00, 0x00, 0x00, 0x00, 0x00, 0x04, 0x15, 0x30, 0x00, 0x00, 0x00, 0x00, 0x00, 0x00, 
    0x0c, 0x20, 0x00, 0x00, 0x00, 0x00, 0x04, 0x28, 0x28, 0x04, 0x04, 0x04, 0x28, 0x28, 0x00, 0x00, 
    0x11, 0x30, 0x00, 0x00, 0x00, 0x00, 0x00, 0x00, 0x18, 0x20, 0x00, 0x00, 0x00, 0x00, 0x04, 0x04, 
    0x04, 0x04, 0x04, 0x04, 0x30, 0x30, 0x2c, 0x2c, 0x2c, 0x2c, 0x4c, 0x04, 0x00, 0x00, 0x04, 0x04, 
    0x00, 0x00, 0x00, 0x04, 0x0b, 0x30, 0x00, 0x00, 0x00, 0x00, 0x00, 0x00, 0x10, 0x20, 0x00, 0x00, 
    0x00, 0x00, 0x04, 0x04, 0x04, 0x04, 0x28, 0x04, 0x04, 0x30, 0x30, 0x30, 0x4c, 0x4c, 0x4c, 0x04, 
    0x02, 0x30, 0x00, 0x00, 0x04, 0x04, 0x04, 0x04, 0x10, 0x20, 0x00, 0x00, 0x08, 0x28, 0x08, 0x08, 
    0x9d, 0x9d, 0x08, 0x08, 0x08, 0x04, 0x08, 0x50, 0x04, 0x04, 0x04, 0x04, 0x03, 0x30, 0x00, 0x00, 
    0x00, 0x00, 0x00, 0x00, 0x0c, 0x20, 0x00, 0x00, 0x00, 0x04, 0x04, 0x00, 0x00, 0x00, 0x00, 0x00, 
    0x00, 0x28, 0x00, 0x00, 0x02, 0x30, 0x00, 0x00, 0x00, 0x00, 0x00, 0x00, 0x04, 0x20, 0x00, 0x00, 
    0x00, 0x00, 0x00, 0x28, 0x07, 0x30, 0x00, 0x00, 0x00, 0x00, 0x00, 0x00, 0x04, 0x20, 0x00, 0x00, 
    0x51, 0x04, 0x00, 0x00, 0x24, 0x30, 0x00, 0x00, 0x00, 0x00, 0x00, 0x00, 0x2a, 0x30, 0x00, 0x00, 
    0x00, 0x00, 0x00, 0x00, 0x0c, 0x20, 0x00, 0x00, 0x04, 0x51, 0x04, 0x04, 0x00, 0x00, 0x00, 0x00, 
    0x00, 0x00, 0x28, 0x00, 0x02, 0x30, 0x00, 0x00, 0x00, 0x00, 0x00, 0x00, 0x14, 0x20, 0x00, 0x00, 
    0x04, 0x00, 0x00, 0x00, 0x04, 0x04, 0x04, 0x04, 0x08, 0x08, 0x7c, 0x7c, 0x08, 0x08, 0x04, 0x04, 
    0x04, 0x00, 0x00, 0x00, 0x02, 0x30, 0x00, 0x00, 0x00, 0x00, 0x00, 0x00, 0x04, 0x20, 0x00, 0x00, 
    0x00, 0x00, 0x04, 0x00, 0x07, 0x30, 0x00, 0x00, 0x00, 0x00, 0x00, 0x00, 0x04, 0x20, 0x00, 0x00, 
    0x00, 0x28, 0x00, 0x00, 0x09, 0x30, 0x00, 0x00, 0x00, 0x00, 0x00, 0x00, 0x04, 0x20, 0x00, 0x00, 
    0x04, 0x51, 0x04, 0x00, 0x05, 0x30, 0x00, 0x00, 0x00, 0x00, 0x00, 0x00, 0x04, 0x20, 0x00, 0x00, 
    0x00, 0x00, 0x04, 0x00, 0x03, 0x30, 0x00, 0x00, 0x00, 0x00, 0x00, 0x00, 0x0c, 0x20, 0x00, 0x00, 
    0x00, 0x00, 0x00, 0x04, 0x04, 0x04, 0x04, 0x04, 0x04, 0x04, 0x00, 0x00, 0x0f, 0x30, 0x00, 0x00, 
    0x00, 0x00, 0x00, 0x00, 0x08, 0x20, 0x00, 0x00, 0x00, 0x00, 0x04, 0x28, 0x28, 0x04, 0x04, 0x28, 
    0x12, 0x30, 0x00, 0x00, 0x00, 0x00, 0x00, 0x00, 0x18, 0x20, 0x00, 0x00, 0x04, 0x04, 0x04, 0x04, 
    0x4c, 0x4c, 0x2c, 0x2c, 0x2c, 0x30, 0x2c, 0x08, 0x04, 0x04, 0x04, 0x04, 0x00, 0x00, 0x00, 0x00, 
    0x00, 0x00, 0x00, 0x04, 0x0b, 0x30, 0x00, 0x00, 0x00, 0x00, 0x00, 0x00, 0x0c, 0x20, 0x00, 0x00, 
    0x00, 0x00, 0x04, 0x04, 0x04, 0x04, 0x4c, 0x28, 0x30, 0x30, 0x30, 0x30, 0x03, 0x30, 0x00, 0x00, 
    0x04, 0x04, 0x04, 0x04, 0x10, 0x20, 0x00, 0x00, 0x08, 0x08, 0x08, 0x9d, 0x08, 0x08, 0x04, 0x04, 
    0x08, 0x04, 0x08, 0x50, 0x08, 0x04, 0x04, 0x04, 0x03, 0x30, 0x00, 0x00, 0x00, 0x00, 0x00, 0x00, 
    0x0c, 0x20, 0x00, 0x00, 0x00, 0x00, 0x00, 0x04, 0x00, 0x00, 0x00, 0x00, 0x00, 0x00, 0x28, 0x00, 
    0x03, 0x30, 0x00, 0x00, 0x00, 0x00, 0x00, 0x00, 0x04, 0x20, 0x00, 0x00, 0x28, 0x00, 0x00, 0x00, 
    0x06, 0x30, 0x00, 0x00, 0x00, 0x00, 0x00, 0x00, 0x04, 0x20, 0x00, 0x00, 0x04, 0x51, 0x00, 0x00, 
    0x24, 0x30, 0x00, 0x00, 0x00, 0x00, 0x00, 0x00, 0x2a, 0x30, 0x00, 0x00, 0x00, 0x00, 0x00, 0x00, 
    0x24, 0x20, 0x00, 0x00, 0x04, 0x51, 0x04, 0x00, 0x04, 0x00, 0x00, 0x00, 0x00, 0x00, 0x28, 0x00, 
    0x00, 0x00, 0x00, 0x00, 0x00, 0x00, 0x00, 0x04, 0x00, 0x00, 0x00, 0x00, 0x00, 0x04, 0x04, 0x04, 
    0x08, 0x99, 0x7c, 0x7c, 0x08, 0x04, 0x04, 0x04, 0x03, 0x30, 0x00, 0x00, 0x00, 0x00, 0x00, 0x00, 
    0x04, 0x20, 0x00, 0x00, 0x00, 0x04, 0x00, 0x00, 0x07, 0x30, 0x00, 0x00, 0x00, 0x00, 0x00, 0x00, 
    0x04, 0x20, 0x00, 0x00, 0x00, 0x00, 0x28, 0x00, 0x09, 0x30, 0x00, 0x00, 0x00, 0x00, 0x00, 0x00, 
    0x04, 0x20, 0x00, 0x00, 0x04, 0x51, 0x00, 0x00, 0x05, 0x30, 0x00, 0x00, 0x00, 0x00, 0x00, 0x00, 
    0x04, 0x20, 0x00, 0x00, 0x00, 0x04, 0x00, 0x00, 0x03, 0x30, 0x00, 0x00, 0x00, 0x00, 0x00, 0x00, 
    0x0c, 0x20, 0x00, 0x00, 0x00, 0x04, 0x04, 0x24, 0x24, 0x24, 0x28, 0x24, 0x24, 0x24, 0x04, 0x04, 
    0x0f, 0x30, 0x00, 0x00, 0x00, 0x00, 0x00, 0x00, 0x08, 0x20, 0x00, 0x00, 0x00, 0x00, 0x00, 0x28, 
    0x28, 0x04, 0x28, 0x04, 0x10, 0x30, 0x00, 0x00, 0x00, 0x00, 0x00, 0x00, 0x18, 0x20, 0x00, 0x00, 
    0x00, 0x00, 0x04, 0x04, 0x04, 0x04, 0x04, 0x30, 0x30, 0x30, 0x30, 0x30, 0x4c, 0x4c, 0x4c, 0x04, 
    0x04, 0x04, 0x04, 0x24, 0x04, 0x04, 0x00, 0x00, 0x02, 0x30, 0x00, 0x00, 0x00, 0x00, 0x00, 0x00, 
    0x04, 0x20, 0x00, 0x00, 0x04, 0x00, 0x00, 0x00, 0x09, 0x30, 0x00, 0x00, 0x00, 0x00, 0x00, 0x00, 
    0x10, 0x20, 0x00, 0x00, 0x00, 0x00, 0x04, 0x04, 0x04, 0x04, 0x04, 0x2c, 0x4c, 0x4c, 0x4c, 0x04, 
    0x28, 0x28, 0x04, 0x04, 0x03, 0x30, 0x00, 0x00, 0x04, 0x04, 0x04, 0x04, 0x10, 0x20, 0x00, 0x00, 
    0x04, 0x04, 0x08, 0x9d, 0x24, 0x04, 0x04, 0x08, 0x04, 0x08, 0x04, 0x4c, 0x04, 0x04, 0x00, 0x00, 
    0x05, 0x30, 0x00, 0x00, 0x00, 0x00, 0x00, 0x00, 0x04, 0x20, 0x00, 0x00, 0x00, 0x00, 0x00, 0x28, 
    0x03, 0x30, 0x00, 0x00, 0x00, 0x00, 0x00, 0x00, 0x04, 0x20, 0x00, 0x00, 0x00, 0x28, 0x00, 0x00, 
    0x06, 0x30, 0x00, 0x00, 0x00, 0x00, 0x00, 0x00, 0x04, 0x20, 0x00, 0x00, 0x04, 0x51, 0x00, 0x00, 
    0x24, 0x30, 0x00, 0x00, 0x00, 0x00, 0x00, 0x00, 0x2a, 0x30, 0x00, 0x00, 0x00, 0x00, 0x00, 0x00, 
    0x24, 0x20, 0x00, 0x00, 0x51, 0x04, 0x00, 0x00, 0x04, 0x00, 0x00, 0x00, 0x00, 0x28, 0x00, 0x00, 
    0x00, 0x00, 0x00, 0x00, 0x00, 0x00, 0x04, 0x00, 0x00, 0x00, 0x00, 0x00, 0x04, 0x04, 0x04, 0x04, 
    0x08, 0x99, 0x7c, 0x0c, 0x08, 0x04, 0x04, 0x04, 0x0b, 0x30, 0x00, 0x00, 0x00, 0x00, 0x00, 0x00, 
    0x04, 0x20, 0x00, 0x00, 0x00, 0x00, 0x00, 0x28, 0x09, 0x30, 0x00, 0x00, 0x00, 0x00, 0x00, 0x00, 
    0x04, 0x20, 0x00, 0x00, 0x51, 0x04, 0x00, 0x00, 0x05, 0x30, 0x00, 0x00, 0x00, 0x00, 0x00, 0x00, 
    0x04, 0x20, 0x00, 0x00, 0x00, 0x04, 0x00, 0x00, 0x02, 0x30, 0x00, 0x00, 0x00, 0x00, 0x00, 0x00, 
    0x14, 0x20, 0x00, 0x00, 0x00, 0x00, 0x00, 0x04, 0x04, 0x04, 0x24, 0x28, 0x28, 0x28, 0x28, 0x28, 
    0x28, 0x28, 0x24, 0x24, 0x04, 0x00, 0x00, 0x00, 0x0e, 0x30, 0x00, 0x00, 0x00, 0x00, 0x00, 0x00, 
    0x08, 0x20, 0x00, 0x00, 0x00, 0x00, 0x04, 0x04, 0x2c, 0x28, 0x04, 0x00, 0x10, 0x30, 0x00, 0x00, 
    0x00, 0x00, 0x00, 0x00, 0x0c, 0x20, 0x00, 0x00, 0x00, 0x00, 0x04, 0x04, 0x04, 0x04, 0x30, 0x30, 
    0x30, 0x30, 0x2c, 0x04, 0x02, 0x30, 0x00, 0x00, 0x04, 0x04, 0x04, 0x04, 0x03, 0x30, 0x00, 0x00, 
    0x00, 0x00, 0x00, 0x00, 0x04, 0x20, 0x00, 0x00, 0x04, 0x00, 0x00, 0x00, 0x09, 0x30, 0x00, 0x00, 
    0x00, 0x00, 0x00, 0x00, 0x14, 0x20, 0x00, 0x00, 0x00, 0x00, 0x04, 0x04, 0x2c, 0x2c, 0x2c, 0x2c, 
    0x04, 0x04, 0x04, 0x04, 0x04, 0x04, 0x28, 0x04, 0x04, 0x04, 0x00, 0x04, 0x02, 0x30, 0x00, 0x00, 
    0x04, 0x04, 0x04, 0x04, 0x10, 0x20, 0x00, 0x00, 0x04, 0x04, 0x9d, 0x08, 0x04, 0x04, 0x04, 0x04, 
    0x28, 0x04, 0x04, 0x2c, 0x04, 0x00, 0x00, 0x00, 0x06, 0x30, 0x00, 0x00, 0x00, 0x00, 0x00, 0x00, 
    0x04, 0x20, 0x00, 0x00, 0x28, 0x00, 0x00, 0x00, 0x02, 0x30, 0x00, 0x00, 0x00, 0x00, 0x00, 0x00, 
    0x04, 0x20, 0x00, 0x00, 0x00, 0x00, 0x28, 0x00, 0x06, 0x30, 0x00, 0x00, 0x00, 0x00, 0x00, 0x00, 
    0x04, 0x20, 0x00, 0x00, 0x04, 0x51, 0x04, 0x00, 0x24, 0x30, 0x00, 0x00, 0x00, 0x00, 0x00, 0x00, 
    0x29, 0x30, 0x00, 0x00, 0x00, 0x00, 0x00, 0x00, 0x28, 0x20, 0x00, 0x00, 0x00, 0x00, 0x04, 0x04, 
    0x51, 0x04, 0x00, 0x00, 0x00, 0x00, 0x00, 0x00, 0x04, 0x28, 0x00, 0x00, 0x00, 0x00, 0x00, 0x00, 
    0x00, 0x00, 0x24, 0x00, 0x00, 0x00, 0x00, 0x04, 0x04, 0x04, 0x04, 0x04, 0x0c, 0x7c, 0x99, 0x08, 
    0x04, 0x04, 0x04, 0x00, 0x03, 0x30, 0x00, 0x00, 0x00, 0x00, 0x00, 0x00, 0x04, 0x20, 0x00, 0x00, 
    0x04, 0x00, 0x00, 0x00, 0x08, 0x30, 0x00, 0x00, 0x00, 0x00, 0x00, 0x00, 0x04, 0x20, 0x00, 0x00, 
    0x28, 0x00, 0x00, 0x00, 0x07, 0x30, 0x00, 0x00, 0x00, 0x00, 0x00, 0x00, 0x04, 0x20, 0x00, 0x00, 
    0x00, 0x00, 0x04, 0x51, 0x06, 0x30, 0x00, 0x00, 0x00, 0x00, 0x00, 0x00, 0x04, 0x20, 0x00, 0x00, 
    0x04, 0x00, 0x00, 0x00, 0x02, 0x30, 0x00, 0x00, 0x00, 0x00, 0x00, 0x00, 0x14, 0x20, 0x00, 0x00, 
    0x00, 0x04, 0x04, 0x04, 0x24, 0x28, 0x28, 0x48, 0x48, 0x4c, 0x4c, 0x4c, 0x48, 0x28, 0x28, 0x28, 
    0x24, 0x04, 0x00, 0x00, 0x0e, 0x30, 0x00, 0x00, 0x00, 0x00, 0x00, 0x00, 0x08, 0x20, 0x00, 0x00, 
    0x00, 0x00, 0x04, 0x04, 0x2c, 0x2c, 0x00, 0x00, 0x0f, 0x30, 0x00, 0x00, 0x00, 0x00, 0x00, 0x00, 
    0x10, 0x20, 0x00, 0x00, 0x00, 0x00, 0x04, 0x04, 0x04, 0x04, 0x04, 0x30, 0x30, 0x30, 0x4c, 0x4c, 
    0x04, 0x04, 0x04, 0x04, 0x05, 0x30, 0x00, 0x00, 0x00, 0x00, 0x00, 0x00, 0x04, 0x20, 0x00, 0x00, 
    0x04, 0x00, 0x00, 0x00, 0x07, 0x30, 0x00, 0x00, 0x00, 0x00, 0x00, 0x00, 0x34, 0x20, 0x00, 0x00, 
    0x00, 0x04, 0x04, 0x04, 0x04, 0x04, 0x04, 0x04, 0x04, 0x2c, 0x4c, 0x4c, 0x4c, 0x04, 0x04, 0x00, 
    0x04, 0x04, 0x04, 0x00, 0x04, 0x04, 0x04, 0x28, 0x04, 0x04, 0x04, 0x04, 0x00, 0x00, 0x00, 0x00, 
    0x04, 0x04, 0x04, 0x04, 0x04, 0x04, 0x9d, 0x08, 0x08, 0x08, 0x28, 0x08, 0x04, 0x04, 0x04, 0x2c, 
    0x04, 0x00, 0x00, 0x00, 0x03, 0x30, 0x00, 0x00, 0x00, 0x00, 0x00, 0x00, 0x04, 0x20, 0x00, 0x00, 
    0x00, 0x00, 0x28, 0x04, 0x02, 0x30, 0x00, 0x00, 0x00, 0x00, 0x00, 0x00, 0x04, 0x20, 0x00, 0x00, 
    0x00, 0x28, 0x00, 0x00, 0x02, 0x30, 0x00, 0x00, 0x00, 0x00, 0x00, 0x00, 0x04, 0x20, 0x00, 0x00, 
    0x00, 0x00, 0x04, 0x28, 0x06, 0x30, 0x00, 0x00, 0x00, 0x00, 0x00, 0x00, 0x04, 0x20, 0x00, 0x00, 
    0x00, 0x00, 0x51, 0x04, 0x24, 0x30, 0x00, 0x00, 0x00, 0x00, 0x00, 0x00, 0x29, 0x30, 0x00, 0x00, 
    0x00, 0x00, 0x00, 0x00, 0x28, 0x20, 0x00, 0x00, 0x00, 0x00, 0x04, 0x51, 0x04, 0x04, 0x00, 0x00, 
    0x00, 0x00, 0x00, 0x00, 0x28, 0x00, 0x00, 0x00, 0x00, 0x00, 0x00, 0x00, 0x00, 0x04, 0x00, 0x00, 
    0x00, 0x00, 0x04, 0x04, 0x04, 0x28, 0x04, 0x04, 0x7c, 0x7c, 0x08, 0x08, 0x04, 0x04, 0x00, 0x00, 
    0x02, 0x30, 0x00, 0x00, 0x00, 0x00, 0x00, 0x00, 0x04, 0x20, 0x00, 0x00, 0x00, 0x00, 0x00, 0x04, 
    0x09, 0x30, 0x00, 0x00, 0x00, 0x00, 0x00, 0x00, 0x04, 0x20, 0x00, 0x00, 0x00, 0x28, 0x00, 0x00, 
    0x07, 0x30, 0x00, 0x00, 0x00, 0x00, 0x00, 0x00, 0x04, 0x20, 0x00, 0x00, 0x00, 0x00, 0x04, 0x51, 
    0x06, 0x30, 0x00, 0x00, 0x00, 0x00, 0x00, 0x00, 0x04, 0x20, 0x00, 0x00, 0x04, 0x00, 0x00, 0x00, 
    0x02, 0x30, 0x00, 0x00, 0x00, 0x00, 0x00, 0x00, 0x14, 0x20, 0x00, 0x00, 0x00, 0x04, 0x04, 0x24, 
    0x28, 0x28, 0x4c, 0x4c, 0x51, 0x51, 0x51, 0x51, 0x51, 0x4c, 0x48, 0x28, 0x28, 0x24, 0x04, 0x00, 
    0x0e, 0x30, 0x00, 0x00, 0x00, 0x00, 0x00, 0x00, 0x08, 0x20, 0x00, 0x00, 0x00, 0x00, 0x04, 0x28, 
    0x2c, 0x2c, 0x00, 0x00, 0x0f, 0x30, 0x00, 0x00, 0x00, 0x00, 0x00, 0x00, 0x10, 0x20, 0x00, 0x00, 
    0x00, 0x00, 0x04, 0x4c, 0x4c, 0x4c, 0x30, 0x30, 0x30, 0x30, 0x04, 0x04, 0x04, 0x04, 0x04, 0x04, 
    0x0d, 0x30, 0x00, 0x00, 0x00, 0x00, 0x00, 0x00, 0x34, 0x20, 0x00, 0x00, 0x04, 0x04, 0x04, 0x4c, 
    0x4c, 0x4c, 0x4c, 0x2c, 0x2c, 0x2c, 0x04, 0x04, 0x04, 0x04, 0x00, 0x00, 0x00, 0x00, 0x00, 0x00, 
    0x00, 0x00, 0x04, 0x00, 0x28, 0x00, 0x04, 0x04, 0x04, 0x04, 0x00, 0x00, 0x04, 0x04, 0x04, 0x04, 
    0x04, 0x04, 0x9d, 0x08, 0x04, 0x28, 0x04, 0x04, 0x04, 0x04, 0x04, 0x2c, 0x04, 0x00, 0x00, 0x00, 
    0x03, 0x30, 0x00, 0x00, 0x00, 0x00, 0x00, 0x00, 0x04, 0x20, 0x00, 0x00, 0x00, 0x28, 0x08, 0x08, 
    0x02, 0x30, 0x00, 0x00, 0x00, 0x00, 0x00, 0x00, 0x04, 0x20, 0x00, 0x00, 0x00, 0x00, 0x28, 0x00, 
    0x03, 0x30, 0x00, 0x00, 0x00, 0x00, 0x00, 0x00, 0x04, 0x20, 0x00, 0x00, 0x28, 0x00, 0x00, 0x00, 
    0x05, 0x30, 0x00, 0x00, 0x00, 0x00, 0x00, 0x00, 0x04, 0x20, 0x00, 0x00, 0x00, 0x00, 0x51, 0x04, 
    0x24, 0x30, 0x00, 0x00, 0x00, 0x00, 0x00, 0x00, 0x29, 0x30, 0x00, 0x00, 0x00, 0x00, 0x00, 0x00, 
    0x28, 0x20, 0x00, 0x00, 0x00, 0x00, 0x04, 0x51, 0x04, 0x00, 0x00, 0x00, 0x00, 0x00, 0x00, 0x00, 
    0x28, 0x04, 0x00, 0x00, 0x00, 0x00, 0x00, 0x00, 0x00, 0x24, 0x00, 0x00, 0x00, 0x00, 0x04, 0x04, 
    0x08, 0x28, 0x28, 0x08, 0x7c, 0x7c, 0x24, 0x04, 0x04, 0x04, 0x00, 0x00, 0x02, 0x30, 0x00, 0x00, 
    0x00, 0x00, 0x00, 0x00, 0x04, 0x20, 0x00, 0x00, 0x00, 0x00, 0x00, 0x04, 0x09, 0x30, 0x00, 0x00, 
    0x00, 0x00, 0x00, 0x00, 0x04, 0x20, 0x00, 0x00, 0x00, 0x00, 0x28, 0x00, 0x07, 0x30, 0x00, 0x00, 
    0x00, 0x00, 0x00, 0x00, 0x04, 0x20, 0x00, 0x00, 0x00, 0x00, 0x51, 0x04, 0x05, 0x30, 0x00, 0x00, 
    0x00, 0x00, 0x00, 0x00, 0x04, 0x20, 0x00, 0x00, 0x00, 0x00, 0x00, 0x04, 0x03, 0x30, 0x00, 0x00, 
    0x00, 0x00, 0x00, 0x00, 0x14, 0x20, 0x00, 0x00, 0x04, 0x04, 0x04, 0x28, 0x28, 0x4c, 0x51, 0x51, 
    0x99, 0xff, 0xff, 0xff, 0x51, 0x51, 0x4c, 0x48, 0x28, 0x24, 0x04, 0x00, 0x0e, 0x30, 0x00, 0x00, 
    0x00, 0x00, 0x00, 0x00, 0x08, 0x20, 0x00, 0x00, 0x00, 0x00, 0x28, 0x00, 0x04, 0x28, 0x00, 0x00, 
    0x0d, 0x30, 0x00, 0x00, 0x00, 0x00, 0x00, 0x00, 0x14, 0x20, 0x00, 0x00, 0x00, 0x00, 0x00, 0x04, 
    0x04, 0x04, 0x04, 0x04, 0x04, 0x4c, 0x4c, 0x4c, 0x4c, 0x2c, 0x04, 0x04, 0x04, 0x04, 0x00, 0x00, 
    0x0c, 0x30, 0x00, 0x00, 0x00, 0x00, 0x00, 0x00, 0x10, 0x20, 0x00, 0x00, 0x00, 0x00, 0x04, 0x00, 
    0x04, 0x04, 0x04, 0x04, 0x2c, 0x2c, 0x2c, 0x2c, 0x4c, 0x2c, 0x4c, 0x04, 0x04, 0x30, 0x00, 0x00, 
    0x00, 0x00, 0x00, 0x00, 0x1c, 0x20, 0x00, 0x00, 0x00, 0x28, 0x00, 0x00, 0x00, 0x00, 0x00, 0x04, 
    0x04, 0x04, 0x04, 0x04, 0x04, 0x04, 0x9d, 0x08, 0x08, 0x04, 0x04, 0x04, 0x04, 0x04, 0x04, 0x4c, 
    0x04, 0x00, 0x00, 0x00, 0x03, 0x30, 0x00, 0x00, 0x00, 0x00, 0x00, 0x00, 0x04, 0x20, 0x00, 0x00, 
    0x00, 0x00, 0x28, 0x00, 0x02, 0x30, 0x00, 0x00, 0x00, 0x00, 0x00, 0x00, 0x04, 0x20, 0x00, 0x00, 
    0x00, 0x00, 0x00, 0x28, 0x03, 0x30, 0x00, 0x00, 0x00, 0x00, 0x00, 0x00, 0x04, 0x20, 0x00, 0x00, 
    0x28, 0x00, 0x00, 0x00, 0x05, 0x30, 0x00, 0x00, 0x00, 0x00, 0x00, 0x00, 0x04, 0x20, 0x00, 0x00, 
    0x00, 0x00, 0x4c, 0x04, 0x24, 0x30, 0x00, 0x00, 0x00, 0x00, 0x00, 0x00, 0x29, 0x30, 0x00, 0x00, 
    0x00, 0x00, 0x00, 0x00, 0x28, 0x20, 0x00, 0x00, 0x00, 0x00, 0x51, 0x04, 0x00, 0x00, 0x00, 0x00, 
    0x00, 0x00, 0x28, 0x00, 0x28, 0x04, 0x00, 0x00, 0x00, 0x00, 0x00, 0x00, 0x04, 0x00, 0x00, 0x00, 
    0x00, 0x00, 0x04, 0x04, 0x08, 0x28, 0x08, 0x08, 0x7c, 0x7c, 0x24, 0x04, 0x04, 0x04, 0x00, 0x00, 
    0x02, 0x30, 0x00, 0x00, 0x00, 0x00, 0x00, 0x00, 0x04, 0x20, 0x00, 0x00, 0x00, 0x00, 0x04, 0x00, 
    0x09, 0x30, 0x00, 0x00, 0x00, 0x00, 0x00, 0x00, 0x04, 0x20, 0x00, 0x00, 0x00, 0x00, 0x00, 0x28, 
    0x07, 0x30, 0x00, 0x00, 0x00, 0x00, 0x00, 0x00, 0x04, 0x20, 0x00, 0x00, 0x00, 0x00, 0x51, 0x04, 
    0x05, 0x30, 0x00, 0x00, 0x00, 0x00, 0x00, 0x00, 0x04, 0x20, 0x00, 0x00, 0x00, 0x00, 0x04, 0x00, 
    0x03, 0x30, 0x00, 0x00, 0x00, 0x00, 0x00, 0x00, 0x14, 0x20, 0x00, 0x00, 0x04, 0x24, 0x28, 0x28, 
    0x48, 0x51, 0x51, 0xff, 0xff, 0xff, 0xff, 0xff, 0xff, 0xff, 0x51, 0x51, 0x28, 0x28, 0x24, 0x04, 
    0x0e, 0x30, 0x00, 0x00, 0x00, 0x00, 0x00, 0x00, 0x08, 0x20, 0x00, 0x00, 0x00, 0x28, 0x00, 0x00, 
    0x04, 0x28, 0x28, 0x00, 0x0a, 0x30, 0x00, 0x00, 0x00, 0x00, 0x00, 0x00, 0x20, 0x20, 0x00, 0x00, 
    0x00, 0x00, 0x04, 0x04, 0x04, 0x04, 0x04, 0x04, 0x00, 0x04, 0x04, 0x00, 0x00, 0x00, 0x04, 0x04, 
    0x04, 0x4c, 0x4c, 0x4c, 0x4c, 0x4c, 0x04, 0x04, 0x04, 0x04, 0x04, 0x04, 0x04, 0x04, 0x00, 0x00, 
    0x0c, 0x30, 0x00, 0x00, 0x00, 0x00, 0x00, 0x00, 0x10, 0x20, 0x00, 0x00, 0x00, 0x00, 0x00, 0x04, 
    0x04, 0x4c, 0x4c, 0x4c, 0x2c, 0x04, 0x04, 0x04, 0x04, 0x04, 0x04, 0x04, 0x04, 0x30, 0x00, 0x00, 
    0x00, 0x00, 0x00, 0x00, 0x18, 0x20, 0x00, 0x00, 0x04, 0x00, 0x28, 0x00, 0x00, 0x00, 0x04, 0x04, 
    0x04, 0x04, 0x04, 0x04, 0x08, 0x9d, 0x08, 0x08, 0x04, 0x04, 0x04, 0x04, 0x04, 0x04, 0x04, 0x2c, 
    0x07, 0x30, 0x00, 0x00, 0x00, 0x00, 0x00, 0x00, 0x04, 0x20, 0x00, 0x00, 0x00, 0x00, 0x00, 0x28, 
    0x03, 0x30, 0x00, 0x00, 0x00, 0x00, 0x00, 0x00, 0x04, 0x20, 0x00, 0x00, 0x00, 0x28, 0x00, 0x00, 
    0x05, 0x30, 0x00, 0x00, 0x00, 0x00, 0x00, 0x00, 0x04, 0x20, 0x00, 0x00, 0x00, 0x00, 0x04, 0x4c, 
    0x24, 0x30, 0x00, 0x00, 0x00, 0x00, 0x00, 0x00, 0x29, 0x30, 0x00, 0x00, 0x00, 0x00, 0x00, 0x00, 
    0x28, 0x20, 0x00, 0x00, 0x00, 0x04, 0x51, 0x04, 0x00, 0x00, 0x00, 0x00, 0x00, 0x28, 0x08, 0x28, 
    0x00, 0x00, 0x00, 0x00, 0x00, 0x00, 0x00, 0x04, 0x00, 0x00, 0x00, 0x00, 0x00, 0x00, 0x04, 0x04, 
    0x04, 0x08, 0x08, 0x99, 0x99, 0x08, 0x04, 0x04, 0x04, 0x04, 0x00, 0x00, 0x02, 0x30, 0x00, 0x00, 
    0x00, 0x00, 0x00, 0x00, 0x04, 0x20, 0x00, 0x00, 0x00, 0x00, 0x04, 0x00, 0x09, 0x30, 0x00, 0x00, 
    0x00, 0x00, 0x00, 0x00, 0x04, 0x20, 0x00, 0x00, 0x00, 0x00, 0x00, 0x28, 0x07, 0x30, 0x00, 0x00, 
    0x00, 0x00, 0x00, 0x00, 0x04, 0x20, 0x00, 0x00, 0x04, 0x51, 0x00, 0x00, 0x05, 0x30, 0x00, 0x00, 
    0x00, 0x00, 0x00, 0x00, 0x04, 0x20, 0x00, 0x00, 0x00, 0x04, 0x00, 0x00, 0x02, 0x30, 0x00, 0x00, 
    0x00, 0x00, 0x00, 0x00, 0x18, 0x20, 0x00, 0x00, 0x00, 0x00, 0x00, 0x04, 0x04, 0x28, 0x28, 0x48, 
    0x4c, 0x51, 0x99, 0xff, 0xff, 0xff, 0xff, 0xff, 0xff, 0xff, 0x51, 0x51, 0x48, 0x28, 0x24, 0x04, 
    0x0d, 0x30, 0x00, 0x00, 0x00, 0x00, 0x00, 0x00, 0x0c, 0x20, 0x00, 0x00, 0x00, 0x00, 0x00, 0x28, 
    0x28, 0x00, 0x00, 0x00, 0x04, 0x28, 0x00, 0x00, 0x0a, 0x30, 0x00, 0x00, 0x00, 0x00, 0x00, 0x00, 
    0x03, 0x30, 0x00, 0x00, 0x04, 0x04, 0x04, 0x04, 0x0c, 0x20, 0x00, 0x00, 0x04, 0x04, 0x04, 0x30, 
    0x4c, 0x4c, 0x4c, 0x4c, 0x04, 0x04, 0x00, 0x00, 0x0d, 0x30, 0x00, 0x00, 0x00, 0x00, 0x00, 0x00, 
    0x0c, 0x20, 0x00, 0x00, 0x04, 0x04, 0x04, 0x04, 0x04, 0x04, 0x2c, 0x2c, 0x4c, 0x4c, 0x04, 0x00, 
    0x06, 0x30, 0x00, 0x00, 0x00, 0x00, 0x00, 0x00, 0x18, 0x20, 0x00, 0x00, 0x00, 0x00, 0x00, 0x28, 
    0x00, 0x00, 0x04, 0x04, 0x04, 0x04, 0x04, 0x04, 0x08, 0x9d, 0x28, 0x04, 0x04, 0x04, 0x04, 0x04, 
    0x04, 0x04, 0x04, 0x2c, 0x08, 0x30, 0x00, 0x00, 0x00, 0x00, 0x00, 0x00, 0x04, 0x20, 0x00, 0x00, 
    0x28, 0x00, 0x00, 0x00, 0x02, 0x30, 0x00, 0x00, 0x00, 0x00, 0x00, 0x00, 0x04, 0x20, 0x00, 0x00, 
    0x00, 0x00, 0x28, 0x00, 0x05, 0x30, 0x00, 0x00, 0x00, 0x00, 0x00, 0x00, 0x04, 0x20, 0x00, 0x00, 
    0x00, 0x00, 0x04, 0x51, 0x24, 0x30, 0x00, 0x00, 0x00, 0x00, 0x00, 0x00, 0x29, 0x30, 0x00, 0x00, 
    0x00, 0x00, 0x00, 0x00, 0x28, 0x20, 0x00, 0x00, 0x00, 0x00, 0x51, 0x04, 0x00, 0x04, 0x00, 0x00, 
    0x04, 0x04, 0x28, 0x28, 0x00, 0x00, 0x00, 0x00, 0x00, 0x00, 0x00, 0x04, 0x00, 0x00, 0x00, 0x00, 
    0x00, 0x04, 0x04, 0x04, 0x04, 0x08, 0x08, 0x99, 0x99, 0x08, 0x04, 0x04, 0x04, 0x04, 0x00, 0x00, 
    0x02, 0x30, 0x00, 0x00, 0x00, 0x00, 0x00, 0x00, 0x04, 0x20, 0x00, 0x00, 0x00, 0x00, 0x04, 0x00, 
    0x0a, 0x30, 0x00, 0x00, 0x00, 0x00, 0x00, 0x00, 0x04, 0x20, 0x00, 0x00, 0x28, 0x00, 0x00, 0x00, 
    0x06, 0x30, 0x00, 0x00, 0x00, 0x00, 0x00, 0x00, 0x04, 0x20, 0x00, 0x00, 0x04, 0x51, 0x00, 0x00, 
    0x05, 0x30, 0x00, 0x00, 0x00, 0x00, 0x00, 0x00, 0x04, 0x20, 0x00, 0x00, 0x04, 0x00, 0x00, 0x00, 
    0x02, 0x30, 0x00, 0x00, 0x00, 0x00, 0x00, 0x00, 0x18, 0x20, 0x00, 0x00, 0x00, 0x00, 0x04, 0x04, 
    0x04, 0x28, 0x28, 0x4c, 0x51, 0x99, 0xff, 0xff, 0xff, 0xff, 0xff, 0xff, 0xff, 0xff, 0xff, 0x51, 
    0x4c, 0x28, 0x24, 0x04, 0x0d, 0x30, 0x00, 0x00, 0x00, 0x00, 0x00, 0x00, 0x0c, 0x20, 0x00, 0x00, 
    0x00, 0x00, 0x28, 0x00, 0x00, 0x00, 0x00, 0x00, 0x00, 0x28, 0x00, 0x00, 0x0a, 0x30, 0x00, 0x00, 
    0x00, 0x00, 0x00, 0x00, 0x18, 0x20, 0x00, 0x00, 0x04, 0x04, 0x24, 0x24, 0x24, 0x24, 0x24, 0x24, 
    0x04, 0x04, 0x04, 0x51, 0x4c, 0x4c, 0x4c, 0x30, 0x04, 0x04, 0x04, 0x04, 0x04, 0x04, 0x00, 0x00, 
    0x0d, 0x30, 0x00, 0x00, 0x00, 0x00, 0x00, 0x00, 0x0c, 0x20, 0x00, 0x00, 0x04, 0x28, 0x4c, 0x4c, 
    0x4c, 0x4c, 0x2c, 0x04, 0x04, 0x04, 0x00, 0x00, 0x07, 0x30, 0x00, 0x00, 0x00, 0x00, 0x00, 0x00, 
    0x14, 0x20, 0x00, 0x00, 0x28, 0x00, 0x04, 0x04, 0x04, 0x04, 0x04, 0x04, 0x0c, 0x9d, 0x04, 0x04, 
    0x04, 0x04, 0x00, 0x00, 0x04, 0x00, 0x04, 0x2c, 0x08, 0x30, 0x00, 0x00, 0x00, 0x00, 0x00, 0x00, 
    0x04, 0x20, 0x00, 0x00, 0x00, 0x28, 0x00, 0x00, 0x02, 0x30, 0x00, 0x00, 0x00, 0x00, 0x00, 0x00, 
    0x04, 0x20, 0x00, 0x00, 0x00, 0x00, 0x28, 0x00, 0x05, 0x30, 0x00, 0x00, 0x00, 0x00, 0x00, 0x00, 
    0x08, 0x20, 0x00, 0x00, 0x00, 0x00, 0x04, 0x04, 0x51, 0x00, 0x00, 0x00, 0x23, 0x30, 0x00, 0x00, 
    0x00, 0x00, 0x00, 0x00, 0x29, 0x30, 0x00, 0x00, 0x00, 0x00, 0x00, 0x00, 0x28, 0x20, 0x00, 0x00, 
    0x04, 0x51, 0x04, 0x04, 0x00, 0x04, 0x00, 0x00, 0x00, 0x00, 0x28, 0x04, 0x00, 0x00, 0x00, 0x00, 
    0x00, 0x00, 0x04, 0x00, 0x00, 0x00, 0x00, 0x00, 0x00, 0x00, 0x04, 0x04, 0x04, 0x08, 0x08, 0x78, 
    0x99, 0x08, 0x04, 0x04, 0x04, 0x00, 0x00, 0x00, 0x02, 0x30, 0x00, 0x00, 0x00, 0x00, 0x00, 0x00, 
    0x04, 0x20, 0x00, 0x00, 0x00, 0x04, 0x00, 0x00, 0x06, 0x30, 0x00, 0x00, 0x00, 0x00, 0x00, 0x00, 
    0x08, 0x20, 0x00, 0x00, 0x00, 0x00, 0x04, 0x04, 0x04, 0x04, 0x04, 0x00, 0x02, 0x30, 0x00, 0x00, 
    0x00, 0x00, 0x00, 0x00, 0x04, 0x20, 0x00, 0x00, 0x00, 0x28, 0x00, 0x00, 0x06, 0x30, 0x00, 0x00, 
    0x00, 0x00, 0x00, 0x00, 0x04, 0x20, 0x00, 0x00, 0x51, 0x04, 0x00, 0x00, 0x05, 0x30, 0x00, 0x00, 
    0x00, 0x00, 0x00, 0x00, 0x04, 0x20, 0x00, 0x00, 0x04, 0x00, 0x00, 0x00, 0x02, 0x30, 0x00, 0x00, 
    0x00, 0x00, 0x00, 0x00, 0x18, 0x20, 0x00, 0x00, 0x04, 0x04, 0x04, 0x04, 0x28, 0x28, 0x2c, 0x4c, 
    0x51, 0x99, 0xff, 0xff, 0xff, 0xff, 0xff, 0xff, 0xff, 0xff, 0xff, 0x51, 0x4c, 0x28, 0x24, 0x04, 
    0x0b, 0x30, 0x00, 0x00, 0x00, 0x00, 0x00, 0x00, 0x14, 0x20, 0x00, 0x00, 0x00, 0x04, 0x00, 0x00, 
    0x00, 0x00, 0x00, 0x00, 0x00, 0x28, 0x00, 0x00, 0x00, 0x00, 0x00, 0x00, 0x00, 0x28, 0x00, 0x00, 
    0x0a, 0x30, 0x00, 0x00, 0x00, 0x00, 0x00, 0x00, 0x10, 0x20, 0x00, 0x00, 0x04, 0x24, 0x08, 0xde, 
    0xde, 0x08, 0x08, 0x08, 0x08, 0x50, 0x51, 0x51, 0x4c, 0x4c, 0x04, 0x04, 0x0a, 0x30, 0x00, 0x00, 
    0x00, 0x00, 0x00, 0x00, 0x04, 0x20, 0x00, 0x00, 0x00, 0x00, 0x00, 0x04, 0x03, 0x30, 0x00, 0x00, 
    0x00, 0x00, 0x00, 0x00, 0x08, 0x20, 0x00, 0x00, 0x00, 0x00, 0x04, 0x04, 0x30, 0x30, 0x4c, 0x04, 
    0x09, 0x30, 0x00, 0x00, 0x00, 0x00, 0x00, 0x00, 0x14, 0x20, 0x00, 0x00, 0x00, 0x28, 0x04, 0x04, 
    0x04, 0x04, 0x04, 0x28, 0x08, 0x9d, 0x04, 0x04, 0x04, 0x04, 0x00, 0x00, 0x00, 0x00, 0x04, 0x2c, 
    0x08, 0x30, 0x00, 0x00, 0x00, 0x00, 0x00, 0x00, 0x04, 0x20, 0x00, 0x00, 0x00, 0x00, 0x24, 0x00, 
    0x02, 0x30, 0x00, 0x00, 0x00, 0x00, 0x00, 0x00, 0x04, 0x20, 0x00, 0x00, 0x00, 0x00, 0x28, 0x00, 
    0x06, 0x30, 0x00, 0x00, 0x00, 0x00, 0x00, 0x00, 0x04, 0x20, 0x00, 0x00, 0x51, 0x04, 0x00, 0x00, 
    0x23, 0x30, 0x00, 0x00, 0x00, 0x00, 0x00, 0x00, 0x29, 0x30, 0x00, 0x00, 0x00, 0x00, 0x00, 0x00, 
    0x24, 0x20, 0x00, 0x00, 0x04, 0x51, 0x00, 0x04, 0x04, 0x00, 0x00, 0x00, 0x00, 0x00, 0x28, 0x04, 
    0x00, 0x00, 0x00, 0x00, 0x00, 0x00, 0x04, 0x00, 0x00, 0x00, 0x00, 0x00, 0x00, 0x00, 0x04, 0x04, 
    0x08, 0x08, 0x78, 0x78, 0x08, 0x08, 0x04, 0x04, 0x03, 0x30, 0x00, 0x00, 0x00, 0x00, 0x00, 0x00, 
    0x04, 0x20, 0x00, 0x00, 0x04, 0x00, 0x00, 0x00, 0x06, 0x30, 0x00, 0x00, 0x00, 0x00, 0x00, 0x00, 
    0x08, 0x20, 0x00, 0x00, 0x04, 0x04, 0x24, 0x24, 0x24, 0x04, 0x04, 0x04, 0x02, 0x30, 0x00, 0x00, 
    0x00, 0x00, 0x00, 0x00, 0x04, 0x20, 0x00, 0x00, 0x00, 0x00, 0x28, 0x00, 0x06, 0x30, 0x00, 0x00, 
    0x00, 0x00, 0x00, 0x00, 0x04, 0x20, 0x00, 0x00, 0x51, 0x04, 0x00, 0x00, 0x04, 0x30, 0x00, 0x00, 
    0x00, 0x00, 0x00, 0x00, 0x04, 0x20, 0x00, 0x00, 0x00, 0x00, 0x00, 0x24, 0x03, 0x30, 0x00, 0x00, 
    0x00, 0x00, 0x00, 0x00, 0x18, 0x20, 0x00, 0x00, 0x04, 0x04, 0x04, 0x28, 0x28, 0x48, 0x4c, 0x51, 
    0x75, 0x99, 0xff, 0xff, 0xff, 0xff, 0xff, 0xff, 0xff, 0xff, 0xff, 0x51, 0x4c, 0x28, 0x24, 0x04, 
    0x0b, 0x30, 0x00, 0x00, 0x00, 0x00, 0x00, 0x00, 0x14, 0x20, 0x00, 0x00, 0x04, 0x04, 0x00, 0x00, 
    0x00, 0x00, 0x00, 0x04, 0x28, 0x00, 0x00, 0x00, 0x00, 0x00, 0x00, 0x00, 0x00, 0x28, 0x00, 0x00, 
    0x09, 0x30, 0x00, 0x00, 0x00, 0x00, 0x00, 0x00, 0x14, 0x20, 0x00, 0x00, 0x00, 0x00, 0x00, 0x04, 
    0x04, 0x24, 0xde, 0xde, 0xde, 0xde, 0x75, 0x51, 0x50, 0x50, 0x08, 0x04, 0x04, 0x04, 0x04, 0x00, 
    0x0a, 0x30, 0x00, 0x00, 0x00, 0x00, 0x00, 0x00, 0x04, 0x20, 0x00, 0x00, 0x00, 0x00, 0x00, 0x04, 
    0x03, 0x30, 0x00, 0x00, 0x00, 0x00, 0x00, 0x00, 0x08, 0x20, 0x00, 0x00, 0x00, 0x04, 0x2c, 0x2c, 
    0x2c, 0x08, 0x04, 0x04, 0x09, 0x30, 0x00, 0x00, 0x00, 0x00, 0x00, 0x00, 0x14, 0x20, 0x00, 0x00, 
    0x00, 0x00, 0x28, 0x04, 0x04, 0x08, 0x28, 0x04, 0x99, 0x08, 0x04, 0x04, 0x04, 0x04, 0x00, 0x00, 
    0x00, 0x00, 0x04, 0x2c, 0x08, 0x30, 0x00, 0x00, 0x00, 0x00, 0x00, 0x00, 0x04, 0x20, 0x00, 0x00, 
    0x00, 0x00, 0x28, 0x00, 0x02, 0x30, 0x00, 0x00, 0x00, 0x00, 0x00, 0x00, 0x04, 0x20, 0x00, 0x00, 
    0x00, 0x00, 0x00, 0x28, 0x06, 0x30, 0x00, 0x00, 0x00, 0x00, 0x00, 0x00, 0x04, 0x20, 0x00, 0x00, 
    0x04, 0x51, 0x00, 0x00, 0x23, 0x30, 0x00, 0x00, 0x00, 0x00, 0x00, 0x00, 0x29, 0x30, 0x00, 0x00, 
    0x00, 0x00, 0x00, 0x00, 0x24, 0x20, 0x00, 0x00, 0x51, 0x04, 0x00, 0x00, 0x00, 0x00, 0x00, 0x00, 
    0x00, 0x00, 0x28, 0x00, 0x00, 0x00, 0x00, 0x00, 0x00, 0x04, 0x00, 0x00, 0x00, 0x00, 0x00, 0x00, 
    0x04, 0x04, 0x04, 0x04, 0x08, 0x99, 0x78, 0x78, 0x04, 0x04, 0x04, 0x04, 0x03, 0x30, 0x00, 0x00, 
    0x00, 0x00, 0x00, 0x00, 0x04, 0x20, 0x00, 0x00, 0x04, 0x00, 0x00, 0x00, 0x06, 0x30, 0x00, 0x00, 
    0x00, 0x00, 0x00, 0x00, 0x14, 0x20, 0x00, 0x00, 0x04, 0x04, 0x04, 0x08, 0xde, 0xde, 0x08, 0x04, 
    0x04, 0x00, 0x00, 0x00, 0x00, 0x00, 0x00, 0x00, 0x00, 0x00, 0x04, 0x28, 0x05, 0x30, 0x00, 0x00, 
    0x00, 0x00, 0x00, 0x00, 0x04, 0x20, 0x00, 0x00, 0x00, 0x00, 0x04, 0x51, 0x05, 0x30, 0x00, 0x00, 
    0x00, 0x00, 0x00, 0x00, 0x04, 0x20, 0x00, 0x00, 0x00, 0x00, 0x00, 0x24, 0x02, 0x30, 0x00, 0x00, 
    0x00, 0x00, 0x00, 0x00, 0x1c, 0x20, 0x00, 0x00, 0x00, 0x04, 0x04, 0x04, 0x04, 0x04, 0x08, 0x28, 
    0x2c, 0x2c, 0x50, 0x51, 0x99, 0xde, 0xff, 0xff, 0xff, 0xff, 0xff, 0xff, 0xff, 0xff, 0x51, 0x51, 
    0x48, 0x28, 0x24, 0x04, 0x0b, 0x30, 0x00, 0x00, 0x00, 0x00, 0x00, 0x00, 0x08, 0x20, 0x00, 0x00, 
    0x00, 0x04, 0x00, 0x00, 0x00, 0x00, 0x04, 0x28, 0x02, 0x30, 0x00, 0x00, 0x00, 0x00, 0x00, 0x00, 
    0x04, 0x20, 0x00, 0x00, 0x00, 0x00, 0x28, 0x00, 0x09, 0x30, 0x00, 0x00, 0x00, 0x00, 0x00, 0x00, 
    0x14, 0x20, 0x00, 0x00, 0x00, 0x00, 0x00, 0x04, 0x04, 0x24, 0xbd, 0xde, 0xde, 0xde, 0x75, 0x51, 
    0x08, 0x04, 0x04, 0x04, 0x04, 0x00, 0x00, 0x00, 0x0b, 0x30, 0x00, 0x00, 0x00, 0x00, 0x00, 0x00, 
    0x10, 0x20, 0x00, 0x00, 0x04, 0x00, 0x00, 0x00, 0x00, 0x00, 0x00, 0x00, 0x04, 0x04, 0x04, 0x04, 
    0x2c, 0x2c, 0x4c, 0x4c, 0x0a, 0x30, 0x00, 0x00, 0x00, 0x00, 0x00, 0x00, 0x14, 0x20, 0x00, 0x00, 
    0x04, 0x00, 0x04, 0x28, 0x28, 0x04, 0x04, 0x04, 0x9d, 0x04, 0x04, 0x04, 0x04, 0x04, 0x00, 0x00, 
    0x00, 0x00, 0x04, 0x2c, 0x08, 0x30, 0x00, 0x00, 0x00, 0x00, 0x00, 0x00, 0x04, 0x20, 0x00, 0x00, 
    0x00, 0x00, 0x00, 0x24, 0x02, 0x30, 0x00, 0x00, 0x00, 0x00, 0x00, 0x00, 0x04, 0x20, 0x00, 0x00, 
    0x00, 0x00, 0x00, 0x28, 0x06, 0x30, 0x00, 0x00, 0x00, 0x00, 0x00, 0x00, 0x04, 0x20, 0x00, 0x00, 
    0x04, 0x51, 0x00, 0x00, 0x23, 0x30, 0x00, 0x00, 0x00, 0x00, 0x00, 0x00, 0x29, 0x30, 0x00, 0x00, 
    0x00, 0x00, 0x00, 0x00, 0x24, 0x20, 0x00, 0x00, 0x51, 0x04, 0x00, 0x00, 0x00, 0x00, 0x00, 0x00, 
    0x00, 0x28, 0x00, 0x00, 0x00, 0x00, 0x00, 0x00, 0x00, 0x04, 0x00, 0x00, 0x00, 0x00, 0x00, 0x00, 
    0x04, 0x04, 0x04, 0x04, 0x08, 0x99, 0x78, 0x08, 0x04, 0x04, 0x04, 0x04, 0x02, 0x30, 0x00, 0x00, 
    0x00, 0x00, 0x00, 0x00, 0x04, 0x20, 0x00, 0x00, 0x00, 0x00, 0x00, 0x04, 0x07, 0x30, 0x00, 0x00, 