0x00, 0x00, 0x00, 0x00, 0x10, 0x20, 0x00, 0x00, 
    0x04, 0x04, 0x04, 0x24, 0x08, 0x9d, 0x9d, 0x0c, 0x28, 0x04, 0x04, 0x04, 0x04, 0x00, 0x00, 0x00, 
    0x03, 0x30, 0x00, 0x00, 0x00, 0x00, 0x00, 0x00, 0x10, 0x20, 0x00, 0x00, 0x00, 0x00, 0x04, 0x04, 
    0x04, 0x4c, 0x4c, 0x04, 0x04, 0x04, 0x04, 0x04, 0x04, 0x2c, 0x00, 0x00, 0x0b, 0x30, 0x00, 0x00, 
    0x00, 0x00, 0x00, 0x00, 0x08, 0x20, 0x00, 0x00, 0x28, 0x00, 0x00, 0x00, 0x00, 0x00, 0x24, 0x00, 
    0x1e, 0x30, 0x00, 0x00, 0x00, 0x00, 0x00, 0x00, 0x20, 0x30, 0x00, 0x00, 0x00, 0x00, 0x00, 0x00, 
    0x30, 0x20, 0x00, 0x00, 0x00, 0x00, 0x28, 0x04, 0x04, 0x04, 0x04, 0x28, 0x08, 0x9d, 0x9d, 0x08, 
    0x04, 0x04, 0x04, 0x04, 0x04, 0x00, 0x00, 0x00, 0x00, 0x00, 0x00, 0x00, 0x04, 0x04, 0x04, 0x04, 
    0x54, 0x54, 0x04, 0x04, 0x04, 0x04, 0x2c, 0x04, 0x04, 0x04, 0x00, 0x00, 0x00, 0x00, 0x00, 0x04, 
    0x2c, 0x00, 0x00, 0x00, 0x02, 0x30, 0x00, 0x00, 0x00, 0x00, 0x00, 0x00, 0x04, 0x20, 0x00, 0x00, 
    0x00, 0x00, 0x04, 0x51, 0x04, 0x30, 0x00, 0x00, 0x00, 0x00, 0x00, 0x00, 0x0c, 0x20, 0x00, 0x00, 
    0x04, 0x00, 0x00, 0x00, 0x00, 0x00, 0x00, 0x00, 0x04, 0x00, 0x00, 0x00, 0x0b, 0x30, 0x00, 0x00, 
    0x00, 0x00, 0x00, 0x00, 0x0c, 0x20, 0x00, 0x00, 0x04, 0x04, 0x04, 0x04, 0x08, 0x9d, 0x9d, 0x08, 
    0x28, 0x04, 0x04, 0x04, 0x02, 0x30, 0x00, 0x00, 0x04, 0x04, 0x04, 0x04, 0x0c, 0x20, 0x00, 0x00, 
    0x04, 0x4c, 0x54, 0x50, 0x50, 0x50, 0x04, 0x04, 0x04, 0x04, 0x00, 0x00, 0x0e, 0x30, 0x00, 0x00, 
    0x00, 0x00, 0x00, 0x00, 0x0c, 0x20, 0x00, 0x00, 0x00, 0x00, 0x04, 0x04, 0x04, 0x04, 0x50, 0x50, 
    0x04, 0x04, 0x04, 0x00, 0x03, 0x30, 0x00, 0x00, 0x00, 0x00, 0x00, 0x00, 0x04, 0x20, 0x00, 0x00, 
    0x00, 0x04, 0x00, 0x00, 0x14, 0x30, 0x00, 0x00, 0x00, 0x00, 0x00, 0x00, 0x04, 0x20, 0x00, 0x00, 
    0x04, 0x00, 0x00, 0x00, 0x0d, 0x30, 0x00, 0x00, 0x00, 0x00, 0x00, 0x00, 0x04, 0x20, 0x00, 0x00, 
    0x00, 0x04, 0x04, 0x00, 0x0d, 0x30, 0x00, 0x00, 0x00, 0x00, 0x00, 0x00, 0x04, 0x20, 0x00, 0x00, 
    0x00, 0x00, 0x28, 0x00, 0x03, 0x30, 0x00, 0x00, 0x00, 0x00, 0x00, 0x00, 0x10, 0x20, 0x00, 0x00, 
    0x04, 0x04, 0x04, 0x28, 0x08, 0x9d, 0x9d, 0x08, 0x28, 0x04, 0x04, 0x04, 0x04, 0x00, 0x00, 0x00, 
    0x03, 0x30, 0x00, 0x00, 0x00, 0x00, 0x00, 0x00, 0x10, 0x20, 0x00, 0x00, 0x00, 0x00, 0x04, 0x04, 
    0x04, 0x4c, 0x4c, 0x04, 0x04, 0x04, 0x04, 0x04, 0x04, 0x2c, 0x00, 0x00, 0x0b, 0x30, 0x00, 0x00, 
    0x00, 0x00, 0x00, 0x00, 0x08, 0x20, 0x00, 0x00, 0x28, 0x00, 0x00, 0x00, 0x00, 0x00, 0x24, 0x00, 
    0x1e, 0x30, 0x00, 0x00, 0x00, 0x00, 0x00, 0x00, 0x20, 0x30, 0x00, 0x00, 0x00, 0x00, 0x00, 0x00, 
    0x2c, 0x20, 0x00, 0x00, 0x00, 0x28, 0x00, 0x04, 0x04, 0x04, 0x08, 0x28, 0x0c, 0xbd, 0x28, 0x28, 
    0x04, 0x04, 0x04, 0x04, 0x04, 0x00, 0x00, 0x00, 0x00, 0x00, 0x00, 0x00, 0x04, 0x04, 0x04, 0x04, 
    0x50, 0x50, 0x04, 0x04, 0x04, 0x04, 0x28, 0x04, 0x04, 0x04, 0x00, 0x00, 0x00, 0x00, 0x04, 0x2c, 
    0x03, 0x30, 0x00, 0x00, 0x00, 0x00, 0x00, 0x00, 0x04, 0x20, 0x00, 0x00, 0x00, 0x00, 0x51, 0x04, 
    0x04, 0x30, 0x00, 0x00, 0x00, 0x00, 0x00, 0x00, 0x0c, 0x20, 0x00, 0x00, 0x04, 0x00, 0x00, 0x00, 
    0x00, 0x00, 0x00, 0x00, 0x24, 0x00, 0x00, 0x00, 0x0b, 0x30, 0x00, 0x00, 0x00, 0x00, 0x00, 0x00, 
    0x0c, 0x20, 0x00, 0x00, 0x04, 0x04, 0x04, 0x04, 0x08, 0x9d, 0x9d, 0x08, 0x08, 0x08, 0x04, 0x04, 
    0x02, 0x30, 0x00, 0x00, 0x04, 0x04, 0x04, 0x04, 0x0c, 0x20, 0x00, 0x00, 0x2c, 0x08, 0x54, 0x50, 
    0x04, 0x04, 0x04, 0x04, 0x04, 0x00, 0x00, 0x00, 0x0a, 0x30, 0x00, 0x00, 0x00, 0x00, 0x00, 0x00, 
    0x04, 0x20, 0x00, 0x00, 0x00, 0x00, 0x2c, 0x04, 0x03, 0x30, 0x00, 0x00, 0x00, 0x00, 0x00, 0x00, 
    0x0c, 0x20, 0x00, 0x00, 0x00, 0x00, 0x04, 0x04, 0x08, 0x50, 0x50, 0x50, 0x04, 0x04, 0x00, 0x00, 
    0x03, 0x30, 0x00, 0x00, 0x00, 0x00, 0x00, 0x00, 0x04, 0x20, 0x00, 0x00, 0x00, 0x24, 0x00, 0x00, 
    0x14, 0x30, 0x00, 0x00, 0x00, 0x00, 0x00, 0x00, 0x04, 0x20, 0x00, 0x00, 0x04, 0x00, 0x00, 0x00, 
    0x0d, 0x30, 0x00, 0x00, 0x00, 0x00, 0x00, 0x00, 0x04, 0x20, 0x00, 0x00, 0x00, 0x00, 0x00, 0x04, 
    0x0d, 0x30, 0x00, 0x00, 0x00, 0x00, 0x00, 0x00, 0x04, 0x20, 0x00, 0x00, 0x00, 0x00, 0x00, 0x28, 
    0x02, 0x30, 0x00, 0x00, 0x00, 0x00, 0x00, 0x00, 0x14, 0x20, 0x00, 0x00, 0x00, 0x00, 0x00, 0x04, 
    0x04, 0x04, 0x04, 0x28, 0x0c, 0xbd, 0x9d, 0x28, 0x28, 0x04, 0x04, 0x04, 0x04, 0x00, 0x00, 0x00, 
    0x03, 0x30, 0x00, 0x00, 0x00, 0x00, 0x00, 0x00, 0x10, 0x20, 0x00, 0x00, 0x00, 0x00, 0x04, 0x04, 
    0x04, 0x4c, 0x4c, 0x04, 0x04, 0x04, 0x04, 0x04, 0x04, 0x2c, 0x00, 0x00, 0x0b, 0x30, 0x00, 0x00, 
    0x00, 0x00, 0x00, 0x00, 0x08, 0x20, 0x00, 0x00, 0x00, 0x28, 0x00, 0x00, 0x00, 0x00, 0x04, 0x00, 
    0x1e, 0x30, 0x00, 0x00, 0x00, 0x00, 0x00, 0x00, 0x20, 0x30, 0x00, 0x00, 0x00, 0x00, 0x00, 0x00, 
    0x2c, 0x20, 0x00, 0x00, 0x00, 0x28, 0x04, 0x04, 0x04, 0x04, 0x28, 0x28, 0x9d, 0xbd, 0x28, 0x08, 
    0x04, 0x04, 0x04, 0x04, 0x04, 0x00, 0x00, 0x00, 0x00, 0x00, 0x00, 0x00, 0x04, 0x04, 0x04, 0x04, 
    0x50, 0x08, 0x04, 0x04, 0x04, 0x04, 0x28, 0x04, 0x04, 0x04, 0x00, 0x00, 0x00, 0x00, 0x04, 0x2c, 
    0x03, 0x30, 0x00, 0x00, 0x00, 0x00, 0x00, 0x00, 0x04, 0x20, 0x00, 0x00, 0x00, 0x00, 0x51, 0x04, 
    0x04, 0x30, 0x00, 0x00, 0x00, 0x00, 0x00, 0x00, 0x0c, 0x20, 0x00, 0x00, 0x04, 0x00, 0x00, 0x00, 
    0x00, 0x00, 0x00, 0x00, 0x24, 0x00, 0x00, 0x00, 0x0b, 0x30, 0x00, 0x00, 0x00, 0x00, 0x00, 0x00, 
    0x0c, 0x20, 0x00, 0x00, 0x04, 0x04, 0x04, 0x04, 0x08, 0x9d, 0x9d, 0x08, 0x08, 0x08, 0x04, 0x04, 
    0x02, 0x30, 0x00, 0x00, 0x04, 0x04, 0x04, 0x04, 0x08, 0x20, 0x00, 0x00, 0x2c, 0x50, 0x50, 0x08, 
    0x04, 0x04, 0x04, 0x04, 0x0b, 0x30, 0x00, 0x00, 0x00, 0x00, 0x00, 0x00, 0x04, 0x20, 0x00, 0x00, 
    0x00, 0x28, 0x2c, 0x2c, 0x03, 0x30, 0x00, 0x00, 0x00, 0x00, 0x00, 0x00, 0x0c, 0x20, 0x00, 0x00, 
    0x00, 0x04, 0x04, 0x04, 0x50, 0x2c, 0x50, 0x04, 0x04, 0x04, 0x00, 0x00, 0x03, 0x30, 0x00, 0x00, 
    0x00, 0x00, 0x00, 0x00, 0x04, 0x20, 0x00, 0x00, 0x00, 0x00, 0x24, 0x00, 0x14, 0x30, 0x00, 0x00, 
    0x00, 0x00, 0x00, 0x00, 0x04, 0x20, 0x00, 0x00, 0x04, 0x00, 0x00, 0x00, 0x0e, 0x30, 0x00, 0x00, 
    0x00, 0x00, 0x00, 0x00, 0x04, 0x20, 0x00, 0x00, 0x04, 0x00, 0x00, 0x00, 0x0d, 0x30, 0x00, 0x00, 
    0x00, 0x00, 0x00, 0x00, 0x18, 0x20, 0x00, 0x00, 0x28, 0x00, 0x00, 0x00, 0x00, 0x00, 0x00, 0x00, 
    0x00, 0x00, 0x00, 0x04, 0x04, 0x04, 0x28, 0x28, 0xbd, 0xbd, 0x28, 0x08, 0x28, 0x04, 0x04, 0x04, 
    0x04, 0x30, 0x00, 0x00, 0x00, 0x00, 0x00, 0x00, 0x10, 0x20, 0x00, 0x00, 0x00, 0x00, 0x04, 0x04, 
    0x04, 0x4c, 0x4c, 0x04, 0x04, 0x04, 0x04, 0x04, 0x2c, 0x04, 0x00, 0x00, 0x0b, 0x30, 0x00, 0x00, 
    0x00, 0x00, 0x00, 0x00, 0x08, 0x20, 0x00, 0x00, 0x00, 0x28, 0x00, 0x00, 0x00, 0x00, 0x04, 0x00, 
    0x1e, 0x30, 0x00, 0x00, 0x00, 0x00, 0x00, 0x00, 0x20, 0x30, 0x00, 0x00, 0x00, 0x00, 0x00, 0x00, 
    0x2c, 0x20, 0x00, 0x00, 0x00, 0x28, 0x04, 0x04, 0x04, 0x04, 0x28, 0x28, 0x9d, 0x9d, 0x28, 0x28, 
    0x04, 0x04, 0x04, 0x04, 0x04, 0x00, 0x00, 0x00, 0x00, 0x00, 0x00, 0x00, 0x04, 0x04, 0x04, 0x51, 
    0x51, 0x04, 0x04, 0x04, 0x04, 0x04, 0x28, 0x04, 0x04, 0x04, 0x00, 0x00, 0x04, 0x00, 0x2c, 0x04, 
    0x03, 0x30, 0x00, 0x00, 0x00, 0x00, 0x00, 0x00, 0x04, 0x20, 0x00, 0x00, 0x00, 0x00, 0x51, 0x04, 
    0x04, 0x30, 0x00, 0x00, 0x00, 0x00, 0x00, 0x00, 0x0c, 0x20, 0x00, 0x00, 0x04, 0x00, 0x00, 0x00, 
    0x00, 0x00, 0x00, 0x00, 0x04, 0x00, 0x00, 0x00, 0x0b, 0x30, 0x00, 0x00, 0x00, 0x00, 0x00, 0x00, 
    0x1c, 0x20, 0x00, 0x00, 0x04, 0x04, 0x04, 0x04, 0x08, 0x9d, 0x99, 0x0c, 0x28, 0x28, 0x28, 0x28, 
    0x08, 0x04, 0x04, 0x04, 0x04, 0x08, 0x08, 0x50, 0x54, 0x54, 0x51, 0x04, 0x04, 0x04, 0x04, 0x00, 
    0x0b, 0x30, 0x00, 0x00, 0x00, 0x00, 0x00, 0x00, 0x04, 0x20, 0x00, 0x00, 0x00, 0x00, 0x28, 0x00, 
    0x03, 0x30, 0x00, 0x00, 0x00, 0x00, 0x00, 0x00, 0x0c, 0x20, 0x00, 0x00, 0x00, 0x04, 0x04, 0x4c, 
    0x50, 0x50, 0x04, 0x04, 0x00, 0x04, 0x00, 0x00, 0x03, 0x30, 0x00, 0x00, 0x00, 0x00, 0x00, 0x00, 
    0x04, 0x20, 0x00, 0x00, 0x00, 0x00, 0x24, 0x00, 0x14, 0x30, 0x00, 0x00, 0x00, 0x00, 0x00, 0x00, 
    0x04, 0x20, 0x00, 0x00, 0x24, 0x00, 0x00, 0x00, 0x0e, 0x30, 0x00, 0x00, 0x00, 0x00, 0x00, 0x00, 
    0x04, 0x20, 0x00, 0x00, 0x00, 0x04, 0x00, 0x00, 0x0d, 0x30, 0x00, 0x00, 0x00, 0x00, 0x00, 0x00, 
    0x18, 0x20, 0x00, 0x00, 0x00, 0x28, 0x00, 0x00, 0x00, 0x00, 0x00, 0x00, 0x00, 0x00, 0x00, 0x04, 
    0x04, 0x04, 0x08, 0x28, 0xbd, 0xbd, 0x28, 0x28, 0x24, 0x04, 0x04, 0x04, 0x04, 0x30, 0x00, 0x00, 
    0x00, 0x00, 0x00, 0x00, 0x10, 0x20, 0x00, 0x00, 0x00, 0x00, 0x04, 0x04, 0x04, 0x4c, 0x4c, 0x04, 
    0x04, 0x04, 0x04, 0x04, 0x2c, 0x04, 0x00, 0x00, 0x0b, 0x30, 0x00, 0x00, 0x00, 0x00, 0x00, 0x00, 
    0x08, 0x20, 0x00, 0x00, 0x00, 0x28, 0x00, 0x00, 0x00, 0x00, 0x04, 0x00, 0x1e, 0x30, 0x00, 0x00, 
    0x00, 0x00, 0x00, 0x00, 0x20, 0x30, 0x00, 0x00, 0x00, 0x00, 0x00, 0x00, 0x2c, 0x20, 0x00, 0x00, 
    0x00, 0x28, 0x04, 0x04, 0x04, 0x04, 0x28, 0x28, 0x9d, 0x9d, 0x28, 0x28, 0x04, 0x04, 0x04, 0x04, 
    0x04, 0x00, 0x00, 0x00, 0x00, 0x00, 0x00, 0x00, 0x04, 0x04, 0x04, 0x51, 0x51, 0x08, 0x04, 0x04, 
    0x04, 0x04, 0x28, 0x04, 0x04, 0x04, 0x00, 0x00, 0x00, 0x00, 0x2c, 0x04, 0x03, 0x30, 0x00, 0x00, 
    0x00, 0x00, 0x00, 0x00, 0x04, 0x20, 0x00, 0x00, 0x00, 0x00, 0x51, 0x04, 0x04, 0x30, 0x00, 0x00, 
    0x00, 0x00, 0x00, 0x00, 0x08, 0x20, 0x00, 0x00, 0x04, 0x00, 0x00, 0x00, 0x00, 0x00, 0x00, 0x04, 
    0x0c, 0x30, 0x00, 0x00, 0x00, 0x00, 0x00, 0x00, 0x1c, 0x20, 0x00, 0x00, 0x04, 0x04, 0x04, 0x04, 
    0x08, 0x9d, 0x99, 0x0c, 0x28, 0x28, 0x28, 0x28, 0x28, 0x28, 0x28, 0x24, 0x08, 0x51, 0x51, 0x50, 
    0x54, 0x08, 0x04, 0x04, 0x04, 0x04, 0x00, 0x00, 0x0f, 0x30, 0x00, 0x00, 0x00, 0x00, 0x00, 0x00, 
    0x08, 0x20, 0x00, 0x00, 0x04, 0x04, 0x2c, 0x4c, 0x50, 0x04, 0x04, 0x04, 0x04, 0x30, 0x00, 0x00, 
    0x00, 0x00, 0x00, 0x00, 0x04, 0x20, 0x00, 0x00, 0x00, 0x00, 0x00, 0x24, 0x14, 0x30, 0x00, 0x00, 
    0x00, 0x00, 0x00, 0x00, 0x04, 0x20, 0x00, 0x00, 0x24, 0x00, 0x00, 0x00, 0x0e, 0x30, 0x00, 0x00, 
    0x00, 0x00, 0x00, 0x00, 0x04, 0x20, 0x00, 0x00, 0x00, 0x00, 0x04, 0x04, 0x0d, 0x30, 0x00, 0x00, 
    0x00, 0x00, 0x00, 0x00, 0x18, 0x20, 0x00, 0x00, 0x00, 0x28, 0x00, 0x00, 0x00, 0x00, 0x00, 0x00, 
    0x00, 0x00, 0x04, 0x04, 0x04, 0x04, 0x08, 0x28, 0xbd, 0xbd, 0x28, 0x28, 0x04, 0x04, 0x04, 0x00, 
    0x04, 0x30, 0x00, 0x00, 0x00, 0x00, 0x00, 0x00, 0x10, 0x20, 0x00, 0x00, 0x00, 0x00, 0x04, 0x04, 
    0x04, 0x4c, 0x4c, 0x04, 0x04, 0x04, 0x04, 0x04, 0x2c, 0x04, 0x00, 0x00, 0x0b, 0x30, 0x00, 0x00, 
    0x00, 0x00, 0x00, 0x00, 0x08, 0x20, 0x00, 0x00, 0x00, 0x00, 0x28, 0x00, 0x00, 0x00, 0x04, 0x00, 
    0x1e, 0x30, 0x00, 0x00, 0x00, 0x00, 0x00, 0x00, 0x20, 0x30, 0x00, 0x00, 0x00, 0x00, 0x00, 0x00, 
    0x2c, 0x20, 0x00, 0x00, 0x00, 0x28, 0x04, 0x04, 0x04, 0x04, 0x28, 0x28, 0x9d, 0x9d, 0x28, 0x28, 
    0x04, 0x04, 0x04, 0x04, 0x04, 0x00, 0x00, 0x00, 0x00, 0x00, 0x00, 0x00, 0x04, 0x04, 0x04, 0x4c, 
    0x04, 0x04, 0x04, 0x04, 0x04, 0x2c, 0x04, 0x04, 0x04, 0x04, 0x00, 0x00, 0x04, 0x2c, 0x00, 0x00, 
    0x03, 0x30, 0x00, 0x00, 0x00, 0x00, 0x00, 0x00, 0x04, 0x20, 0x00, 0x00, 0x04, 0x51, 0x00, 0x00, 
    0x04, 0x30, 0x00, 0x00, 0x00, 0x00, 0x00, 0x00, 0x08, 0x20, 0x00, 0x00, 0x04, 0x00, 0x00, 0x00, 
    0x00, 0x00, 0x00, 0x24, 0x0c, 0x30, 0x00, 0x00, 0x00, 0x00, 0x00, 0x00, 0x18, 0x20, 0x00, 0x00, 
    0x04, 0x04, 0x04, 0x04, 0x08, 0x9d, 0x9d, 0x0c, 0x2c, 0x2c, 0x2c, 0x2c, 0x28, 0x28, 0x28, 0x08, 
    0x08, 0x54, 0x4c, 0x08, 0x04, 0x04, 0x04, 0x04, 0x0f, 0x30, 0x00, 0x00, 0x00, 0x00, 0x00, 0x00, 
    0x0c, 0x20, 0x00, 0x00, 0x00, 0x00, 0x00, 0x04, 0x04, 0x4c, 0x2c, 0x2c, 0x04, 0x04, 0x04, 0x04, 
    0x05, 0x30, 0x00, 0x00, 0x00, 0x00, 0x00, 0x00, 0x04, 0x20, 0x00, 0x00, 0x04, 0x00, 0x00, 0x00, 
    0x12, 0x30, 0x00, 0x00, 0x00, 0x00, 0x00, 0x00, 0x04, 0x20, 0x00, 0x00, 0x00, 0x00, 0x00, 0x24, 
    0x10, 0x30, 0x00, 0x00, 0x00, 0x00, 0x00, 0x00, 0x04, 0x20, 0x00, 0x00, 0x04, 0x04, 0x00, 0x00, 
    0x0c, 0x30, 0x00, 0x00, 0x00, 0x00, 0x00, 0x00, 0x18, 0x20, 0x00, 0x00, 0x00, 0x00, 0x28, 0x00, 
    0x00, 0x00, 0x00, 0x00, 0x00, 0x04, 0x04, 0x04, 0x04, 0x28, 0x08, 0x9d, 0x9d, 0x08, 0x28, 0x28, 
    0x04, 0x04, 0x04, 0x00, 0x04, 0x30, 0x00, 0x00, 0x00, 0x00, 0x00, 0x00, 0x10, 0x20, 0x00, 0x00, 
    0x00, 0x00, 0x04, 0x04, 0x04, 0x4c, 0x4c, 0x04, 0x04, 0x04, 0x04, 0x00, 0x2c, 0x04, 0x00, 0x00, 
    0x0b, 0x30, 0x00, 0x00, 0x00, 0x00, 0x00, 0x00, 0x08, 0x20, 0x00, 0x00, 0x00, 0x00, 0x28, 0x00, 
    0x00, 0x00, 0x04, 0x00, 0x1e, 0x30, 0x00, 0x00, 0x00, 0x00, 0x00, 0x00, 0x20, 0x30, 0x00, 0x00, 
    0x00, 0x00, 0x00, 0x00, 0x2c, 0x20, 0x00, 0x00, 0x00, 0x28, 0x04, 0x04, 0x04, 0x04, 0x28, 0x28, 
    0x9d, 0x9d, 0x28, 0x28, 0x04, 0x04, 0x04, 0x04, 0x04, 0x00, 0x00, 0x00, 0x00, 0x00, 0x00, 0x00, 
    0x00, 0x04, 0x4c, 0x04, 0x04, 0x04, 0x04, 0x04, 0x04, 0x2c, 0x04, 0x04, 0x04, 0x04, 0x00, 0x00, 
    0x04, 0x2c, 0x00, 0x00, 0x03, 0x30, 0x00, 0x00, 0x00, 0x00, 0x00, 0x00, 0x04, 0x20, 0x00, 0x00, 
    0x04, 0x51, 0x00, 0x00, 0x04, 0x30, 0x00, 0x00, 0x00, 0x00, 0x00, 0x00, 0x08, 0x20, 0x00, 0x00, 
    0x04, 0x00, 0x00, 0x00, 0x00, 0x00, 0x00, 0x04, 0x0c, 0x30, 0x00, 0x00, 0x00, 0x00, 0x00, 0x00, 
    0x18, 0x20, 0x00, 0x00, 0x04, 0x04, 0x04, 0x04, 0x08, 0x08, 0x9d, 0x9d, 0x2c, 0x2c, 0x2c, 0x2c, 
    0x2c, 0x2c, 0x28, 0x28, 0x54, 0x50, 0x08, 0x08, 0x04, 0x04, 0x04, 0x04, 0x0f, 0x30, 0x00, 0x00, 
    0x00, 0x00, 0x00, 0x00, 0x0c, 0x20, 0x00, 0x00, 0x00, 0x00, 0x00, 0x04, 0x04, 0x4c, 0x2c, 0x04, 
    0x04, 0x04, 0x00, 0x00, 0x05, 0x30, 0x00, 0x00, 0x00, 0x00, 0x00, 0x00, 0x04, 0x20, 0x00, 0x00, 
    0x24, 0x00, 0x00, 0x00, 0x12, 0x30, 0x00, 0x00, 0x00, 0x00, 0x00, 0x00, 0x04, 0x20, 0x00, 0x00, 
    0x00, 0x00, 0x00, 0x04, 0x10, 0x30, 0x00, 0x00, 0x00, 0x00, 0x00, 0x00, 0x04, 0x20, 0x00, 0x00, 
    0x00, 0x00, 0x04, 0x00, 0x0c, 0x30, 0x00, 0x00, 0x00, 0x00, 0x00, 0x00, 0x18, 0x20, 0x00, 0x00, 
    0x00, 0x00, 0x28, 0x00, 0x00, 0x00, 0x00, 0x00, 0x00, 0x04, 0x04, 0x24, 0x04, 0x28, 0x08, 0x9d, 
    0x9d, 0x08, 0x28, 0x04, 0x04, 0x04, 0x00, 0x00, 0x04, 0x30, 0x00, 0x00, 0x00, 0x00, 0x00, 0x00, 
    0x10, 0x20, 0x00, 0x00, 0x00, 0x00, 0x04, 0x04, 0x04, 0x4c, 0x4c, 0x04, 0x04, 0x04, 0x04, 0x00, 
    0x2c, 0x04, 0x00, 0x00, 0x0b, 0x30, 0x00, 0x00, 0x00, 0x00, 0x00, 0x00, 0x08, 0x20, 0x00, 0x00, 
    0x00, 0x00, 0x28, 0x00, 0x00, 0x00, 0x04, 0x00, 0x1e, 0x30, 0x00, 0x00, 0x00, 0x00, 0x00, 0x00, 
    0x20, 0x30, 0x00, 0x00, 0x00, 0x00, 0x00, 0x00, 0x2c, 0x20, 0x00, 0x00, 0x04, 0x04, 0x04, 0x04, 
    0x04, 0x08, 0x28, 0x28, 0xbd, 0xbd, 0x28, 0x04, 0x04, 0x04, 0x04, 0x04, 0x2c, 0x04, 0x00, 0x00, 
    0x00, 0x00, 0x00, 0x00, 0x04, 0x04, 0x4c, 0x04, 0x04, 0x04, 0x04, 0x04, 0x04, 0x28, 0x04, 0x04, 
    0x04, 0x04, 0x04, 0x04, 0x04, 0x2c, 0x00, 0x00, 0x03, 0x30, 0x00, 0x00, 0x00, 0x00, 0x00, 0x00, 
    0x04, 0x20, 0x00, 0x00, 0x04, 0x51, 0x00, 0x00, 0x04, 0x30, 0x00, 0x00, 0x00, 0x00, 0x00, 0x00, 
    0x08, 0x20, 0x00, 0x00, 0x04, 0x00, 0x00, 0x00, 0x00, 0x00, 0x00, 0x04, 0x0c, 0x30, 0x00, 0x00, 
    0x00, 0x00, 0x00, 0x00, 0x18, 0x20, 0x00, 0x00, 0x00, 0x04, 0x04, 0x04, 0x28, 0x28, 0x9d, 0x7d, 
    0x2c, 0x2c, 0x4c, 0x2c, 0x2c, 0x2c, 0x78, 0x78, 0x54, 0x50, 0x04, 0x04, 0x04, 0x04, 0x00, 0x00, 
    0x0f, 0x30, 0x00, 0x00, 0x00, 0x00, 0x00, 0x00, 0x0c, 0x20, 0x00, 0x00, 0x00, 0x00, 0x04, 0x04, 
    0x2c, 0x2c, 0x04, 0x04, 0x04, 0x00, 0x00, 0x00, 0x05, 0x30, 0x00, 0x00, 0x00, 0x00, 0x00, 0x00, 
    0x04, 0x20, 0x00, 0x00, 0x00, 0x24, 0x00, 0x00, 0x12, 0x30, 0x00, 0x00, 0x00, 0x00, 0x00, 0x00, 
    0x04, 0x20, 0x00, 0x00, 0x00, 0x00, 0x00, 0x24, 0x10, 0x30, 0x00, 0x00, 0x00, 0x00, 0x00, 0x00, 
    0x04, 0x20, 0x00, 0x00, 0x00, 0x00, 0x00, 0x04, 0x0c, 0x30, 0x00, 0x00, 0x00, 0x00, 0x00, 0x00, 
    0x18, 0x20, 0x00, 0x00, 0x00, 0x00, 0x00, 0x28, 0x00, 0x00, 0x00, 0x00, 0x04, 0x04, 0x04, 0x04, 
    0x04, 0x24, 0x0c, 0xbd, 0x28, 0x28, 0x04, 0x04, 0x04, 0x04, 0x00, 0x00, 0x04, 0x30, 0x00, 0x00, 
    0x00, 0x00, 0x00, 0x00, 0x10, 0x20, 0x00, 0x00, 0x00, 0x00, 0x04, 0x04, 0x04, 0x4c, 0x4c, 0x04, 
    0x04, 0x04, 0x04, 0x04, 0x4c, 0x00, 0x00, 0x00, 0x0b, 0x30, 0x00, 0x00, 0x00, 0x00, 0x00, 0x00, 
    0x08, 0x20, 0x00, 0x00, 0x00, 0x00, 0x00, 0x28, 0x00, 0x00, 0x04, 0x00, 0x1e, 0x30, 0x00, 0x00, 
    0x00, 0x00, 0x00, 0x00, 0x20, 0x30, 0x00, 0x00, 0x00, 0x00, 0x00, 0x00, 0x2c, 0x20, 0x00, 0x00, 
    0x04, 0x04, 0x04, 0x04, 0x04, 0x28, 0x28, 0x28, 0xbd, 0x0c, 0x28, 0x28, 0x04, 0x04, 0x04, 0x4c, 
    0x2c, 0x2c, 0x00, 0x00, 0x00, 0x00, 0x00, 0x00, 0x04, 0x04, 0x4c, 0x04, 0x04, 0x04, 0x04, 0x04, 
    0x28, 0x04, 0x04, 0x04, 0x04, 0x04, 0x04, 0x04, 0x28, 0x04, 0x00, 0x00, 0x03, 0x30, 0x00, 0x00, 
    0x00, 0x00, 0x00, 0x00, 0x04, 0x20, 0x00, 0x00, 0x04, 0x51, 0x00, 0x00, 0x04, 0x30, 0x00, 0x00, 
    0x00, 0x00, 0x00, 0x00, 0x08, 0x20, 0x00, 0x00, 0x04, 0x00, 0x00, 0x00, 0x00, 0x00, 0x04, 0x00, 
    0x0c, 0x30, 0x00, 0x00, 0x00, 0x00, 0x00, 0x00, 0x18, 0x20, 0x00, 0x00, 0x00, 0x04, 0x04, 0x04, 
    0x28, 0x28, 0x9d, 0x7d, 0x2c, 0x4c, 0x4c, 0xde, 0xde, 0xde, 0x99, 0x78, 0x54, 0x08, 0x28, 0x04, 
    0x04, 0x04, 0x00, 0x00, 0x0f, 0x30, 0x00, 0x00, 0x00, 0x00, 0x00, 0x00, 0x08, 0x20, 0x00, 0x00, 
    0x00, 0x04, 0x04, 0x4c, 0x2c, 0x2c, 0x04, 0x00, 0x06, 0x30, 0x00, 0x00, 0x00, 0x00, 0x00, 0x00, 
    0x04, 0x20, 0x00, 0x00, 0x00, 0x04, 0x00, 0x00, 0x12, 0x30, 0x00, 0x00, 0x00, 0x00, 0x00, 0x00, 
    0x04, 0x20, 0x00, 0x00, 0x00, 0x00, 0x00, 0x24, 0x11, 0x30, 0x00, 0x00, 0x00, 0x00, 0x00, 0x00, 
    0x04, 0x20, 0x00, 0x00, 0x04, 0x00, 0x00, 0x00, 0x0c, 0x30, 0x00, 0x00, 0x00, 0x00, 0x00, 0x00, 
    0x14, 0x20, 0x00, 0x00, 0x28, 0x04, 0x00, 0x00, 0x04, 0x04, 0x04, 0x04, 0x24, 0x28, 0xbd, 0xbd, 
    0x28, 0x28, 0x04, 0x04, 0x04, 0x00, 0x00, 0x00, 0x04, 0x30, 0x00, 0x00, 0x00, 0x00, 0x00, 0x00, 
    0x10, 0x20, 0x00, 0x00, 0x00, 0x00, 0x04, 0x04, 0x04, 0x4c, 0x4c, 0x04, 0x04, 0x04, 0x04, 0x2c, 
    0x04, 0x04, 0x00, 0x00, 0x0b, 0x30, 0x00, 0x00, 0x00, 0x00, 0x00, 0x00, 0x08, 0x20, 0x00, 0x00, 
    0x00, 0x00, 0x00, 0x28, 0x00, 0x00, 0x04, 0x00, 0x1e, 0x30, 0x00, 0x00, 0x00, 0x00, 0x00, 0x00, 
    0x20, 0x30, 0x00, 0x00, 0x00, 0x00, 0x00, 0x00, 0x2c, 0x20, 0x00, 0x00, 0x28, 0x04, 0x04, 0x04, 
    0x08, 0x28, 0x08, 0x9d, 0x9d, 0x08, 0x28, 0x28, 0x04, 0x04, 0x04, 0x04, 0x28, 0x04, 0x00, 0x00, 
    0x00, 0x00, 0x00, 0x00, 0x04, 0x04, 0x51, 0x04, 0x04, 0x04, 0x04, 0x04, 0x28, 0x04, 0x04, 0x04, 
    0x04, 0x04, 0x00, 0x00, 0x2c, 0x04, 0x00, 0x00, 0x03, 0x30, 0x00, 0x00, 0x00, 0x00, 0x00, 0x00, 
    0x04, 0x20, 0x00, 0x00, 0x51, 0x04, 0x00, 0x00, 0x04, 0x30, 0x00, 0x00, 0x00, 0x00, 0x00, 0x00, 
    0x08, 0x20, 0x00, 0x00, 0x04, 0x00, 0x00, 0x00, 0x00, 0x00, 0x04, 0x00, 0x0c, 0x30, 0x00, 0x00, 
    0x00, 0x00, 0x00, 0x00, 0x18, 0x20, 0x00, 0x00, 0x00, 0x04, 0x04, 0x04, 0x28, 0x28, 0x9d, 0x7d, 
    0x50, 0x4c, 0xde, 0xde, 0xde, 0xde, 0x9d, 0x2c, 0x51, 0x28, 0x28, 0x24, 0x04, 0x04, 0x00, 0x00, 
    0x0f, 0x30, 0x00, 0x00, 0x00, 0x00, 0x00, 0x00, 0x08, 0x20, 0x00, 0x00, 0x00, 0x04, 0x2c, 0x2c, 
    0x4c, 0x04, 0x04, 0x04, 0x06, 0x30, 0x00, 0x00, 0x00, 0x00, 0x00, 0x00, 0x04, 0x20, 0x00, 0x00, 
    0x00, 0x00, 0x04, 0x00, 0x12, 0x30, 0x00, 0x00, 0x00, 0x00, 0x00, 0x00, 0x04, 0x20, 0x00, 0x00, 
    0x00, 0x00, 0x00, 0x24, 0x11, 0x30, 0x00, 0x00, 0x00, 0x00, 0x00, 0x00, 0x04, 0x20, 0x00, 0x00, 
    0x00, 0x04, 0x04, 0x00, 0x0c, 0x30, 0x00, 0x00, 0x00, 0x00, 0x00, 0x00, 0x14, 0x20, 0x00, 0x00, 
    0x00, 0x28, 0x04, 0x04, 0x04, 0x04, 0x04, 0x04, 0x08, 0x08, 0x9d, 0x08, 0x28, 0x04, 0x24, 0x04, 
    0x04, 0x00, 0x00, 0x00, 0x04, 0x30, 0x00, 0x00, 0x00, 0x00, 0x00, 0x00, 0x0c, 0x20, 0x00, 0x00, 
    0x00, 0x00, 0x04, 0x04, 0x04, 0x4c, 0x4c, 0x04, 0x04, 0x04, 0x04, 0x2c, 0x0c, 0x30, 0x00, 0x00, 
    0x00, 0x00, 0x00, 0x00, 0x08, 0x20, 0x00, 0x00, 0x00, 0x00, 0x00, 0x28, 0x04, 0x00, 0x04, 0x00, 
    0x1e, 0x30, 0x00, 0x00, 0x00, 0x00, 0x00, 0x00, 0x20, 0x30, 0x00, 0x00, 0x00, 0x00, 0x00, 0x00, 
    0x2c, 0x20, 0x00, 0x00, 0x28, 0x04, 0x04, 0x04, 0x08, 0x28, 0x0c, 0x9d, 0x9d, 0x0c, 0x28, 0x28, 
    0x24, 0x04, 0x04, 0x04, 0x04, 0x04, 0x00, 0x00, 0x00, 0x00, 0x00, 0x00, 0x04, 0x4c, 0x04, 0x04, 
    0x04, 0x04, 0x04, 0x04, 0x28, 0x04, 0x04, 0x04, 0x04, 0x00, 0x00, 0x00, 0x2c, 0x04, 0x00, 0x00, 
    0x03, 0x30, 0x00, 0x00, 0x00, 0x00, 0x00, 0x00, 0x04, 0x20, 0x00, 0x00, 0x51, 0x04, 0x00, 0x00, 
    0x04, 0x30, 0x00, 0x00, 0x00, 0x00, 0x00, 0x00, 0x0c, 0x20, 0x00, 0x00, 0x04, 0x00, 0x00, 0x00, 
    0x00, 0x00, 0x04, 0x00, 0x00, 0x00, 0x00, 0x04, 0x0b, 0x30, 0x00, 0x00, 0x00, 0x00, 0x00, 0x00, 
    0x18, 0x20, 0x00, 0x00, 0x00, 0x04, 0x04, 0x04, 0x28, 0x28, 0x9d, 0x7d, 0x4c, 0x4c, 0xde, 0xde, 
    0xde, 0xde, 0xde, 0x54, 0x28, 0x28, 0x24, 0x04, 0x04, 0x04, 0x00, 0x00, 0x0f, 0x30, 0x00, 0x00, 
    0x00, 0x00, 0x00, 0x00, 0x08, 0x20, 0x00, 0x00, 0x04, 0x04, 0x2c, 0x2c, 0x04, 0x04, 0x04, 0x00, 
    0x06, 0x30, 0x00, 0x00, 0x00, 0x00, 0x00, 0x00, 0x04, 0x20, 0x00, 0x00, 0x00, 0x00, 0x04, 0x00, 
    0x12, 0x30, 0x00, 0x00, 0x00, 0x00, 0x00, 0x00, 0x04, 0x20, 0x00, 0x00, 0x00, 0x00, 0x04, 0x00, 
    0x11, 0x30, 0x00, 0x00, 0x00, 0x00, 0x00, 0x00, 0x08, 0x20, 0x00, 0x00, 0x00, 0x00, 0x00, 0x04, 
    0x04, 0x00, 0x00, 0x00, 0x0b, 0x30, 0x00, 0x00, 0x00, 0x00, 0x00, 0x00, 0x14, 0x20, 0x00, 0x00, 
    0x00, 0x00, 0x28, 0x04, 0x04, 0x04, 0x04, 0x04, 0x08, 0x9d, 0x9d, 0x08, 0x28, 0x04, 0x04, 0x04, 
    0x04, 0x00, 0x00, 0x00, 0x04, 0x30, 0x00, 0x00, 0x00, 0x00, 0x00, 0x00, 0x0c, 0x20, 0x00, 0x00, 
    0x00, 0x00, 0x04, 0x04, 0x04, 0x4c, 0x4c, 0x04, 0x04, 0x04, 0x04, 0x2c, 0x0d, 0x30, 0x00, 0x00, 
    0x00, 0x00, 0x00, 0x00, 0x04, 0x20, 0x00, 0x00, 0x28, 0x00, 0x00, 0x04, 0x1e, 0x30, 0x00, 0x00, 
    0x00, 0x00, 0x00, 0x00, 0x20, 0x30, 0x00, 0x00, 0x00, 0x00, 0x00, 0x00, 0x10, 0x20, 0x00, 0x00, 
    0x28, 0x04, 0x04, 0x28, 0x28, 0x2c, 0x0c, 0xbd, 0x9d, 0x2c, 0x28, 0x28, 0x24, 0x04, 0x04, 0x04, 
    0x02, 0x30, 0x00, 0x00, 0x00, 0x00, 0x00, 0x00, 0x14, 0x20, 0x00, 0x00, 0x04, 0x4c, 0x04, 0x04, 
    0x04, 0x04, 0x04, 0x04, 0x28, 0x04, 0x04, 0x04, 0x04, 0x00, 0x00, 0x04, 0x28, 0x04, 0x00, 0x00, 
    0x03, 0x30, 0x00, 0x00, 0x00, 0x00, 0x00, 0x00, 0x04, 0x20, 0x00, 0x00, 0x51, 0x04, 0x00, 0x00, 
    0x04, 0x30, 0x00, 0x00, 0x00, 0x00, 0x00, 0x00, 0x10, 0x20, 0x00, 0x00, 0x04, 0x00, 0x00, 0x00, 
    0x00, 0x00, 0x04, 0x00, 0x00, 0x00, 0x04, 0x04, 0x04, 0x00, 0x00, 0x00, 0x0a, 0x30, 0x00, 0x00, 
    0x00, 0x00, 0x00, 0x00, 0x18, 0x20, 0x00, 0x00, 0x00, 0x04, 0x04, 0x04, 0x28, 0x28, 0x9d, 0x7d, 
    0x4c, 0x4c, 0xde, 0xde, 0xde, 0xde, 0x9d, 0x54, 0x28, 0x28, 0x24, 0x04, 0x04, 0x00, 0x00, 0x00, 
    0x0f, 0x30, 0x00, 0x00, 0x00, 0x00, 0x00, 0x00, 0x08, 0x20, 0x00, 0x00, 0x04, 0x2c, 0x2c, 0x04, 
    0x04, 0x00, 0x00, 0x00, 0x06, 0x30, 0x00, 0x00, 0x00, 0x00, 0x00, 0x00, 0x04, 0x20, 0x00, 0x00, 
    0x00, 0x00, 0x04, 0x00, 0x12, 0x30, 0x00, 0x00, 0x00, 0x00, 0x00, 0x00, 0x04, 0x20, 0x00, 0x00, 
    0x00, 0x00, 0x04, 0x00, 0x12, 0x30, 0x00, 0x00, 0x00, 0x00, 0x00, 0x00, 0x04, 0x20, 0x00, 0x00, 
    0x00, 0x04, 0x00, 0x00, 0x0b, 0x30, 0x00, 0x00, 0x00, 0x00, 0x00, 0x00, 0x10, 0x20, 0x00, 0x00, 
    0x00, 0x00, 0x04, 0x28, 0x04, 0x04, 0x08, 0x08, 0x08, 0xbd, 0x9d, 0x08, 0x24, 0x04, 0x04, 0x04, 
    0x05, 0x30, 0x00, 0x00, 0x00, 0x00, 0x00, 0x00, 0x0c, 0x20, 0x00, 0x00, 0x00, 0x04, 0x04, 0x04, 
    0x04, 0x4c, 0x4c, 0x04, 0x04, 0x04, 0x04, 0x2c, 0x0d, 0x30, 0x00, 0x00, 0x00, 0x00, 0x00, 0x00, 
    0x04, 0x20, 0x00, 0x00, 0x28, 0x00, 0x00, 0x04, 0x1e, 0x30, 0x00, 0x00, 0x00, 0x00, 0x00, 0x00, 
    0x20, 0x30, 0x00, 0x00, 0x00, 0x00, 0x00, 0x00, 0x10, 0x20, 0x00, 0x00, 0x28, 0x04, 0x24, 0x28, 
    0x28, 0x28, 0x2c, 0xbd, 0x2c, 0x2c, 0x28, 0x28, 0x24, 0x04, 0x04, 0x04, 0x02, 0x30, 0x00, 0x00, 
    0x00, 0x00, 0x00, 0x00, 0x14, 0x20, 0x00, 0x00, 0x04, 0x4c, 0x04, 0x04, 0x04, 0x04, 0x04, 0x04, 
    0x28, 0x04, 0x04, 0x04, 0x00, 0x00, 0x00, 0x00, 0x28, 0x00, 0x00, 0x00, 0x03, 0x30, 0x00, 0x00, 
    0x00, 0x00, 0x00, 0x00, 0x04, 0x20, 0x00, 0x00, 0x51, 0x04, 0x00, 0x00, 0x04, 0x30, 0x00, 0x00, 
    0x00, 0x00, 0x00, 0x00, 0x0c, 0x20, 0x00, 0x00, 0x04, 0x00, 0x00, 0x00, 0x00, 0x00, 0x04, 0x00, 
    0x00, 0x00, 0x00, 0x04, 0x0b, 0x30, 0x00, 0x00, 0x00, 0x00, 0x00, 0x00, 0x18, 0x20, 0x00, 0x00, 
    0x00, 0x04, 0x04, 0x04, 0x28, 0x28, 0x9d, 0x7d, 0x2c, 0x4c, 0x4c, 0xde, 0xde, 0xde, 0x54, 0x0c, 
    0x28, 0x28, 0x04, 0x04, 0x04, 0x00, 0x00, 0x00, 0x0f, 0x30, 0x00, 0x00, 0x00, 0x00, 0x00, 0x00, 
    0x04, 0x20, 0x00, 0x00, 0x4c, 0x2c, 0x2c, 0x04, 0x07, 0x30, 0x00, 0x00, 0x00, 0x00, 0x00, 0x00, 
    0x04, 0x20, 0x00, 0x00, 0x00, 0x00, 0x00, 0x04, 0x12, 0x30, 0x00, 0x00, 0x00, 0x00, 0x00, 0x00, 
    0x04, 0x20, 0x00, 0x00, 0x00, 0x00, 0x04, 0x00, 0x12, 0x30, 0x00, 0x00, 0x00, 0x00, 0x00, 0x00, 
    0x04, 0x20, 0x00, 0x00, 0x00, 0x00, 0x04, 0x00, 0x0b, 0x30, 0x00, 0x00, 0x00, 0x00, 0x00, 0x00, 
    0x10, 0x20, 0x00, 0x00, 0x00, 0x00, 0x04, 0x28, 0x04, 0x04, 0x08, 0x08, 0xbd, 0xbd, 0x08, 0x08, 
    0x04, 0x04, 0x04, 0x04, 0x05, 0x30, 0x00, 0x00, 0x00, 0x00, 0x00, 0x00, 0x0c, 0x20, 0x00, 0x00, 
    0x28, 0x04, 0x00, 0x04, 0x04, 0x4c, 0x04, 0x04, 0x04, 0x04, 0x04, 0x2c, 0x0d, 0x30, 0x00, 0x00, 
    0x00, 0x00, 0x00, 0x00, 0x04, 0x20, 0x00, 0x00, 0x28, 0x00, 0x00, 0x04, 0x1e, 0x30, 0x00, 0x00, 
    0x00, 0x00, 0x00, 0x00, 0x1f, 0x30, 0x00, 0x00, 0x00, 0x00, 0x00, 0x00, 0x14, 0x20, 0x00, 0x00, 
    0x00, 0x00, 0x00, 0x28, 0x04, 0x04, 0x24, 0x28, 0x2c, 0x2c, 0xbd, 0xbd, 0x2c, 0x2c, 0x28, 0x28, 
    0x24, 0x04, 0x04, 0x04, 0x02, 0x30, 0x00, 0x00, 0x00, 0x00, 0x00, 0x00, 0x10, 0x20, 0x00, 0x00, 
    0x04, 0x4c, 0x04, 0x04, 0x04, 0x04, 0x00, 0x00, 0x28, 0x04, 0x04, 0x04, 0x04, 0x04, 0x04, 0x2c, 
    0x03, 0x30, 0x00, 0x00, 0x00, 0x00, 0x00, 0x00, 0x04, 0x20, 0x00, 0x00, 0x00, 0x00, 0x04, 0x51, 
    0x05, 0x30, 0x00, 0x00, 0x00, 0x00, 0x00, 0x00, 0x08, 0x20, 0x00, 0x00, 0x04, 0x00, 0x00, 0x00, 
    0x00, 0x04, 0x00, 0x00, 0x0c, 0x30, 0x00, 0x00, 0x00, 0x00, 0x00, 0x00, 0x14, 0x20, 0x00, 0x00, 
    0x00, 0x04, 0x04, 0x04, 0x28, 0x28, 0x9d, 0x7d, 0x2c, 0x2c, 0x2c, 0x2c, 0x2c, 0x54, 0x2c, 0x28, 
    0x28, 0x24, 0x04, 0x04, 0x10, 0x30, 0x00, 0x00, 0x00, 0x00, 0x00, 0x00, 0x04, 0x20, 0x00, 0x00, 
    0x2c, 0x2c, 0x00, 0x00, 0x07, 0x30, 0x00, 0x00, 0x00, 0x00, 0x00, 0x00, 0x04, 0x20, 0x00, 0x00, 
    0x00, 0x00, 0x00, 0x04, 0x12, 0x30, 0x00, 0x00, 0x00, 0x00, 0x00, 0x00, 0x04, 0x20, 0x00, 0x00, 
    0x00, 0x00, 0x04, 0x00, 0x12, 0x30, 0x00, 0x00, 0x00, 0x00, 0x00, 0x00, 0x04, 0x20, 0x00, 0x00, 
    0x00, 0x00, 0x00, 0x04, 0x0b, 0x30, 0x00, 0x00, 0x00, 0x00, 0x00, 0x00, 0x10, 0x20, 0x00, 0x00, 
    0x00, 0x04, 0x04, 0x04, 0x4c, 0x08, 0x28, 0x28, 0xbd, 0x9d, 0x28, 0x04, 0x04, 0x04, 0x04, 0x04, 
    0x04, 0x30, 0x00, 0x00, 0x00, 0x00, 0x00, 0x00, 0x10, 0x20, 0x00, 0x00, 0x00, 0x00, 0x00, 0x24, 
    0x28, 0x28, 0x04, 0x04, 0x2c, 0x2c, 0x04, 0x04, 0x04, 0x04, 0x2c, 0x04, 0x0d, 0x30, 0x00, 0x00, 
    0x00, 0x00, 0x00, 0x00, 0x04, 0x20, 0x00, 0x00, 0x00, 0x28, 0x00, 0x04, 0x1e, 0x30, 0x00, 0x00, 
    0x00, 0x00, 0x00, 0x00, 0x1f, 0x30, 0x00, 0x00, 0x00, 0x00, 0x00, 0x00, 0x14, 0x20, 0x00, 0x00, 
    0x00, 0x00, 0x00, 0x28, 0x04, 0x04, 0x28, 0x28, 0x2c, 0x4c, 0xbd, 0xbd, 0x4c, 0x4c, 0x2c, 0x2c, 
    0x24, 0x04, 0x04, 0x04, 0x02, 0x30, 0x00, 0x00, 0x00, 0x00, 0x00, 0x00, 0x10, 0x20, 0x00, 0x00, 
    0x04, 0x4c, 0x04, 0x04, 0x04, 0x04, 0x00, 0x00, 0x28, 0x04, 0x04, 0x04, 0x04, 0x04, 0x04, 0x2c, 
    0x03, 0x30, 0x00, 0x00, 0x00, 0x00, 0x00, 0x00, 0x04, 0x20, 0x00, 0x00, 0x00, 0x00, 0x04, 0x51, 
    0x05, 0x30, 0x00, 0x00, 0x00, 0x00, 0x00, 0x00, 0x08, 0x20, 0x00, 0x00, 0x04, 0x00, 0x00, 0x00, 
    0x00, 0x04, 0x00, 0x00, 0x0c, 0x30, 0x00, 0x00, 0x00, 0x00, 0x00, 0x00, 0x14, 0x20, 0x00, 0x00, 
    0x00, 0x04, 0x04, 0x04, 0x28, 0x28, 0x9d, 0x7d, 0x2c, 0x2c, 0x2c, 0x2c, 0x2c, 0x54, 0x28, 0x28, 
    0x24, 0x04, 0x04, 0x04, 0x10, 0x30, 0x00, 0x00, 0x00, 0x00, 0x00, 0x00, 0x04, 0x20, 0x00, 0x00, 
    0x2c, 0x04, 0x00, 0x00, 0x08, 0x30, 0x00, 0x00, 0x00, 0x00, 0x00, 0x00, 0x04, 0x20, 0x00, 0x00, 
    0x04, 0x00, 0x00, 0x00, 0x11, 0x30, 0x00, 0x00, 0x00, 0x00, 0x00, 0x00, 0x04, 0x20, 0x00, 0x00, 
    0x00, 0x00, 0x04, 0x00, 0x13, 0x30, 0x00, 0x00, 0x00, 0x00, 0x00, 0x00, 0x04, 0x20, 0x00, 0x00, 
    0x04, 0x04, 0x00, 0x00, 0x0a, 0x30, 0x00, 0x00, 0x00, 0x00, 0x00, 0x00, 0x10, 0x20, 0x00, 0x00, 
    0x00, 0x04, 0x04, 0x04, 0x4c, 0x08, 0x28, 0x28, 0x9d, 0x08, 0x04, 0x04, 0x04, 0x04, 0x04, 0x00, 
    0x05, 0x30, 0x00, 0x00, 0x00, 0x00, 0x00, 0x00, 0x0c, 0x20, 0x00, 0x00, 0x28, 0x04, 0x04, 0x04, 
    0x2c, 0x2c, 0x04, 0x04, 0x04, 0x04, 0x2c, 0x04, 0x0d, 0x30, 0x00, 0x00, 0x00, 0x00, 0x00, 0x00, 
    0x04, 0x20, 0x00, 0x00, 0x00, 0x28, 0x00, 0x04, 0x1e, 0x30, 0x00, 0x00, 0x00, 0x00, 0x00, 0x00, 
    0x1f, 0x30, 0x00, 0x00, 0x00, 0x00, 0x00, 0x00, 0x14, 0x20, 0x00, 0x00, 0x00, 0x00, 0x04, 0x28, 
    0x04, 0x04, 0x28, 0x28, 0x4c, 0x51, 0xfe, 0xfe, 0xfe, 0x4c, 0x4c, 0x28, 0x28, 0x04, 0x04, 0x00, 
    0x02, 0x30, 0x00, 0x00, 0x00, 0x00, 0x00, 0x00, 0x10, 0x20, 0x00, 0x00, 0x04, 0x4c, 0x04, 0x04, 
    0x04, 0x04, 0x04, 0x28, 0x04, 0x00, 0x04, 0x04, 0x04, 0x04, 0x2c, 0x04, 0x03, 0x30, 0x00, 0x00, 
    0x00, 0x00, 0x00, 0x00, 0x04, 0x20, 0x00, 0x00, 0x00, 0x00, 0x04, 0x4c, 0x05, 0x30, 0x00, 0x00, 
    0x00, 0x00, 0x00, 0x00, 0x08, 0x20, 0x00, 0x00, 0x04, 0x00, 0x00, 0x00, 0x00, 0x04, 0x00, 0x00, 
    0x0c, 0x30, 0x00, 0x00, 0x00, 0x00, 0x00, 0x00, 0x14, 0x20, 0x00, 0x00, 0x00, 0x04, 0x04, 0x04, 
    0x28, 0x28, 0x7d, 0x7d, 0x2c, 0x2c, 0x2c, 0x28, 0x51, 0x08, 0x24, 0x04, 0x04, 0x04, 0x04, 0x00, 
    0x0f, 0x30, 0x00, 0x00, 0x00, 0x00, 0x00, 0x00, 0x08, 0x20, 0x00, 0x00, 0x00, 0x00, 0x04, 0x2c, 
    0x4c, 0x04, 0x00, 0x00, 0x08, 0x30, 0x00, 0x00, 0x00, 0x00, 0x00, 0x00, 0x04, 0x20, 0x00, 0x00, 
    0x04, 0x00, 0x00, 0x00, 0x11, 0x30, 0x00, 0x00, 0x00, 0x00, 0x00, 0x00, 0x04, 0x20, 0x00, 0x00, 
    0x00, 0x00, 0x04, 0x00, 0x13, 0x30, 0x00, 0x00, 0x00, 0x00, 0x00, 0x00, 0x04, 0x20, 0x00, 0x00, 
    0x00, 0x00, 0x04, 0x00, 0x0a, 0x30, 0x00, 0x00, 0x00, 0x00, 0x00, 0x00, 0x10, 0x20, 0x00, 0x00, 
    0x00, 0x04, 0x04, 0x04, 0x08, 0x4c, 0x0c, 0xbd, 0x9d, 0x08, 0x04, 0x04, 0x04, 0x04, 0x04, 0x00, 
    0x05, 0x30, 0x00, 0x00, 0x00, 0x00, 0x00, 0x00, 0x0c, 0x20, 0x00, 0x00, 0x00, 0x00, 0x04, 0x04, 
    0x2c, 0x2c, 0x04, 0x04, 0x04, 0x04, 0x2c, 0x04, 0x0d, 0x30, 0x00, 0x00, 0x00, 0x00, 0x00, 0x00, 
    0x04, 0x20, 0x00, 0x00, 0x00, 0x28, 0x04, 0x04, 0x1e, 0x30, 0x00, 0x00, 0x00, 0x00, 0x00, 0x00, 
    0x1f, 0x30, 0x00, 0x00, 0x00, 0x00, 0x00, 0x00, 0x14, 0x20, 0x00, 0x00, 0x00, 0x00, 0x04, 0x28, 
    0x04, 0x24, 0x28, 0x28, 0x4c, 0xfe, 0xfe, 0xfe, 0xfe, 0xfe, 0x4c, 0x28, 0x28, 0x04, 0x04, 0x00, 
    0x02, 0x30, 0x00, 0x00, 0x00, 0x00, 0x00, 0x00, 0x10, 0x20, 0x00, 0x00, 0x04, 0x4c, 0x04, 0x04, 
    0x04, 0x04, 0x04, 0x28, 0x04, 0x00, 0x04, 0x04, 0x04, 0x00, 0x2c, 0x04, 0x03, 0x30, 0x00, 0x00, 
    0x00, 0x00, 0x00, 0x00, 0x04, 0x20, 0x00, 0x00, 0x00, 0x00, 0x04, 0x4c, 0x05, 0x30, 0x00, 0x00, 
    0x00, 0x00, 0x00, 0x00, 0x08, 0x20, 0x00, 0x00, 0x04, 0x00, 0x00, 0x00, 0x00, 0x04, 0x00, 0x00, 
    0x0c, 0x30, 0x00, 0x00, 0x00, 0x00, 0x00, 0x00, 0x14, 0x20, 0x00, 0x00, 0x00, 0x04, 0x04, 0x04, 
    0x08, 0x28, 0x9d, 0x7d, 0x28, 0x28, 0x28, 0x51, 0x28, 0x08, 0x28, 0x04, 0x04, 0x04, 0x00, 0x00, 
    0x0f, 0x30, 0x00, 0x00, 0x00, 0x00, 0x00, 0x00, 0x04, 0x20, 0x00, 0x00, 0x00, 0x00, 0x2c, 0x2c, 
    0x09, 0x30, 0x00, 0x00, 0x00, 0x00, 0x00, 0x00, 0x04, 0x20, 0x00, 0x00, 0x00, 0x04, 0x00, 0x00, 
    0x11, 0x30, 0x00, 0x00, 0x00, 0x00, 0x00, 0x00, 0x04, 0x20, 0x00, 0x00, 0x00, 0x00, 0x04, 0x00, 
    0x13, 0x30, 0x00, 0x00, 0x00, 0x00, 0x00, 0x00, 0x04, 0x20, 0x00, 0x00, 0x00, 0x00, 0x00, 0x04, 
    0x0a, 0x30, 0x00, 0x00, 0x00, 0x00, 0x00, 0x00, 0x10, 0x20, 0x00, 0x00, 0x00, 0x04, 0x04, 0x04, 
    0x08, 0x4c, 0x08, 0xbd, 0x28, 0x08, 0x24, 0x04, 0x04, 0x04, 0x00, 0x00, 0x05, 0x30, 0x00, 0x00, 
    0x00, 0x00, 0x00, 0x00, 0x0c, 0x20, 0x00, 0x00, 0x00, 0x00, 0x04, 0x04, 0x2c, 0x2c, 0x04, 0x04, 
    0x04, 0x04, 0x2c, 0x04, 0x0d, 0x30, 0x00, 0x00, 0x00, 0x00, 0x00, 0x00, 0x04, 0x20, 0x00, 0x00, 
    0x00, 0x00, 0x28, 0x04, 0x1e, 0x30, 0x00, 0x00, 0x00, 0x00, 0x00, 0x00, 0x1f, 0x30, 0x00, 0x00, 
    0x00, 0x00, 0x00, 0x00, 0x14, 0x20, 0x00, 0x00, 0x00, 0x00, 0x04, 0x24, 0x04, 0x24, 0x28, 0x28, 
    0xfe, 0xfe, 0xfe, 0xfe, 0xfe, 0xfe, 0xfe, 0x4c, 0x28, 0x24, 0x04, 0x00, 0x02, 0x30, 0x00, 0x00, 
    0x00, 0x00, 0x00, 0x00, 0x10, 0x20, 0x00, 0x00, 0x4c, 0x04, 0x04, 0x04, 0x04, 0x04, 0x04, 0x28, 
    0x04, 0x04, 0x04, 0x04, 0x04, 0x28, 0x04, 0x04, 0x03, 0x30, 0x00, 0x00, 0x00, 0x00, 0x00, 0x00, 
    0x04, 0x20, 0x00, 0x00, 0x00, 0x00, 0x4c, 0x04, 0x05, 0x30, 0x00, 0x00, 0x00, 0x00, 0x00, 0x00, 
    0x02, 0x30, 0x00, 0x00, 0x00, 0x04, 0x00, 0x00, 0x0c, 0x30, 0x00, 0x00, 0x00, 0x00, 0x00, 0x00, 
    0x14, 0x20, 0x00, 0x00, 0x00, 0x04, 0x04, 0x04, 0x24, 0x28, 0x0c, 0x99, 0x9d, 0x0c, 0x0c, 0x50, 
    0x24, 0x04, 0x04, 0x04, 0x04, 0x00, 0x00, 0x00, 0x0f, 0x30, 0x00, 0x00, 0x00, 0x00, 0x00, 0x00, 
    0x04, 0x20, 0x00, 0x00, 0x04, 0x2c, 0x2c, 0x2c, 0x09, 0x30, 0x00, 0x00, 0x00, 0x00, 0x00, 0x00, 
    0x04, 0x20, 0x00, 0x00, 0x00, 0x04, 0x00, 0x00, 0x11, 0x30, 0x00, 0x00, 0x00, 0x00, 0x00, 0x00, 
    0x04, 0x20, 0x00, 0x00, 0x00, 0x00, 0x04, 0x00, 0x14, 0x30, 0x00, 0x00, 0x00, 0x00, 0x00, 0x00, 
    0x04, 0x20, 0x00, 0x00, 0x04, 0x04, 0x00, 0x00, 0x09, 0x30, 0x00, 0x00, 0x00, 0x00, 0x00, 0x00, 
    0x10, 0x20, 0x00, 0x00, 0x04, 0x04, 0x04, 0x04, 0x08, 0x28, 0x9d, 0x9d, 0x08, 0x28, 0x04, 0x04, 
    0x04, 0x04, 0x00, 0x00, 0x05, 0x30, 0x00, 0x00, 0x00, 0x00, 0x00, 0x00, 0x0c, 0x20, 0x00, 0x00, 
    0x00, 0x00, 0x04, 0x04, 0x2c, 0x2c, 0x04, 0x04, 0x04, 0x04, 0x2c, 0x04, 0x0d, 0x30, 0x00, 0x00, 
    0x00, 0x00, 0x00, 0x00, 0x04, 0x20, 0x00, 0x00, 0x00, 0x00, 0x08, 0x04, 0x1e, 0x30, 0x00, 0x00, 
    0x00, 0x00, 0x00, 0x00, 0x1f, 0x30, 0x00, 0x00, 0x00, 0x00, 0x00, 0x00, 0x14, 0x20, 0x00, 0x00, 
    0x00, 0x00, 0x24, 0x04, 0x04, 0x24, 0x28, 0x28, 0xfe, 0xfe, 0xfe, 0xfe, 0xfe, 0xfe, 0xfe, 0x28, 
    0x28, 0x24, 0x04, 0x00, 0x02, 0x30, 0x00, 0x00, 0x00, 0x00, 0x00, 0x00, 0x10, 0x20, 0x00, 0x00, 
    0x4c, 0x04, 0x00, 0x04, 0x04, 0x04, 0x04, 0x28, 0x04, 0x04, 0x04, 0x04, 0x04, 0x28, 0x04, 0x04, 
    0x03, 0x30, 0x00, 0x00, 0x00, 0x00, 0x00, 0x00, 0x04, 0x20, 0x00, 0x00, 0x00, 0x00, 0x4c, 0x04, 
    0x05, 0x30, 0x00, 0x00, 0x00, 0x00, 0x00, 0x00, 0x02, 0x30, 0x00, 0x00, 0x00, 0x04, 0x00, 0x00, 
    0x0c, 0x30, 0x00, 0x00, 0x00, 0x00, 0x00, 0x00, 0x10, 0x20, 0x00, 0x00, 0x00, 0x04, 0x04, 0x04, 
    0x04, 0x28, 0x0c, 0x99, 0x99, 0x0c, 0x51, 0x08, 0x04, 0x04, 0x04, 0x04, 0x10, 0x30, 0x00, 0x00, 
    0x00, 0x00, 0x00, 0x00, 0x04, 0x20, 0x00, 0x00, 0x04, 0x2c, 0x2c, 0x04, 0x09, 0x30, 0x00, 0x00, 
    0x00, 0x00, 0x00, 0x00, 0x04, 0x20, 0x00, 0x00, 0x00, 0x00, 0x04, 0x00, 0x11, 0x30, 0x00, 0x00, 
    0x00, 0x00, 0x00, 0x00, 0x04, 0x20, 0x00, 0x00, 0x00, 0x00, 0x04, 0x00, 0x14, 0x30, 0x00, 0x00, 
    0x00, 0x00, 0x00, 0x00, 0x04, 0x20, 0x00, 0x00, 0x00, 0x00, 0x04, 0x00, 0x09, 0x30, 0x00, 0x00, 
    0x00, 0x00, 0x00, 0x00, 0x10, 0x20, 0x00, 0x00, 0x04, 0x04, 0x04, 0x08, 0x28, 0x28, 0xbd, 0xbd, 
    0x28, 0x08, 0x04, 0x04, 0x04, 0x04, 0x00, 0x00, 0x05, 0x30, 0x00, 0x00, 0x00, 0x00, 0x00, 0x00, 
    0x0c, 0x20, 0x00, 0x00, 0x00, 0x00, 0x04, 0x04, 0x2c, 0x2c, 0x04, 0x04, 0x04, 0x04, 0x2c, 0x04, 
    0x0d, 0x30, 0x00, 0x00, 0x00, 0x00, 0x00, 0x00, 0x04, 0x20, 0x00, 0x00, 0x00, 0x00, 0x08, 0x04, 
    0x1e, 0x30, 0x00, 0x00, 0x00, 0x00, 0x00, 0x00, 0x1f, 0x30, 0x00, 0x00, 0x00, 0x00, 0x00, 0x00, 
    0x14, 0x20, 0x00, 0x00, 0x00, 0x00, 0x04, 0x04, 0x04, 0x24, 0x28, 0x28, 0x4c, 0xfe, 0xfe, 0xfe, 
    0xfe, 0xfe, 0x4c, 0x28, 0x28, 0x04, 0x04, 0x04, 0x02, 0x30, 0x00, 0x00, 0x00, 0x00, 0x00, 0x00, 
    0x10, 0x20, 0x00, 0x00, 0x4c, 0x04, 0x00, 0x04, 0x04, 0x04, 0x04, 0x28, 0x04, 0x04, 0x04, 0x04, 
    0x04, 0x2c, 0x00, 0x00, 0x03, 0x30, 0x00, 0x00, 0x00, 0x00, 0x00, 0x00, 0x04, 0x20, 0x00, 0x00, 
    0x00, 0x00, 0x51, 0x04, 0x05, 0x30, 0x00, 0x00, 0x00, 0x00, 0x00, 0x00, 0x08, 0x20, 0x00, 0x00, 
    0x00, 0x24, 0x00, 0x00, 0x00, 0x04, 0x00, 0x00, 0x0c, 0x30, 0x00, 0x00, 0x00, 0x00, 0x00, 0x00, 
    0x10, 0x20, 0x00, 0x00, 0x00, 0x04, 0x04, 0x04, 0x08, 0x28, 0x08, 0x9d, 0x9d, 0x54, 0x28, 0x08, 
    0x24, 0x04, 0x04, 0x04, 0x10, 0x30, 0x00, 0x00, 0x00, 0x00, 0x00, 0x00, 0x04, 0x20, 0x00, 0x00, 
    0x2c, 0x2c, 0x00, 0x00, 0x09, 0x30, 0x00, 0x00, 0x00, 0x00, 0x00, 0x00, 0x04, 0x20, 0x00, 0x00, 
    0x00, 0x00, 0x00, 0x04, 0x11, 0x30, 0x00, 0x00, 0x00, 0x00, 0x00, 0x00, 0x04, 0x20, 0x00, 0x00, 
    0x00, 0x04, 0x00, 0x00, 0x14, 0x30, 0x00, 0x00, 0x00, 0x00, 0x00, 0x00, 0x04, 0x20, 0x00, 0x00, 
    0x00, 0x00, 0x00, 0x04, 0x09, 0x30, 0x00, 0x00, 0x00, 0x00, 0x00, 0x00, 0x10, 0x20, 0x00, 0x00, 
    0x04, 0x04, 0x04, 0x24, 0x08, 0x9d, 0xbd, 0x08, 0x4c, 0x08, 0x04, 0x04, 0x04, 0x04, 0x00, 0x00, 
    0x05, 0x30, 0x00, 0x00, 0x00, 0x00, 0x00, 0x00, 0x0c, 0x20, 0x00, 0x00, 0x00, 0x00, 0x04, 0x04, 
    0x2c, 0x2c, 0x04, 0x04, 0x04, 0x2c, 0x00, 0x00, 0x0d, 0x30, 0x00, 0x00, 0x00, 0x00, 0x00, 0x00, 
    0x04, 0x20, 0x00, 0x00, 0x00, 0x00, 0x00, 0x28, 0x1e, 0x30, 0x00, 0x00, 0x00, 0x00, 0x00, 0x00, 
    0x1f, 0x30, 0x00, 0x00, 0x00, 0x00, 0x00, 0x00, 0x14, 0x20, 0x00, 0x00, 0x00, 0x00, 0x28, 0x04, 
    0x04, 0x04, 0x24, 0x28, 0x28, 0x4c, 0xfe, 0xfe, 0xfe, 0x4c, 0x28, 0x28, 0x24, 0x04, 0x04, 0x04, 
    0x02, 0x30, 0x00, 0x00, 0x00, 0x00, 0x00, 0x00, 0x10, 0x20, 0x00, 0x00, 0x4c, 0x04, 0x00, 0x04, 
    0x04, 0x04, 0x04, 0x28, 0x04, 0x04, 0x04, 0x04, 0x04, 0x2c, 0x00, 0x00, 0x03, 0x30, 0x00, 0x00, 
    0x00, 0x00, 0x00, 0x00, 0x04, 0x20, 0x00, 0x00, 0x00, 0x00, 0x51, 0x04, 0x05, 0x30, 0x00, 0x00, 
    0x00, 0x00, 0x00, 0x00, 0x08, 0x20, 0x00, 0x00, 0x00, 0x24, 0x00, 0x00, 0x00, 0x04, 0x00, 0x00, 
    0x0c, 0x30, 0x00, 0x00, 0x00, 0x00, 0x00, 0x00, 0x10, 0x20, 0x00, 0x00, 0x00, 0x04, 0x04, 0x04, 
    0x08, 0x08, 0x08, 0x9d, 0x9d, 0x54, 0x28, 0x08, 0x04, 0x04, 0x04, 0x00, 0x0f, 0x30, 0x00, 0x00, 
    0x00, 0x00, 0x00, 0x00, 0x08, 0x20, 0x00, 0x00, 0x00, 0x00, 0x00, 0x28, 0x2c, 0x2c, 0x00, 0x00, 
    0x09, 0x30, 0x00, 0x00, 0x00, 0x00, 0x00, 0x00, 0x04, 0x20, 0x00, 0x00, 0x00, 0x00, 0x00, 0x04, 
    0x11, 0x30, 0x00, 0x00, 0x00, 0x00, 0x00, 0x00, 0x04, 0x20, 0x00, 0x00, 0x00, 0x04, 0x00, 0x00, 
    0x15, 0x30, 0x00, 0x00, 0x00, 0x00, 0x00, 0x00, 0x04, 0x20, 0x00, 0x00, 0x04, 0x00, 0x00, 0x00, 
    0x07, 0x30, 0x00, 0x00, 0x00, 0x00, 0x00, 0x00, 0x14, 0x20, 0x00, 0x00, 0x00, 0x00, 0x00, 0x04, 
    0x04, 0x04, 0x04, 0x28, 0x08, 0x9d, 0xbd, 0x08, 0x08, 0x4c, 0x04, 0x04, 0x04, 0x00, 0x00, 0x00, 
    0x05, 0x30, 0x00, 0x00, 0x00, 0x00, 0x00, 0x00, 0x0c, 0x20, 0x00, 0x00, 0x00, 0x04, 0x04, 0x04, 
    0x2c, 0x2c, 0x04, 0x04, 0x04, 0x2c, 0x00, 0x00, 0x0d, 0x30, 0x00, 0x00, 0x00, 0x00, 0x00, 0x00, 
    0x04, 0x20, 0x00, 0x00, 0x00, 0x00, 0x00, 0x28, 0x1e, 0x30, 0x00, 0x00, 0x00, 0x00, 0x00, 0x00, 
    0x1f, 0x30, 0x00, 0x00, 0x00, 0x00, 0x00, 0x00, 0x14, 0x20, 0x00, 0x00, 0x00, 0x00, 0x04, 0x04, 
    0x04, 0x04, 0x24, 0x28, 0x28, 0x28, 0x28, 0x4c, 0x2c, 0x28, 0x28, 0x28, 0x04, 0x04, 0x04, 0x00, 
    0x02, 0x30, 0x00, 0x00, 0x00, 0x00, 0x00, 0x00, 0x10, 0x20, 0x00, 0x00, 0x4c, 0x04, 0x00, 0x04, 
    0x04, 0x04, 0x04, 0x28, 0x04, 0x04, 0x04, 0x04, 0x04, 0x2c, 0x00, 0x00, 0x03, 0x30, 0x00, 0x00, 
    0x00, 0x00, 0x00, 0x00, 0x04, 0x20, 0x00, 0x00, 0x04, 0x51, 0x00, 0x00, 0x03, 0x30, 0x00, 0x00, 
    0x00, 0x00, 0x00, 0x00, 0x10, 0x20, 0x00, 0x00, 0x00, 0x00, 0x00, 0x04, 0x00, 0x00, 0x00, 0x00, 
    0x00, 0x24, 0x00, 0x00, 0x04, 0x00, 0x00, 0x00, 0x0c, 0x30, 0x00, 0x00, 0x00, 0x00, 0x00, 0x00, 
    0x10, 0x20, 0x00, 0x00, 0x00, 0x04, 0x04, 0x04, 0x04, 0x28, 0x0c, 0x9d, 0x9d, 0x0c, 0x08, 0x08, 
    0x04, 0x04, 0x00, 0x00, 0x0f, 0x30, 0x00, 0x00, 0x00, 0x00, 0x00, 0x00, 0x08, 0x20, 0x00, 0x00, 
    0x00, 0x00, 0x04, 0x2c, 0x28, 0x00, 0x00, 0x00, 0x0a, 0x30, 0x00, 0x00, 0x00, 0x00, 0x00, 0x00, 
    0x04, 0x20, 0x00, 0x00, 0x04, 0x00, 0x00, 0x00, 0x10, 0x30, 0x00, 0x00, 0x00, 0x00, 0x00, 0x00, 
    0x04, 0x20, 0x00, 0x00, 0x00, 0x04, 0x00, 0x00, 0x15, 0x30, 0x00, 0x00, 0x00, 0x00, 0x00, 0x00, 
    0x04, 0x20, 0x00, 0x00, 0x00, 0x04, 0x00, 0x00, 0x07, 0x30, 0x00, 0x00, 0x00, 0x00, 0x00, 0x00, 
    0x14, 0x20, 0x00, 0x00, 0x00, 0x00, 0x00, 0x04, 0x04, 0x04, 0x08, 0x28, 0x0c, 0xbd, 0x9d, 0x08, 
    0x08, 0x4c, 0x04, 0x04, 0x04, 0x00, 0x00, 0x00, 0x05, 0x30, 0x00, 0x00, 0x00, 0x00, 0x00, 0x00, 
    0x0c, 0x20, 0x00, 0x00, 0x00, 0x04, 0x00, 0x04, 0x2c, 0x2c, 0x04, 0x04, 0x04, 0x2c, 0x00, 0x00, 
    0x0d, 0x30, 0x00, 0x00, 0x00, 0x00, 0x00, 0x00, 0x04, 0x20, 0x00, 0x00, 0x00, 0x00, 0x00, 0x24, 
    0x1e, 0x30, 0x00, 0x00, 0x00, 0x00, 0x00, 0x00, 0x1f, 0x30, 0x00, 0x00, 0x00, 0x00, 0x00, 0x00, 
    0x14, 0x20, 0x00, 0x00, 0x00, 0x00, 0x04, 0x04, 0x04, 0x04, 0x04, 0x24, 0x24, 0x28, 0x28, 0x28, 
    0x28, 0x28, 0x28, 0x04, 0x04, 0x04, 0x04, 0x00, 0x02, 0x30, 0x00, 0x00, 0x00, 0x00, 0x00, 0x00, 
    0x10, 0x20, 0x00, 0x00, 0x4c, 0x04, 0x00, 0x00, 0x04, 0x04, 0x04, 0x28, 0x04, 0x04, 0x04, 0x04, 
    0x2c, 0x04, 0x00, 0x00, 0x03, 0x30, 0x00, 0x00, 0x00, 0x00, 0x00, 0x00, 0x04, 0x20, 0x00, 0x00, 
    0x04, 0x51, 0x00, 0x00, 0x03, 0x30, 0x00, 0x00, 0x00, 0x00, 0x00, 0x00, 0x10, 0x20, 0x00, 0x00, 
    0x00, 0x00, 0x04, 0x04, 0x04, 0x00, 0x00, 0x00, 0x00, 0x24, 0x00, 0x00, 0x04, 0x00, 0x00, 0x00, 
    0x0c, 0x30, 0x00, 0x00, 0x00, 0x00, 0x00, 0x00, 0x10, 0x20, 0x00, 0x00, 0x00, 0x04, 0x04, 0x04, 
    0x08, 0x28, 0x0c, 0x9d, 0x9d, 0x0c, 0x08, 0x08, 0x04, 0x04, 0x00, 0x00, 0x0f, 0x30, 0x00, 0x00, 
    0x00, 0x00, 0x00, 0x00, 0x04, 0x20, 0x00, 0x00, 0x00, 0x00, 0x2c, 0x04, 0x1c, 0x30, 0x00, 0x00, 
    0x00, 0x00, 0x00, 0x00, 0x04, 0x20, 0x00, 0x00, 0x00, 0x04, 0x00, 0x00, 0x15, 0x30, 0x00, 0x00, 
    0x00, 0x00, 0x00, 0x00, 0x04, 0x20, 0x00, 0x00, 0x00, 0x00, 0x04, 0x04, 0x07, 0x30, 0x00, 0x00, 
    0x00, 0x00, 0x00, 0x00, 0x14, 0x20, 0x00, 0x00, 0x00, 0x00, 0x00, 0x04, 0x04, 0x04, 0x28, 0x28, 
    0xbd, 0x9d, 0x08, 0x08, 0x08, 0x2c, 0x4c, 0x04, 0x04, 0x00, 0x00, 0x00, 0x05, 0x30, 0x00, 0x00, 
    0x00, 0x00, 0x00, 0x00, 0x0c, 0x20, 0x00, 0x00, 0x00, 0x04, 0x04, 0x28, 0x2c, 0x2c, 0x04, 0x04, 
    0x04, 0x2c, 0x00, 0x00, 0x0d, 0x30, 0x00, 0x00, 0x00, 0x00, 0x00, 0x00, 0x08, 0x20, 0x00, 0x00, 
    0x00, 0x00, 0x00, 0x04, 0x24, 0x00, 0x00, 0x00, 0x1d, 0x30, 0x00, 0x00, 0x00, 0x00, 0x00, 0x00, 
    0x1f, 0x30, 0x00, 0x00, 0x00, 0x00, 0x00, 0x00, 0x2c, 0x20, 0x00, 0x00, 0x00, 0x00, 0x04, 0x00, 
    0x00, 0x04, 0x04, 0x04, 0x04, 0x24, 0x24, 0x24, 0x24, 0x04, 0x04, 0x04, 0x04, 0x04, 0x00, 0x00, 
    0x00, 0x00, 0x00, 0x00, 0x00, 0x00, 0x04, 0x04, 0x4c, 0x04, 0x00, 0x00, 0x00, 0x00, 0x04, 0x28, 
    0x04, 0x08, 0x04, 0x04, 0x28, 0x04, 0x00, 0x00, 0x03, 0x30, 0x00, 0x00, 0x00, 0x00, 0x00, 0x00, 
    0x04, 0x20, 0x00, 0x00, 0x04, 0x51, 0x00, 0x00, 0x03, 0x30, 0x00, 0x00, 0x00, 0x00, 0x00, 0x00, 
    0x10, 0x20, 0x00, 0x00, 0x00, 0x00, 0x00, 0x04, 0x00, 0x00, 0x00, 0x00, 0x00, 0x04, 0x00, 0x00, 
    0x04, 0x00, 0x00, 0x00, 0x0c, 0x30, 0x00, 0x00, 0x00, 0x00, 0x00, 0x00, 0x10, 0x20, 0x00, 0x00, 
    0x00, 0x04, 0x04, 0x04, 0x04, 0x28, 0x0c, 0x9d, 0x9d, 0x54, 0x28, 0x04, 0x04, 0x04, 0x00, 0x00, 
    0x0f, 0x30, 0x00, 0x00, 0x00, 0x00, 0x00, 0x00, 0x04, 0x20, 0x00, 0x00, 0x00, 0x28, 0x00, 0x00, 
    0x0b, 0x30, 0x00, 0x00, 0x00, 0x00, 0x00, 0x00, 0x04, 0x20, 0x00, 0x00, 0x04, 0x00, 0x00, 0x00, 
    0x10, 0x30, 0x00, 0x00, 0x00, 0x00, 0x00, 0x00, 0x04, 0x20, 0x00, 0x00, 0x00, 0x04, 0x00, 0x00, 
    0x16, 0x30, 0x00, 0x00, 0x00, 0x00, 0x00, 0x00, 0x04, 0x20, 0x00, 0x00, 0x04, 0x00, 0x00, 0x00, 
    0x06, 0x30, 0x00, 0x00, 0x00, 0x00, 0x00, 0x00, 0x14, 0x20, 0x00, 0x00, 0x00, 0x00, 0x04, 0x04, 
    0x04, 0x04, 0x08, 0x28, 0xbd, 0x9d, 0x28, 0x28, 0x2c, 0x28, 0x2c, 0x04, 0x04, 0x00, 0x00, 0x00, 
    0x05, 0x30, 0x00, 0x00, 0x00, 0x00, 0x00, 0x00, 0x0c, 0x20, 0x00, 0x00, 0x00, 0x04, 0x08, 0x4c, 
    0x4c, 0x04, 0x04, 0x04, 0x2c, 0x04, 0x00, 0x00, 0x0d, 0x30, 0x00, 0x00, 0x00, 0x00, 0x00, 0x00, 
    0x08, 0x20, 0x00, 0x00, 0x00, 0x00, 0x00, 0x04, 0x28, 0x00, 0x00, 0x00, 0x1d, 0x30, 0x00, 0x00, 
    0x00, 0x00, 0x00, 0x00, 0x1f, 0x30, 0x00, 0x00, 0x00, 0x00, 0x00, 0x00, 0x08, 0x20, 0x00, 0x00, 
    0x00, 0x00, 0x04, 0x00, 0x00, 0x00, 0x00, 0x04, 0x02, 0x30, 0x00, 0x00, 0x04, 0x04, 0x04, 0x04, 
    0x02, 0x30, 0x00, 0x00, 0x00, 0x00, 0x00, 0x00, 0x14, 0x20, 0x00, 0x00, 0x00, 0x00, 0x04, 0x2c, 
    0x04, 0x04, 0x00, 0x00, 0x00, 0x00, 0x04, 0x28, 0x04, 0x04, 0x04, 0x04, 0x28, 0x00, 0x00, 0x00, 
    0x03, 0x30, 0x00, 0x00, 0x00, 0x00, 0x00, 0x00, 0x04, 0x20, 0x00, 0x00, 0x04, 0x51, 0x00, 0x00, 
    0x05, 0x30, 0x00, 0x00, 0x00, 0x00, 0x00, 0x00, 0x08, 0x20, 0x00, 0x00, 0x00, 0x04, 0x00, 0x00, 
    0x04, 0x00, 0x00, 0x00, 0x0c, 0x30, 0x00, 0x00, 0x00, 0x00, 0x00, 0x00, 0x10, 0x20, 0x00, 0x00, 
    0x00, 0x04, 0x04, 0x04, 0x04, 0x28, 0x54, 0x9d, 0x9d, 0x0c, 0x28, 0x04, 0x04, 0x04, 0x00, 0x00, 
    0x0f, 0x30, 0x00, 0x00, 0x00, 0x00, 0x00, 0x00, 0x04, 0x20, 0x00, 0x00, 0x00, 0x28, 0x00, 0x00, 
    0x0b, 0x30, 0x00, 0x00, 0x00, 0x00, 0x00, 0x00, 0x04, 0x20, 0x00, 0x00, 0x00, 0x04, 0x00, 0x00, 
    0x10, 0x30, 0x00, 0x00, 0x00, 0x00, 0x00, 0x00, 0x04, 0x20, 0x00, 0x00, 0x04, 0x00, 0x00, 0x00, 
    0x16, 0x30, 0x00, 0x00, 0x00, 0x00, 0x00, 0x00, 0x04, 0x20, 0x00, 0x00, 0x00, 0x04, 0x00, 0x00, 
    0x06, 0x30, 0x00, 0x00, 0x00, 0x00, 0x00, 0x00, 0x14, 0x20, 0x00, 0x00, 0x00, 0x04, 0x04, 0x04, 
    0x04, 0x24, 0x28, 0x28, 0xbd, 0x0c, 0x28, 0x28, 0x08, 0x28, 0x04, 0x2c, 0x04, 0x00, 0x00, 0x00, 
    0x05, 0x30, 0x00, 0x00, 0x00, 0x00, 0x00, 0x00, 0x0c, 0x20, 0x00, 0x00, 0x04, 0x00, 0x04, 0x2c, 
    0x2c, 0x04, 0x04, 0x04, 0x2c, 0x04, 0x00, 0x00, 0x0d, 0x30, 0x00, 0x00, 0x00, 0x00, 0x00, 0x00, 
    0x08, 0x20, 0x00, 0x00, 0x00, 0x00, 0x00, 0x04, 0x28, 0x00, 0x00, 0x00, 0x1d, 0x30, 0x00, 0x00, 
    0x00, 0x00, 0x00, 0x00, 0x1f, 0x30, 0x00, 0x00, 0x00, 0x00, 0x00, 0x00, 0x10, 0x20, 0x00, 0x00, 
    0x00, 0x00, 0x04, 0x00, 0x00, 0x00, 0x00, 0x00, 0x00, 0x00, 0x00, 0x04, 0x04, 0x00, 0x00, 0x00, 
    0x02, 0x30, 0x00, 0x00, 0x00, 0x00, 0x00, 0x00, 0x10, 0x20, 0x00, 0x00, 0x00, 0x00, 0x04, 0x2c, 
    0x04, 0x04, 0x00, 0x00, 0x00, 0x00, 0x04, 0x28, 0x04, 0x24, 0x04, 0x2c, 0x04, 0x30, 0x00, 0x00, 
    0x00, 0x00, 0x00, 0x00, 0x04, 0x20, 0x00, 0x00, 0x4c, 0x04, 0x00, 0x00, 0x05, 0x30, 0x00, 0x00, 
    0x00, 0x00, 0x00, 0x00, 0x08, 0x20, 0x00, 0x00, 0x00, 0x04, 0x00, 0x00, 0x04, 0x00, 0x00, 0x00, 
    0x0c, 0x30, 0x00, 0x00, 0x00, 0x00, 0x00, 0x00, 0x10, 0x20, 0x00, 0x00, 0x00, 0x04, 0x04, 0x04, 
    0x08, 0x28, 0x54, 0x99, 0x99, 0x08, 0x04, 0x04, 0x04, 0x04, 0x00, 0x00, 0x04, 0x30, 0x00, 0x00, 
    0x00, 0x00, 0x00, 0x00, 0x04, 0x20, 0x00, 0x00, 0x00, 0x00, 0x04, 0x00, 0x0a, 0x30, 0x00, 0x00, 
    0x00, 0x00, 0x00, 0x00, 0x04, 0x20, 0x00, 0x00, 0x28, 0x00, 0x00, 0x00, 0x0b, 0x30, 0x00, 0x00, 
    0x00, 0x00, 0x00, 0x00, 0x04, 0x20, 0x00, 0x00, 0x00, 0x04, 0x00, 0x00, 0x10, 0x30, 0x00, 0x00, 
    0x00, 0x00, 0x00, 0x00, 0x04, 0x20, 0x00, 0x00, 0x04, 0x00, 0x00, 0x00, 0x16, 0x30, 0x00, 0x00, 
    0x00, 0x00, 0x00, 0x00, 0x04, 0x20, 0x00, 0x00, 0x00, 0x00, 0x04, 0x04, 0x06, 0x30, 0x00, 0x00, 
    0x00, 0x00, 0x00, 0x00, 0x14, 0x20, 0x00, 0x00, 0x00, 0x04, 0x04, 0x04, 0x08, 0x08, 0x0c, 0xbd, 
    0x9d, 0x08, 0x28, 0x28, 0x04, 0x04, 0x04, 0x04, 0x28, 0x04, 0x00, 0x00, 0x05, 0x30, 0x00, 0x00, 
    0x00, 0x00, 0x00, 0x00, 0x0c, 0x20, 0x00, 0x00, 0x04, 0x00, 0x04, 0x2c, 0x4c, 0x04, 0x04, 0x04, 
    0x2c, 0x04, 0x00, 0x00, 0x0d, 0x30, 0x00, 0x00, 0x00, 0x00, 0x00, 0x00, 0x08, 0x20, 0x00, 0x00, 
    0x00, 0x00, 0x00, 0x04, 0x04, 0x04, 0x00, 0x00, 0x1d, 0x30, 0x00, 0x00, 0x00, 0x00, 0x00, 0x00, 
    0x1f, 0x30, 0x00, 0x00, 0x00, 0x00, 0x00, 0x00, 0x04, 0x20, 0x00, 0x00, 0x00, 0x00, 0x04, 0x00, 
    0x05, 0x30, 0x00, 0x00, 0x00, 0x00, 0x00, 0x00, 0x10, 0x20, 0x00, 0x00, 0x00, 0x00, 0x04, 0x2c, 
    0x00, 0x04, 0x00, 0x00, 0x00, 0x00, 0x28, 0x04, 0x04, 0x04, 0x04, 0x2c, 0x04, 0x30, 0x00, 0x00, 
    0x00, 0x00, 0x00, 0x00, 0x04, 0x20, 0x00, 0x00, 0x4c, 0x04, 0x00, 0x00, 0x05, 0x30, 0x00, 0x00, 
    0x00, 0x00, 0x00, 0x00, 0x04, 0x20, 0x00, 0x00, 0x00, 0x04, 0x00, 0x04, 0x0d, 0x30, 0x00, 0x00, 
    0x00, 0x00, 0x00, 0x00, 0x10, 0x20, 0x00, 0x00, 0x00, 0x04, 0x04, 0x04, 0x08, 0x51, 0x08, 0x99, 
    0x99, 0x08, 0x28, 0x04, 0x04, 0x04, 0x00, 0x00, 0x04, 0x30, 0x00, 0x00, 0x00, 0x00, 0x00, 0x00, 
    0x04, 0x20, 0x00, 0x00, 0x00, 0x04, 0x04, 0x00, 0x09, 0x30, 0x00, 0x00, 0x00, 0x00, 0x00, 0x00, 
    0x04, 0x20, 0x00, 0x00, 0x00, 0x00, 0x00, 0x28, 0x0c, 0x30, 0x00, 0x00, 0x00, 0x00, 0x00, 0x00, 
    0x04, 0x20, 0x00, 0x00, 0x00, 0x00, 0x04, 0x00, 0x10, 0x30, 0x00, 0x00, 0x00, 0x00, 0x00, 0x00, 
    0x04, 0x20, 0x00, 0x00, 0x04, 0x00, 0x00, 0x00, 0x0b, 0x30, 0x00, 0x00, 0x00, 0x00, 0x00, 0x00, 
    0x04, 0x20, 0x00, 0x00, 0x00, 0x04, 0x04, 0x00, 0x0b, 0x30, 0x00, 0x00, 0x00, 0x00, 0x00, 0x00, 
    0x04, 0x20, 0x00, 0x00, 0x04, 0x00, 0x00, 0x00, 0x05, 0x30, 0x00, 0x00, 0x00, 0x00, 0x00, 0x00, 
    0x14, 0x20, 0x00, 0x00, 0x00, 0x04, 0x04, 0x04, 0x08, 0x28, 0x9d, 0xbd, 0x08, 0x08, 0x28, 0x04, 
    0x04, 0x04, 0x04, 0x00, 0x28, 0x04, 0x00, 0x00, 0x05, 0x30, 0x00, 0x00, 0x00, 0x00, 0x00, 0x00, 
    0x0c, 0x20, 0x00, 0x00, 0x04, 0x04, 0x04, 0x2c, 0x2c, 0x04, 0x04, 0x2c, 0x04, 0x00, 0x00, 0x00, 
    0x0d, 0x30, 0x00, 0x00, 0x00, 0x00, 0x00, 0x00, 0x08, 0x20, 0x00, 0x00, 0x00, 0x00, 0x00, 0x04, 
    0x00, 0x24, 0x00, 0x00, 0x1d, 0x30, 0x00, 0x00, 0x00, 0x00, 0x00, 0x00, 0x1f, 0x30, 0x00, 0x00, 
    0x00, 0x00, 0x00, 0x00, 0x04, 0x20, 0x00, 0x00, 0x00, 0x00, 0x04, 0x00, 0x05, 0x30, 0x00, 0x00, 
    0x00, 0x00, 0x00, 0x00, 0x10, 0x20, 0x00, 0x00, 0x00, 0x00, 0x04, 0x2c, 0x00, 0x00, 0x00, 0x00, 
    0x00, 0x00, 0x28, 0x04, 0x04, 0x08, 0x04, 0x2c, 0x04, 0x30, 0x00, 0x00, 0x00, 0x00, 0x00, 0x00, 
    0x04, 0x20, 0x00, 0x00, 0x4c, 0x04, 0x00, 0x00, 0x05, 0x30, 0x00, 0x00, 0x00, 0x00, 0x00, 0x00, 
    0x04, 0x20, 0x00, 0x00, 0x00, 0x24, 0x00, 0x04, 0x0d, 0x30, 0x00, 0x00, 0x00, 0x00, 0x00, 0x00, 
    0x10, 0x20, 0x00, 0x00, 0x00, 0x04, 0x04, 0x04, 0x08, 0x51, 0x08, 0x9d, 0x9d, 0x08, 0x04, 0x04, 
    0x04, 0x04, 0x00, 0x00, 0x04, 0x30, 0x00, 0x00, 0x00, 0x00, 0x00, 0x00, 0x04, 0x20, 0x00, 0x00, 
    0x00, 0x00, 0x04, 0x00, 0x09, 0x30, 0x00, 0x00, 0x00, 0x00, 0x00, 0x00, 0x04, 0x20, 0x00, 0x00, 
    0x00, 0x00, 0x28, 0x00, 0x0c, 0x30, 0x00, 0x00, 0x00, 0x00, 0x00, 0x00, 0x04, 0x20, 0x00, 0x00, 
    0x00, 0x00, 0x04, 0x00, 0x10, 0x30, 0x00, 0x00, 0x00, 0x00, 0x00, 0x00, 0x04, 0x20, 0x00, 0x00, 
    0x04, 0x00, 0x00, 0x00, 0x17, 0x30, 0x00, 0x00, 0x00, 0x00, 0x00, 0x00, 0x04, 0x20, 0x00, 0x00, 
    0x00, 0x04, 0x00, 0x00, 0x05, 0x30, 0x00, 0x00, 0x00, 0x00, 0x00, 0x00, 0x14, 0x20, 0x00, 0x00, 
    0x04, 0x04, 0x04, 0x04, 0x08, 0x9d, 0xbd, 0xbd, 0x28, 0x28, 0x24, 0x04, 0x04, 0x04, 0x04, 0x00, 
    0x04, 0x28, 0x00, 0x00, 0x05, 0x30, 0x00, 0x00, 0x00, 0x00, 0x00, 0x00, 0x08, 0x20, 0x00, 0x00, 
    0x00, 0x04, 0x04, 0x2c, 0x2c, 0x04, 0x04, 0x2c, 0x0e, 0x30, 0x00, 0x00, 0x00, 0x00, 0x00, 0x00, 
    0x0c, 0x20, 0x00, 0x00, 0x00, 0x00, 0x00, 0x04, 0x00, 0x28, 0x00, 0x00, 0x00, 0x24, 0x00, 0x00, 
    0x1c, 0x30, 0x00, 0x00, 0x00, 0x00, 0x00, 0x00, 0x1f, 0x30, 0x00, 0x00, 0x00, 0x00, 0x00, 0x00, 
    0x04, 0x20, 0x00, 0x00, 0x00, 0x00, 0x04, 0x00, 0x05, 0x30, 0x00, 0x00, 0x00, 0x00, 0x00, 0x00, 
    0x10, 0x20, 0x00, 0x00, 0x00, 0x00, 0x04, 0x2c, 0x00, 0x00, 0x00, 0x00, 0x00, 0x00, 0x28, 0x04, 
    0x04, 0x04, 0x04, 0x2c, 0x04, 0x30, 0x00, 0x00, 0x00, 0x00, 0x00, 0x00, 0x04, 0x20, 0x00, 0x00, 
    0x4c, 0x04, 0x00, 0x00, 0x05, 0x30, 0x00, 0x00, 0x00, 0x00, 0x00, 0x00, 0x04, 0x20, 0x00, 0x00, 
    0x00, 0x24, 0x00, 0x04, 0x0d, 0x30, 0x00, 0x00, 0x00, 0x00, 0x00, 0x00, 0x10, 0x20, 0x00, 0x00, 
    0x00, 0x04, 0x04, 0x04, 0x4c, 0x08, 0x08, 0x08, 0x7d, 0x9d, 0x28, 0x04, 0x04, 0x04, 0x00, 0x00, 
    0x0e, 0x30, 0x00, 0x00, 0x00, 0x00, 0x00, 0x00, 0x04, 0x20, 0x00, 0x00, 0x00, 0x28, 0x00, 0x00, 
    0x0c, 0x30, 0x00, 0x00, 0x00, 0x00, 0x00, 0x00, 0x04, 0x20, 0x00, 0x00, 0x00, 0x00, 0x00, 0x04, 
    0x10, 0x30, 0x00, 0x00, 0x00, 0x00, 0x00, 0x00, 0x04, 0x20, 0x00, 0x00, 0x04, 0x00, 0x00, 0x00, 
    0x17, 0x30, 0x00, 0x00, 0x00, 0x00, 0x00, 0x00, 0x04, 0x20, 0x00, 0x00, 0x00, 0x00, 0x04, 0x00, 
    0x03, 0x30, 0x00, 0x00, 0x00, 0x00, 0x00, 0x00, 0x1c, 0x20, 0x00, 0x00, 0x00, 0x00, 0x00, 0x04, 
    0x00, 0x00, 0x00, 0x00, 0x04, 0x04, 0x04, 0x28, 0x0c, 0xbd, 0x9d, 0x0c, 0x28, 0x04, 0x04, 0x04, 
    0x04, 0x04, 0x04, 0x00, 0x04, 0x28, 0x00, 0x00, 0x05, 0x30, 0x00, 0x00, 0x00, 0x00, 0x00, 0x00, 
    0x08, 0x20, 0x00, 0x00, 0x00, 0x04, 0x04, 0x2c, 0x2c, 0x04, 0x04, 0x2c, 0x0e, 0x30, 0x00, 0x00, 
    0x00, 0x00, 0x00, 0x00, 0x0c, 0x20, 0x00, 0x00, 0x00, 0x00, 0x00, 0x04, 0x00, 0x28, 0x00, 0x00, 
    0x04, 0x04, 0x04, 0x00, 0x1c, 0x30, 0x00, 0x00, 0x00, 0x00, 0x00, 0x00, 0x1f, 0x30, 0x00, 0x00, 
    0x00, 0x00, 0x00, 0x00, 0x04, 0x20, 0x00, 0x00, 0x00, 0x00, 0x04, 0x00, 0x05, 0x30, 0x00, 0x00, 
    0x00, 0x00, 0x00, 0x00, 0x10, 0x20, 0x00, 0x00, 0x00, 0x00, 0x04, 0x2c, 0x00, 0x00, 0x00, 0x00, 
    0x00, 0x00, 0x28, 0x04, 0x04, 0x04, 0x04, 0x2c, 0x03, 0x30, 0x00, 0x00, 0x00, 0x00, 0x00, 0x00, 
    0x04, 0x20, 0x00, 0x00, 0x00, 0x00, 0x04, 0x4c, 0x06, 0x30, 0x00, 0x00, 0x00, 0x00, 0x00, 0x00, 
    0x04, 0x20, 0x00, 0x00, 0x00, 0x24, 0x00, 0x04, 0x0d, 0x30, 0x00, 0x00, 0x00, 0x00, 0x00, 0x00, 
    0x10, 0x20, 0x00, 0x00, 0x00, 0x00, 0x04, 0x04, 0x4c, 0x08, 0x28, 0x08, 0x7d, 0x7d, 0x28, 0x04, 
    0x04, 0x04, 0x00, 0x00, 0x0e, 0x30, 0x00, 0x00, 0x00, 0x00, 0x00, 0x00, 0x04, 0x20, 0x00, 0x00, 
    0x28, 0x00, 0x00, 0x00, 0x0c, 0x30, 0x00, 0x00, 0x00, 0x00, 0x00, 0x00, 0x04, 0x20, 0x00, 0x00, 
    0x00, 0x00, 0x00, 0x04, 0x10, 0x30, 0x00, 0x00, 0x00, 0x00, 0x00, 0x00, 0x04, 0x20, 0x00, 0x00, 
    0x04, 0x00, 0x00, 0x00, 0x17, 0x30, 0x00, 0x00, 0x00, 0x00, 0x00, 0x00, 0x04, 0x20, 0x00, 0x00, 
    0x00, 0x00, 0x00, 0x04, 0x03, 0x30, 0x00, 0x00, 0x00, 0x00, 0x00, 0x00, 0x1c, 0x20, 0x00, 0x00, 
    0x00, 0x00, 0x04, 0x04, 0x04, 0x00, 0x00, 0x04, 0x04, 0x04, 0x08, 0x28, 0x9d, 0x9d, 0x9d, 0x28, 
    0x28, 0x04, 0x04, 0x04, 0x04, 0x00, 0x00, 0x00, 0x00, 0x00, 0x28, 0x00, 0x05, 0x30, 0x00, 0x00, 
    0x00, 0x00, 0x00, 0x00, 0x02, 0x30, 0x00, 0x00, 0x04, 0x04, 0x04, 0x2c, 0x0e, 0x30, 0x00, 0x00, 
    0x00, 0x00, 0x00, 0x00, 0x04, 0x20, 0x00, 0x00, 0x00, 0x00, 0x00, 0x04, 0x02, 0x30, 0x00, 0x00, 
    0x00, 0x24, 0x00, 0x00, 0x1c, 0x30, 0x00, 0x00, 0x00, 0x00, 0x00, 0x00, 0x1f, 0x30, 0x00, 0x00, 
    0x00, 0x00, 0x00, 0x00, 0x04, 0x20, 0x00, 0x00, 0x00, 0x04, 0x00, 0x00, 0x05, 0x30, 0x00, 0x00, 
    0x00, 0x00, 0x00, 0x00, 0x10, 0x20, 0x00, 0x00, 0x00, 0x00, 0x04, 0x2c, 0x00, 0x00, 0x00, 0x00, 
    0x00, 0x00, 0x28, 0x04, 0x04, 0x04, 0x2c, 0x04, 0x03, 0x30, 0x00, 0x00, 0x00, 0x00, 0x00, 0x00, 
    0x04, 0x20, 0x00, 0x00, 0x00, 0x00, 0x04, 0x4c, 0x06, 0x30, 0x00, 0x00, 0x00, 0x00, 0x00, 0x00, 
    0x04, 0x20, 0x00, 0x00, 0x00, 0x00, 0x24, 0x04, 0x0d, 0x30, 0x00, 0x00, 0x00, 0x00, 0x00, 0x00, 
    0x10, 0x20, 0x00, 0x00, 0x00, 0x04, 0x04, 0x4c, 0x08, 0x08, 0x08, 0x08, 0x7d, 0x7d, 0x28, 0x04, 
    0x04, 0x04, 0x00, 0x00, 0x0d, 0x30, 0x00, 0x00, 0x00, 0x00, 0x00, 0x00, 0x04, 0x20, 0x00, 0x00, 
    0x00, 0x00, 0x00, 0x28, 0x0e, 0x30, 0x00, 0x00, 0x00, 0x00, 0x00, 0x00, 0x04, 0x20, 0x00, 0x00, 
    0x04, 0x00, 0x00, 0x00, 0x0e, 0x30, 0x00, 0x00, 0x00, 0x00, 0x00, 0x00, 0x04, 0x20, 0x00, 0x00, 
    0x00, 0x00, 0x00, 0x04, 0x19, 0x30, 0x00, 0x00, 0x00, 0x00, 0x00, 0x00, 0x04, 0x20, 0x00, 0x00, 
    0x04, 0x00, 0x00, 0x00, 0x02, 0x30, 0x00, 0x00, 0x00, 0x00, 0x00, 0x00, 0x02, 0x30, 0x00, 0x00, 
    0x00, 0x00, 0x00, 0x04, 0x14, 0x20, 0x00, 0x00, 0x04, 0x24, 0x28, 0x28, 0x9d, 0x9d, 0x28, 0x08, 
    0x04, 0x04, 0x04, 0x04, 0x04, 0x00, 0x00, 0x00, 0x00, 0x00, 0x28, 0x04, 0x05, 0x30, 0x00, 0x00, 
    0x00, 0x00, 0x00, 0x00, 0x08, 0x20, 0x00, 0x00, 0x04, 0x04, 0x2c, 0x4c, 0x04, 0x04, 0x2c, 0x04, 
    0x0e, 0x30, 0x00, 0x00, 0x00, 0x00, 0x00, 0x00, 0x08, 0x20, 0x00, 0x00, 0x00, 0x00, 0x00, 0x04, 
    0x00, 0x24, 0x00, 0x00, 0x1d, 0x30, 0x00, 0x00, 0x00, 0x00, 0x00, 0x00, 0x1f, 0x30, 0x00, 0x00, 
    0x00, 0x00, 0x00, 0x00, 0x04, 0x20, 0x00, 0x00, 0x00, 0x04, 0x00, 0x00, 0x05, 0x30, 0x00, 0x00, 
    0x00, 0x00, 0x00, 0x00, 0x10, 0x20, 0x00, 0x00, 0x00, 0x00, 0x04, 0x2c, 0x00, 0x00, 0x00, 0x00, 
    0x00, 0x00, 0x28, 0x04, 0x04, 0x04, 0x2c, 0x04, 0x03, 0x30, 0x00, 0x00, 0x00, 0x00, 0x00, 0x00, 
    0x04, 0x20, 0x00, 0x00, 0x00, 0x00, 0x04, 0x4c, 0x06, 0x30, 0x00, 0x00, 0x00, 0x00, 0x00, 0x00, 
    0x04, 0x20, 0x00, 0x00, 0x00, 0x00, 0x08, 0x04, 0x0d, 0x30, 0x00, 0x00, 0x00, 0x00, 0x00, 0x00, 
    0x10, 0x20, 0x00, 0x00, 0x00, 0x24, 0x04, 0x4c, 0x04, 0x24, 0x08, 0x28, 0x7d, 0x7d, 0x28, 0x04, 
    0x04, 0x04, 0x00, 0x00, 0x0d, 0x30, 0x00, 0x00, 0x00, 0x00, 0x00, 0x00, 0x04, 0x20, 0x00, 0x00, 
    0x00, 0x00, 0x00, 0x28, 0x0e, 0x30, 0x00, 0x00, 0x00, 0x00, 0x00, 0x00, 0x04, 0x20, 0x00, 0x00, 
    0x00, 0x04, 0x00, 0x00, 0x0e, 0x30, 0x00, 0x00, 0x00, 0x00, 0x00, 0x00, 0x04, 0x20, 0x00, 0x00, 
    0x00, 0x00, 0x00, 0x04, 0x19, 0x30, 0x00, 0x00, 0x00, 0x00, 0x00, 0x00, 0x04, 0x20, 0x00, 0x00, 
    0x00, 0x04, 0x00, 0x00, 0x03, 0x30, 0x00, 0x00, 0x00, 0x00, 0x00, 0x00, 0x18, 0x20, 0x00, 0x00, 
    0x00, 0x00, 0x04, 0x04, 0x04, 0x04, 0x28, 0x28, 0x9d, 0xbd, 0x28, 0x28, 0x04, 0x04, 0x04, 0x04, 
    0x00, 0x00, 0x00, 0x00, 0x00, 0x00, 0x04, 0x28, 0x05, 0x30, 0x00, 0x00, 0x00, 0x00, 0x00, 0x00, 
    0x08, 0x20, 0x00, 0x00, 0x04, 0x04, 0x2c, 0x2c, 0x04, 0x04, 0x2c, 0x04, 0x0e, 0x30, 0x00, 0x00, 
    0x00, 0x00, 0x00, 0x00, 0x08, 0x20, 0x00, 0x00, 0x00, 0x00, 0x00, 0x04, 0x00, 0x24, 0x00, 0x00, 
    0x1d, 0x30, 0x00, 0x00, 0x00, 0x00, 0x00, 0x00, 0x1f, 0x30, 0x00, 0x00, 0x00, 0x00, 0x00, 0x00, 
    0x04, 0x20, 0x00, 0x00, 0x00, 0x04, 0x00, 0x00, 0x05, 0x30, 0x00, 0x00, 0x00, 0x00, 0x00, 0x00, 
    0x10, 0x20, 0x00, 0x00, 0x00, 0x00, 0x04, 0x2c, 0x00, 0x00, 0x00, 0x00, 0x00, 0x00, 0x28, 0x04, 
    0x28, 0x04, 0x28, 0x04, 0x03, 0x30, 0x00, 0x00, 0x00, 0x00, 0x00, 0x00, 0x04, 0x20, 0x00, 0x00, 
    0x00, 0x00, 0x04, 0x4c, 0x06, 0x30, 0x00, 0x00, 0x00, 0x00, 0x00, 0x00, 0x04, 0x20, 0x00, 0x00, 
    0x00, 0x00, 0x04, 0x04, 0x05, 0x30, 0x00, 0x00, 0x00, 0x00, 0x00, 0x00, 0x04, 0x20, 0x00, 0x00, 
    0x00, 0x04, 0x00, 0x00, 0x07, 0x30, 0x00, 0x00, 0x00, 0x00, 0x00, 0x00, 0x10, 0x20, 0x00, 0x00, 
    0x04, 0x24, 0x08, 0x4c, 0x04, 0x04, 0x08, 0x28, 0x7d, 0x7d, 0x28, 0x04, 0x04, 0x04, 0x00, 0x00, 
    0x0d, 0x30, 0x00, 0x00, 0x00, 0x00, 0x00, 0x00, 0x04, 0x20, 0x00, 0x00, 0x00, 0x00, 0x28, 0x00, 
    0x0e, 0x30, 0x00, 0x00, 0x00, 0x00, 0x00, 0x00, 0x04, 0x20, 0x00, 0x00, 0x00, 0x04, 0x00, 0x00, 
    0x0e, 0x30, 0x00, 0x00, 0x00, 0x00, 0x00, 0x00, 0x04, 0x20, 0x00, 0x00, 0x00, 0x00, 0x00, 0x04, 
    0x19, 0x30, 0x00, 0x00, 0x00, 0x00, 0x00, 0x00, 0x04, 0x20, 0x00, 0x00, 0x00, 0x00, 0x04, 0x00, 
    0x03, 0x30, 0x00, 0x00, 0x00, 0x00, 0x00, 0x00, 0x18, 0x20, 0x00, 0x00, 0x00, 0x00, 0x04, 0x04, 
    0x04, 0x28, 0x28, 0x28, 0xbd, 0x0c, 0x28, 0x28, 0x04, 0x04, 0x04, 0x00, 0x00, 0x00, 0x00, 0x00, 
    0x00, 0x00, 0x00, 0x28, 0x05, 0x30, 0x00, 0x00, 0x00, 0x00, 0x00, 0x00, 0x08, 0x20, 0x00, 0x00, 
    0x04, 0x04, 0x2c, 0x2c, 0x04, 0x04, 0x2c, 0x04, 0x0e, 0x30, 0x00, 0x00, 0x00, 0x00, 0x00, 0x00, 
    0x08, 0x20, 0x00, 0x00, 0x00, 0x00, 0x00, 0x04, 0x00, 0x00, 0x24, 0x00, 0x1d, 0x30, 0x00, 0x00, 
    0x00, 0x00, 0x00, 0x00, 0x1f, 0x30, 0x00, 0x00, 0x00, 0x00, 0x00, 0x00, 0x04, 0x20, 0x00, 0x00, 
    0x00, 0x04, 0x00, 0x00, 0x05, 0x30, 0x00, 0x00, 0x00, 0x00, 0x00, 0x00, 0x10, 0x20, 0x00, 0x00, 
    0x00, 0x00, 0x04, 0x2c, 0x00, 0x00, 0x00, 0x00, 0x00, 0x00, 0x28, 0x04, 0x08, 0x04, 0x28, 0x04, 
    0x03, 0x30, 0x00, 0x00, 0x00, 0x00, 0x00, 0x00, 0x04, 0x20, 0x00, 0x00, 0x00, 0x00, 0x04, 0x4c, 
    0x06, 0x30, 0x00, 0x00, 0x00, 0x00, 0x00, 0x00, 0x04, 0x20, 0x00, 0x00, 0x00, 0x00, 0x08, 0x04, 
    0x05, 0x30, 0x00, 0x00, 0x00, 0x00, 0x00, 0x00, 0x04, 0x20, 0x00, 0x00, 0x04, 0x04, 0x04, 0x00, 
    0x07, 0x30, 0x00, 0x00, 0x00, 0x00, 0x00, 0x00, 0x10, 0x20, 0x00, 0x00, 0x04, 0x04, 0x4c, 0x04, 
    0x04, 0x04, 0x08, 0x28, 0x7d, 0x7d, 0x08, 0x04, 0x04, 0x04, 0x00, 0x00, 0x0d, 0x30, 0x00, 0x00, 
    0x00, 0x00, 0x00, 0x00, 0x04, 0x20, 0x00, 0x00, 0x00, 0x28, 0x00, 0x00, 0x02, 0x30, 0x00, 0x00, 
    0x00, 0x00, 0x00, 0x00, 0x04, 0x20, 0x00, 0x00, 0x00, 0x00, 0x04, 0x00, 0x0b, 0x30, 0x00, 0x00, 
    0x00, 0x00, 0x00, 0x00, 0x04, 0x20, 0x00, 0x00, 0x00, 0x04, 0x00, 0x00, 0x0e, 0x30, 0x00, 0x00, 
    0x00, 0x00, 0x00, 0x00, 0x04, 0x20, 0x00, 0x00, 0x00, 0x00, 0x00, 0x04, 0x19, 0x30, 0x00, 0x00, 
    0x00, 0x00, 0x00, 0x00, 0x08, 0x20, 0x00, 0x00, 0x00, 0x00, 0x00, 0x04, 0x04, 0x00, 0x00, 0x00, 
    0x02, 0x30, 0x00, 0x00, 0x00, 0x00, 0x00, 0x00, 0x10, 0x20, 0x00, 0x00, 0x00, 0x04, 0x04, 0x04, 
    0x04, 0x28, 0x0c, 0x9d, 0x9d, 0x08, 0x28, 0x04, 0x04, 0x04, 0x04, 0x00, 0x02, 0x30, 0x00, 0x00, 
    0x00, 0x00, 0x00, 0x00, 0x04, 0x20, 0x00, 0x00, 0x28, 0x00, 0x00, 0x00, 0x03, 0x30, 0x00, 0x00, 
    0x00, 0x00, 0x00, 0x00, 0x0c, 0x20, 0x00, 0x00, 0x00, 0x00, 0x00, 0x04, 0x04, 0x28, 0x2c, 0x2c, 
    0x04, 0x04, 0x2c, 0x04, 0x0e, 0x30, 0x00, 0x00, 0x00, 0x00, 0x00, 0x00, 0x08, 0x20, 0x00, 0x00, 
    0x00, 0x00, 0x00, 0x04, 0x00, 0x00, 0x24, 0x00, 0x1d, 0x30, 0x00, 0x00, 0x00, 0x00, 0x00, 0x00, 
    0x1f, 0x30, 0x00, 0x00, 0x00, 0x00, 0x00, 0x00, 0x04, 0x20, 0x00, 0x00, 0x00, 0x04, 0x00, 0x00, 
    0x05, 0x30, 0x00, 0x00, 0x00, 0x00, 0x00, 0x00, 0x10, 0x20, 0x00, 0x00, 0x00, 0x00, 0x04, 0x2c, 
    0x00, 0x00, 0x00, 0x00, 0x00, 0x00, 0x28, 0x04, 0x08, 0x2c, 0x04, 0x04, 0x03, 0x30, 0x00, 0x00, 
    0x00, 0x00, 0x00, 0x00, 0x04, 0x20, 0x00, 0x00, 0x00, 0x00, 0x04, 0x4c, 0x06, 0x30, 0x00, 0x00, 
    0x00, 0x00, 0x00, 0x00, 0x04, 0x20, 0x00, 0x00, 0x00, 0x00, 0x08, 0x00, 0x05, 0x30, 0x00, 0x00, 
    0x00, 0x00, 0x00, 0x00, 0x04, 0x20, 0x00, 0x00, 0x00, 0x04, 0x00, 0x00, 0x07, 0x30, 0x00, 0x00, 
    0x00, 0x00, 0x00, 0x00, 0x10, 0x20, 0x00, 0x00, 0x04, 0x04, 0x4c, 0x04, 0x04, 0x04, 0x08, 0x28, 
    0x7d, 0x7d, 0x08, 0x04, 0x04, 0x04, 0x00, 0x00, 0x0d, 0x30, 0x00, 0x00, 0x00, 0x00, 0x00, 0x00, 
    0x04, 0x20, 0x00, 0x00, 0x28, 0x00, 0x00, 0x00, 0x02, 0x30, 0x00, 0x00, 0x00, 0x00, 0x00, 0x00, 
    0x04, 0x20, 0x00, 0x00, 0x00, 0x04, 0x04, 0x00, 0x0b, 0x30, 0x00, 0x00, 0x00, 0x00, 0x00, 0x00, 
    0x04, 0x20, 0x00, 0x00, 0x00, 0x00, 0x04, 0x00, 0x0e, 0x30, 0x00, 0x00, 0x00, 0x00, 0x00, 0x00, 
    0x04, 0x20, 0x00, 0x00, 0x00, 0x00, 0x00, 0x04, 0x1a, 0x30, 0x00, 0x00, 0x00, 0x00, 0x00, 0x00, 
    0x04, 0x20, 0x00, 0x00, 0x00, 0x04, 0x00, 0x00, 0x02, 0x30, 0x00, 0x00, 0x00, 0x00, 0x00, 0x00, 
    0x10, 0x20, 0x00, 0x00, 0x00, 0x04, 0x04, 0x04, 0x04, 0x28, 0x9d, 0x9d, 0x9d, 0x08, 0x04, 0x04, 
    0x04, 0x04, 0x00, 0x00, 0x02, 0x30, 0x00, 0x00, 0x00, 0x00, 0x00, 0x00, 0x04, 0x20, 0x00, 0x00, 
    0x28, 0x00, 0x00, 0x00, 0x03, 0x30, 0x00, 0x00, 0x00, 0x00, 0x00, 0x00, 0x0c, 0x20, 0x00, 0x00, 
    0x00, 0x00, 0x00, 0x04, 0x28, 0x28, 0x2c, 0x2c, 0x04, 0x28, 0x04, 0x04, 0x0e, 0x30, 0x00, 0x00, 
    0x00, 0x00, 0x00, 0x00, 0x08, 0x20, 0x00, 0x00, 0x00, 0x00, 0x00, 0x04, 0x00, 0x00, 0x24, 0x00, 
    0x1d, 0x30, 0x00, 0x00, 0x00, 0x00, 0x00, 0x00, 0x1f, 0x30, 0x00, 0x00, 0x00, 0x00, 0x00, 0x00, 
    0x04, 0x20, 0x00, 0x00, 0x00, 0x04, 0x00, 0x00, 0x05, 0x30, 0x00, 0x00, 0x00, 0x00, 0x00, 0x00, 
    0x10, 0x20, 0x00, 0x00, 0x00, 0x00, 0x04, 0x2c, 0x00, 0x00, 0x00, 0x00, 0x00, 0x00, 0x28, 0x04, 
    0x08, 0x28, 0x00, 0x00, 0x03, 0x30, 0x00, 0x00, 0x00, 0x00, 0x00, 0x00, 0x04, 0x20, 0x00, 0x00, 
    0x00, 0x00, 0x04, 0x4c, 0x06, 0x30, 0x00, 0x00, 0x00, 0x00, 0x00, 0x00, 0x04, 0x20, 0x00, 0x00, 
    0x00, 0x00, 0x08, 0x00, 0x0d, 0x30, 0x00, 0x00, 0x00, 0x00, 0x00, 0x00, 0x10, 0x20, 0x00, 0x00, 
    0x04, 0x2c, 0x04, 0x04, 0x04, 0x04, 0x08, 0x08, 0x78, 0x7d, 0x08, 0x04, 0x04, 0x04, 0x00, 0x00, 
    0x0d, 0x30, 0x00, 0x00, 0x00, 0x00, 0x00, 0x00, 0x04, 0x20, 0x00, 0x00, 0x28, 0x00, 0x00, 0x00, 
    0x0e, 0x30, 0x00, 0x00, 0x00, 0x00, 0x00, 0x00, 0x04, 0x20, 0x00, 0x00, 0x00, 0x00, 0x04, 0x00, 
    0x0e, 0x30, 0x00, 0x00, 0x00, 0x00, 0x00, 0x00, 0x04, 0x20, 0x00, 0x00, 0x00, 0x00, 0x04, 0x00, 
    0x1a, 0x30, 0x00, 0x00, 0x00, 0x00, 0x00, 0x00, 0x04, 0x20, 0x00, 0x00, 0x00, 0x00, 0x04, 0x00, 
    0x02, 0x30, 0x00, 0x00, 0x00, 0x00, 0x00, 0x00, 0x10, 0x20, 0x00, 0x00, 0x04, 0x04, 0x04, 0x24, 
    0x08, 0x08, 0x9d, 0x9d, 0x28, 0x28, 0x24, 0x04, 0x04, 0x04, 0x00, 0x00, 0x02, 0x30, 0x00, 0x00, 
    0x00, 0x00, 0x00, 0x00, 0x04, 0x20, 0x00, 0x00, 0x00, 0x28, 0x00, 0x00, 0x04, 0x30, 0x00, 0x00, 
    0x00, 0x00, 0x00, 0x00, 0x08, 0x20, 0x00, 0x00, 0x04, 0x28, 0x2c, 0x2c, 0x04, 0x2c, 0x04, 0x00, 
    0x0e, 0x30, 0x00, 0x00, 0x00, 0x00, 0x00, 0x00, 0x08, 0x20, 0x00, 0x00, 0x00, 0x00, 0x00, 0x04, 
    0x00, 0x00, 0x00, 0x24, 0x1d, 0x30, 0x00, 0x00, 0x00, 0x00, 0x00, 0x00, 0x1f, 0x30, 0x00, 0x00, 
    0x00, 0x00, 0x00, 0x00, 0x04, 0x20, 0x00, 0x00, 0x00, 0x04, 0x00, 0x00, 0x05, 0x30, 0x00, 0x00, 
    0x00, 0x00, 0x00, 0x00, 0x10, 0x20, 0x00, 0x00, 0x00, 0x00, 0x04, 0x2c, 0x00, 0x00, 0x00, 0x00, 
    0x00, 0x00, 0x28, 0x04, 0x08, 0x28, 0x00, 0x00, 0x03, 0x30, 0x00, 0x00, 0x00, 0x00, 0x00, 0x00, 
    0x04, 0x20, 0x00, 0x00, 0x00, 0x00, 0x04, 0x4c, 0x06, 0x30, 0x00, 0x00, 0x00, 0x00, 0x00, 0x00, 
    0x04, 0x20, 0x00, 0x00, 0x00, 0x00, 0x04, 0x04, 0x0d, 0x30, 0x00, 0x00, 0x00, 0x00, 0x00, 0x00, 
    0x10, 0x20, 0x00, 0x00, 0x04, 0x4c, 0x04, 0x04, 0x04, 0x04, 0x04, 0x08, 0x78, 0x7d, 0x08, 0x04, 
    0x04, 0x04, 0x00, 0x00, 0x0c, 0x30, 0x00, 0x00, 0x00, 0x00, 0x00, 0x00, 0x04, 0x20, 0x00, 0x00, 
    0x00, 0x00, 0x00, 0x28, 0x0f, 0x30, 0x00, 0x00, 0x00, 0x00, 0x00, 0x00, 0x04, 0x20, 0x00, 0x00, 
    0x00, 0x00, 0x00, 0x04, 0x0e, 0x30, 0x00, 0x00, 0x00, 0x00, 0x00, 0x00, 0x04, 0x20, 0x00, 0x00, 
    0x00, 0x00, 0x04, 0x00, 0x1a, 0x30, 0x00, 0x00, 0x00, 0x00, 0x00, 0x00, 0x04, 0x20, 0x00, 0x00, 
    0x00, 0x00, 0x00, 0x04, 0x02, 0x30, 0x00, 0x00, 0x00, 0x00, 0x00, 0x00, 0x10, 0x20, 0x00, 0x00, 
    0x04, 0x04, 0x04, 0x24, 0x08, 0x9d, 0x9d, 0x9d, 0x28, 0x08, 0x04, 0x04, 0x04, 0x00, 0x00, 0x00, 
    0x02, 0x30, 0x00, 0x00, 0x00, 0x00, 0x00, 0x00, 0x04, 0x20, 0x00, 0x00, 0x00, 0x00, 0x28, 0x00, 
    0x04, 0x30, 0x00, 0x00, 0x00, 0x00, 0x00, 0x00, 0x08, 0x20, 0x00, 0x00, 0x04, 0x04, 0x2c, 0x04, 
    0x04, 0x2c, 0x00, 0x00, 0x06, 0x30, 0x00, 0x00, 0x00, 0x00, 0x00, 0x00, 0x04, 0x20, 0x00, 0x00, 
    0x00, 0x00, 0x04, 0x00, 0x07, 0x30, 0x00, 0x00, 0x00, 0x00, 0x00, 0x00, 0x08, 0x20, 0x00, 0x00, 
    0x00, 0x00, 0x00, 0x04, 0x00, 0x00, 0x00, 0x24, 0x1d, 0x30, 0x00, 0x00, 0x00, 0x00, 0x00, 0x00, 
    0x1f, 0x30, 0x00, 0x00, 0x00, 0x00, 0x00, 0x00, 0x04, 0x20, 0x00, 0x00, 0x00, 0x04, 0x00, 0x00, 
    0x05, 0x30, 0x00, 0x00, 0x00, 0x00, 0x00, 0x00, 0x10, 0x20, 0x00, 0x00, 0x00, 0x00, 0x04, 0x28, 
    0x00, 0x00, 0x00, 0x00, 0x00, 0x00, 0x28, 0x04, 0x08, 0x28, 0x00, 0x00, 0x03, 0x30, 0x00, 0x00, 
    0x00, 0x00, 0x00, 0x00, 0x04, 0x20, 0x00, 0x00, 0x00, 0x00, 0x4c, 0x04, 0x06, 0x30, 0x00, 0x00, 
    0x00, 0x00, 0x00, 0x00, 0x04, 0x20, 0x00, 0x00, 0x00, 0x00, 0x04, 0x08, 0x0d, 0x30, 0x00, 0x00, 
    0x00, 0x00, 0x00, 0x00, 0x10, 0x20, 0x00, 0x00, 0x2c, 0x04, 0x04, 0x04, 0x04, 0x04, 0x04, 0x08, 
    0x78, 0x78, 0x08, 0x04, 0x04, 0x04, 0x00, 0x00, 0x0c, 0x30, 0x00, 0x00, 0x00, 0x00, 0x00, 0x00, 
    0x04, 0x20, 0x00, 0x00, 0x00, 0x00, 0x28, 0x00, 0x0f, 0x30, 0x00, 0x00, 0x00, 0x00, 0x00, 0x00, 
    0x04, 0x20, 0x00, 0x00, 0x00, 0x00, 0x00, 0x04, 0x0e, 0x30, 0x00, 0x00, 0x00, 0x00, 0x00, 0x00, 
    0x04, 0x20, 0x00, 0x00, 0x00, 0x00, 0x04, 0x00, 0x1b, 0x30, 0x00, 0x00, 0x00, 0x00, 0x00, 0x00, 
    0x14, 0x20, 0x00, 0x00, 0x04, 0x00, 0x00, 0x00, 0x00, 0x00, 0x00, 0x00, 0x04, 0x04, 0x04, 0x24, 
    0x08, 0xbd, 0x9d, 0x08, 0x24, 0x24, 0x04, 0x04, 0x03, 0x30, 0x00, 0x00, 0x00, 0x00, 0x00, 0x00, 
    0x04, 0x20, 0x00, 0x00, 0x00, 0x00, 0x2c, 0x04, 0x04, 0x30, 0x00, 0x00, 0x00, 0x00, 0x00, 0x00, 
    0x08, 0x20, 0x00, 0x00, 0x04, 0x2c, 0x2c, 0x04, 0x2c, 0x04, 0x00, 0x00, 0x06, 0x30, 0x00, 0x00, 
    0x00, 0x00, 0x00, 0x00, 0x04, 0x20, 0x00, 0x00, 0x00, 0x24, 0x04, 0x04, 0x07, 0x30, 0x00, 0x00, 
    0x00, 0x00, 0x00, 0x00, 0x08, 0x20, 0x00, 0x00, 0x00, 0x00, 0x00, 0x04, 0x00, 0x00, 0x00, 0x24, 
    0x1d, 0x30, 0x00, 0x00, 0x00, 0x00, 0x00, 0x00, 0x1f, 0x30, 0x00, 0x00, 0x00, 0x00, 0x00, 0x00, 
    0x04, 0x20, 0x00, 0x00, 0x00, 0x04, 0x00, 0x00, 0x05, 0x30, 0x00, 0x00, 0x00, 0x00, 0x00, 0x00, 
    0x10, 0x20, 0x00, 0x00, 0x00, 0x00, 0x04, 0x28, 0x00, 0x00, 0x00, 0x00, 0x00, 0x00, 0x28, 0x04, 
    0x08, 0x28, 0x00, 0x00, 0x03, 0x30, 0x00, 0x00, 0x00, 0x00, 0x00, 0x00, 0x04, 0x20, 0x00, 0x00, 
    0x00, 0x00, 0x4c, 0x04, 0x06, 0x30, 0x00, 0x00, 0x00, 0x00, 0x00, 0x00, 0x04, 0x20, 0x00, 0x00, 
    0x00, 0x00, 0x04, 0x28, 0x0d, 0x30, 0x00, 0x00, 0x00, 0x00, 0x00, 0x00, 0x10, 0x20, 0x00, 0x00, 
    0x2c, 0x04, 0x04, 0x04, 0x04, 0x04, 0x04, 0x04, 0x78, 0x78, 0x08, 0x04, 0x04, 0x04, 0x00, 0x00, 
    0x0c, 0x30, 0x00, 0x00, 0x00, 0x00, 0x00, 0x00, 0x04, 0x20, 0x00, 0x00, 0x00, 0x00, 0x28, 0x00, 
    0x10, 0x30, 0x00, 0x00, 0x00, 0x00, 0x00, 0x00, 0x04, 0x20, 0x00, 0x00, 0x04, 0x00, 0x00, 0x00, 
    0x0d, 0x30, 0x00, 0x00, 0x00, 0x00, 0x00, 0x00, 0x04, 0x20, 0x00, 0x00, 0x00, 0x00, 0x04, 0x00, 
    0x1b, 0x30, 0x00, 0x00, 0x00, 0x00, 0x00, 0x00, 0x14, 0x20, 0x00, 0x00, 0x00, 0x04, 0x00, 0x00, 
    0x00, 0x00, 0x00, 0x04, 0x04, 0x04, 0x04, 0x04, 0x08, 0x9d, 0x08, 0x08, 0x04, 0x04, 0x04, 0x04, 
    0x03, 0x30, 0x00, 0x00, 0x00, 0x00, 0x00, 0x00, 0x04, 0x20, 0x00, 0x00, 0x00, 0x00, 0x04, 0x2c, 
    0x04, 0x30, 0x00, 0x00, 0x00, 0x00, 0x00, 0x00, 0x08, 0x20, 0x00, 0x00, 0x04, 0x2c, 0x2c, 0x04, 
    0x2c, 0x04, 0x00, 0x00, 0x06, 0x30, 0x00, 0x00, 0x00, 0x00, 0x00, 0x00, 0x04, 0x20, 0x00, 0x00, 
    0x00, 0x00, 0x04, 0x00, 0x07, 0x30, 0x00, 0x00, 0x00, 0x00, 0x00, 0x00, 0x08, 0x20, 0x00, 0x00, 
    0x00, 0x00, 0x00, 0x04, 0x00, 0x00, 0x00, 0x24, 0x1d, 0x30, 0x00, 0x00, 0x00, 0x00, 0x00, 0x00, 
    0x1f, 0x30, 0x00, 0x00, 0x00, 0x00, 0x00, 0x00, 0x04, 0x20, 0x00, 0x00, 0x00, 0x04, 0x00, 0x00, 
    0x05, 0x30, 0x00, 0x00, 0x00, 0x00, 0x00, 0x00, 0x10, 0x20, 0x00, 0x00, 0x00, 0x00, 0x28, 0x04, 
    0x00, 0x00, 0x00, 0x00, 0x00, 0x00, 0x28, 0x04, 0x04, 0x04, 0x00, 0x00, 0x03, 0x30, 0x00, 0x00, 
    0x00, 0x00, 0x00, 0x00, 0x04, 0x20, 0x00, 0x00, 0x00, 0x00, 0x4c, 0x04, 0x06, 0x30, 0x00, 0x00, 
    0x00, 0x00, 0x00, 0x00, 0x04, 0x20, 0x00, 0x00, 0x00, 0x00, 0x04, 0x08, 0x0c, 0x30, 0x00, 0x00, 
    0x00, 0x00, 0x00, 0x00, 0x14, 0x20, 0x00, 0x00, 0x00, 0x00, 0x04, 0x2c, 0x00, 0x00, 0x04, 0x04, 
    0x04, 0x04, 0x04, 0x04, 0x08, 0x99, 0x99, 0x08, 0x04, 0x04, 0x04, 0x00, 0x0c, 0x30, 0x00, 0x00, 
    0x00, 0x00, 0x00, 0x00, 0x04, 0x20, 0x00, 0x00, 0x00, 0x28, 0x00, 0x00, 0x10, 0x30, 0x00, 0x00, 
    0x00, 0x00, 0x00, 0x00, 0x04, 0x20, 0x00, 0x00, 0x04, 0x00, 0x00, 0x00, 0x0d, 0x30, 0x00, 0x00, 
    0x00, 0x00, 0x00, 0x00, 0x04, 0x20, 0x00, 0x00, 0x00, 0x00, 0x04, 0x00, 0x1b, 0x30, 0x00, 0x00, 
    0x00, 0x00, 0x00, 0x00, 0x14, 0x20, 0x00, 0x00, 0x00, 0x00, 0x04, 0x00, 0x00, 0x00, 0x04, 0x04, 
    0x04, 0x04, 0x04, 0x28, 0xbd, 0x9d, 0x04, 0x04, 0x24, 0x04, 0x04, 0x00, 0x03, 0x30, 0x00, 0x00, 
    0x00, 0x00, 0x00, 0x00, 0x04, 0x20, 0x00, 0x00, 0x00, 0x00, 0x00, 0x28, 0x04, 0x30, 0x00, 0x00, 
    0x00, 0x00, 0x00, 0x00, 0x08, 0x20, 0x00, 0x00, 0x04, 0x2c, 0x04, 0x04, 0x28, 0x04, 0x00, 0x00, 
    0x06, 0x30, 0x00, 0x00, 0x00, 0x00, 0x00, 0x00, 0x04, 0x20, 0x00, 0x00, 0x04, 0x00, 0x00, 0x00, 
    0x07, 0x30, 0x00, 0x00, 0x00, 0x00, 0x00, 0x00, 0x08, 0x20, 0x00, 0x00, 0x00, 0x00, 0x04, 0x00, 
    0x00, 0x00, 0x00, 0x04, 0x1d, 0x30, 0x00, 0x00, 0x00, 0x00, 0x00, 0x00, 0x1f, 0x30, 0x00, 0x00, 
    0x00, 0x00, 0x00, 0x00, 0x04, 0x20, 0x00, 0x00, 0x00, 0x04, 0x00, 0x00, 0x05, 0x30, 0x00, 0x00, 
    0x00, 0x00, 0x00, 0x00, 0x10, 0x20, 0x00, 0x00, 0x00, 0x00, 0x28, 0x04, 0x00, 0x00, 0x00, 0x00, 
    0x00, 0x00, 0x28, 0x04, 0x04, 0x04, 0x00, 0x00, 0x03, 0x30, 0x00, 0x00, 0x00, 0x00, 0x00, 0x00, 
    0x04, 0x20, 0x00, 0x00, 0x00, 0x00, 0x4c, 0x04, 0x06, 0x30, 0x00, 0x00, 0x00, 0x00, 0x00, 0x00, 
    0x04, 0x20, 0x00, 0x00, 0x00, 0x00, 0x04, 0x28, 0x0c, 0x30, 0x00, 0x00, 0x00, 0x00, 0x00, 0x00, 
    0x14, 0x20, 0x00, 0x00, 0x00, 0x00, 0x04, 0x2c, 0x00, 0x00, 0x00, 0x04, 0x04, 0x04, 0x04, 0x04, 
    0x08, 0x99, 0x99, 0x08, 0x04, 0x04, 0x04, 0x00, 0x0c, 0x30, 0x00, 0x00, 0x00, 0x00, 0x00, 0x00, 
    0x04, 0x20, 0x00, 0x00, 0x00, 0x28, 0x00, 0x00, 0x10, 0x30, 0x00, 0x00, 0x00, 0x00, 0x00, 0x00, 
    0x04, 0x20, 0x00, 0x00, 0x00, 0x04, 0x00, 0x00, 0x0d, 0x30, 0x00, 0x00, 0x00, 0x00, 0x00, 0x00, 
    0x04, 0x20, 0x00, 0x00, 0x00, 0x00, 0x04, 0x00, 0x1b, 0x30, 0x00, 0x00, 0x00, 0x00, 0x00, 0x00, 
    0x14, 0x20, 0x00, 0x00, 0x00, 0x00, 0x00, 0x04, 0x00, 0x00, 0x04, 0x04, 0x04, 0x04, 0x08, 0x08, 
    0x9d, 0x08, 0x04, 0x04, 0x04, 0x04, 0x04, 0x00, 0x04, 0x30, 0x00, 0x00, 0x00, 0x00, 0x00, 0x00, 
    0x04, 0x20, 0x00, 0x00, 0x28, 0x00, 0x00, 0x00, 0x03, 0x30, 0x00, 0x00, 0x00, 0x00, 0x00, 0x00, 
    0x08, 0x20, 0x00, 0x00, 0x04, 0x2c, 0x04, 0x04, 0x28, 0x04, 0x00, 0x00, 0x05, 0x30, 0x00, 0x00, 
    0x00, 0x00, 0x00, 0x00, 0x08, 0x20, 0x00, 0x00, 0x00, 0x00, 0x00, 0x24, 0x04, 0x24, 0x00, 0x00, 
    0x07, 0x30, 0x00, 0x00, 0x00, 0x00, 0x00, 0x00, 0x08, 0x20, 0x00, 0x00, 0x00, 0x00, 0x04, 0x00, 
    0x00, 0x00, 0x00, 0x04, 0x1d, 0x30, 0x00, 0x00, 0x00, 0x00, 0x00, 0x00, 0x1f, 0x30, 0x00, 0x00, 
    0x00, 0x00, 0x00, 0x00, 0x04, 0x20, 0x00, 0x00, 0x00, 0x04, 0x00, 0x00, 0x05, 0x30, 0x00, 0x00, 
    0x00, 0x00, 0x00, 0x00, 0x10, 0x20, 0x00, 0x00, 0x00, 0x00, 0x28, 0x04, 0x00, 0x00, 0x00, 0x00, 
    0x00, 0x00, 0x08, 0x04, 0x04, 0x00, 0x00, 0x00, 0x03, 0x30, 0x00, 0x00, 0x00, 0x00, 0x00, 0x00, 
    0x04, 0x20, 0x00, 0x00, 0x04, 0x4c, 0x00, 0x00, 0x06, 0x30, 0x00, 0x00, 0x00, 0x00, 0x00, 0x00, 
    0x04, 0x20, 0x00, 0x00, 0x00, 0x00, 0x04, 0x08, 0x0c, 0x30, 0x00, 0x00, 0x00, 0x00, 0x00, 0x00, 
    0x14, 0x20, 0x00, 0x00, 0x00, 0x00, 0x4c, 0x04, 0x00, 0x00, 0x00, 0x00, 0x04, 0x04, 0x04, 0x04, 
    0x08, 0x99, 0x99, 0x08, 0x04, 0x04, 0x04, 0x00, 0x0c, 0x30, 0x00, 0x00, 0x00, 0x00, 0x00, 0x00, 
    0x04, 0x20, 0x00, 0x00, 0x28, 0x00, 0x00, 0x00, 0x10, 0x30, 0x00, 0x00, 0x00, 0x00, 0x00, 0x00, 
    0x04, 0x20, 0x00, 0x00, 0x00, 0x00, 0x04, 0x00, 0x0d, 0x30, 0x00, 0x00, 0x00, 0x00, 0x00, 0x00, 
    0x04, 0x20, 0x00, 0x00, 0x00, 0x00, 0x04, 0x00, 0x1c, 0x30, 0x00, 0x00, 0x00, 0x00, 0x00, 0x00, 
    0x10, 0x20, 0x00, 0x00, 0x04, 0x04, 0x04, 0x04, 0x24, 0x24, 0x08, 0x9d, 0x9d, 0x08, 0x04, 0x04, 
    0x04, 0x04, 0x00, 0x00, 0x04, 0x30, 0x00, 0x00, 0x00, 0x00, 0x00, 0x00, 0x04, 0x20, 0x00, 0x00, 
    0x28, 0x04, 0x00, 0x00, 0x03, 0x30, 0x00, 0x00, 0x00, 0x00, 0x00, 0x00, 0x08, 0x20, 0x00, 0x00, 
    0x04, 0x2c, 0x04, 0x2c, 0x04, 0x00, 0x00, 0x00, 0x06, 0x30, 0x00, 0x00, 0x00, 0x00, 0x00, 0x00, 
    0x04, 0x20, 0x00, 0x00, 0x24, 0x00, 0x00, 0x00, 0x07, 0x30, 0x00, 0x00, 0x00, 0x00, 0x00, 0x00, 
    0x08, 0x20, 0x00, 0x00, 0x00, 0x00, 0x04, 0x00, 0x00, 0x00, 0x00, 0x04, 0x1d, 0x30, 0x00, 0x00, 
    0x00, 0x00, 0x00, 0x00, 0x1f, 0x30, 0x00, 0x00, 0x00, 0x00, 0x00, 0x00, 0x04, 0x20, 0x00, 0x00, 
    0x00, 0x04, 0x00, 0x00, 0x05, 0x30, 0x00, 0x00, 0x00, 0x00, 0x00, 0x00, 0x10, 0x20, 0x00, 0x00, 
    0x00, 0x00, 0x28, 0x04, 0x00, 0x00, 0x00, 0x00, 0x00, 0x00, 0x08, 0x04, 0x04, 0x04, 0x00, 0x00, 
    0x03, 0x30, 0x00, 0x00, 0x00, 0x00, 0x00, 0x00, 0x04, 0x20, 0x00, 0x00, 0x04, 0x4c, 0x00, 0x00, 
    0x06, 0x30, 0x00, 0x00, 0x00, 0x00, 0x00, 0x00, 0x04, 0x20, 0x00, 0x00, 0x00, 0x00, 0x04, 0x28, 
    0x0c, 0x30, 0x00, 0x00, 0x00, 0x00, 0x00, 0x00, 0x14, 0x20, 0x00, 0x00, 0x00, 0x00, 0x4c, 0x04, 
    0x00, 0x00, 0x00, 0x00, 0x04, 0x04, 0x04, 0x04, 0x08, 0x99, 0x99, 0x08, 0x04, 0x04, 0x04, 0x04, 
    0x0b, 0x30, 0x00, 0x00, 0x00, 0x00, 0x00, 0x00, 0x04, 0x20, 0x00, 0x00, 0x00, 0x00, 0x00, 0x28, 
    0x11, 0x30, 0x00, 0x00, 0x00, 0x00, 0x00, 0x00, 0x04, 0x20, 0x00, 0x00, 0x00, 0x00, 0x04, 0x00, 
    0x0d, 0x30, 0x00, 0x00, 0x00, 0x00, 0x00, 0x00, 0x04, 0x20, 0x00, 0x00, 0x00, 0x00, 0x04, 0x00, 
    0x1c, 0x30, 0x00, 0x00, 0x00, 0x00, 0x00, 0x00, 0x10, 0x20, 0x00, 0x00, 0x00, 0x24, 0x04, 0x04, 
    0x04, 0x24, 0x08, 0x9d, 0x9d, 0x08, 0x04, 0x04, 0x04, 0x04, 0x00, 0x00, 0x04, 0x30, 0x00, 0x00, 
    0x00, 0x00, 0x00, 0x00, 0x04, 0x20, 0x00, 0x00, 0x00, 0x28, 0x00, 0x00, 0x03, 0x30, 0x00, 0x00, 
    0x00, 0x00, 0x00, 0x00, 0x04, 0x20, 0x00, 0x00, 0x04, 0x2c, 0x04, 0x28, 0x0f, 0x30, 0x00, 0x00, 
    0x00, 0x00, 0x00, 0x00, 0x0c, 0x20, 0x00, 0x00, 0x00, 0x00, 0x04, 0x00, 0x00, 0x00, 0x00, 0x00, 
    0x04, 0x00, 0x00, 0x00, 0x1c, 0x30, 0x00, 0x00, 0x00, 0x00, 0x00, 0x00, 0x1f, 0x30, 0x00, 0x00, 
    0x00, 0x00, 0x00, 0x00, 0x04, 0x20, 0x00, 0x00, 0x00, 0x04, 0x00, 0x00, 0x05, 0x30, 0x00, 0x00, 
    0x00, 0x00, 0x00, 0x00, 0x10, 0x20, 0x00, 0x00, 0x00, 0x00, 0x28, 0x04, 0x00, 0x00, 0x00, 0x00, 
    0x00, 0x00, 0x08, 0x08, 0x28, 0x04, 0x00, 0x00, 0x03, 0x30, 0x00, 0x00, 0x00, 0x00, 0x00, 0x00, 
    0x04, 0x20, 0x00, 0x00, 0x04, 0x4c, 0x00, 0x00, 0x06, 0x30, 0x00, 0x00, 0x00, 0x00, 0x00, 0x00, 
    0x04, 0x20, 0x00, 0x00, 0x00, 0x00, 0x04, 0x08, 0x0c, 0x30, 0x00, 0x00, 0x00, 0x00, 0x00, 0x00, 
    0x14, 0x20, 0x00, 0x00, 0x00, 0x4c, 0x00, 0x00, 0x00, 0x00, 0x00, 0x00, 0x00, 0x04, 0x04, 0x04, 
    0x08, 0x75, 0x78, 0x08, 0x04, 0x04, 0x04, 0x04, 0x0b, 0x30, 0x00, 0x00, 0x00, 0x00, 0x00, 0x00, 
    0x04, 0x20, 0x00, 0x00, 0x00, 0x00, 0x00, 0x28, 0x11, 0x30, 0x00, 0x00, 0x00, 0x00, 0x00, 0x00, 
    0x04, 0x20, 0x00, 0x00, 0x00, 0x00, 0x04, 0x00, 0x0d, 0x30, 0x00, 0x00, 0x00, 0x00, 0x00, 0x00, 
    0x04, 0x20, 0x00, 0x00, 0x00, 0x00, 0x04, 0x00, 0x1c, 0x30, 0x00, 0x00, 0x00, 0x00, 0x00, 0x00, 
    0x10, 0x20, 0x00, 0x00, 0x00, 0x04, 0x28, 0x04, 0x04, 0x04, 0x9d, 0x9d, 0x28, 0x04, 0x04, 0x04, 
    0x04, 0x00, 0x00, 0x00, 0x04, 0x30, 0x00, 0x00, 0x00, 0x00, 0x00, 0x00, 0x04, 0x20, 0x00, 0x00, 
    0x00, 0x00, 0x28, 0x00, 0x03, 0x30, 0x00, 0x00, 0x00, 0x00, 0x00, 0x00, 0x04, 0x20, 0x00, 0x00, 
    0x2c, 0x04, 0x04, 0x28, 0x0f, 0x30, 0x00, 0x00, 0x00, 0x00, 0x00, 0x00, 0x0c, 0x20, 0x00, 0x00, 
    0x00, 0x00, 0x04, 0x00, 0x00, 0x00, 0x00, 0x00, 0x04, 0x00, 0x00, 0x00, 0x1c, 0x30, 0x00, 0x00, 
    0x00, 0x00, 0x00, 0x00, 0x1f, 0x30, 0x00, 0x00, 0x00, 0x00, 0x00, 0x00, 0x04, 0x20, 0x00, 0x00, 
    0x00, 0x04, 0x00, 0x00, 0x05, 0x30, 0x00, 0x00, 0x00, 0x00, 0x00, 0x00, 0x10, 0x20, 0x00, 0x00, 
    0x00, 0x00, 0x28, 0x04, 0x00, 0x00, 0x00, 0x00, 0x00, 0x00, 0x08, 0x08, 0x28, 0x04, 0x00, 0x00, 
    0x03, 0x30, 0x00, 0x00, 0x00, 0x00, 0x00, 0x00, 0x04, 0x20, 0x00, 0x00, 0x04, 0x4c, 0x00, 0x00, 
    0x06, 0x30, 0x00, 0x00, 0x00, 0x00, 0x00, 0x00, 0x04, 0x20, 0x00, 0x00, 0x00, 0x00, 0x04, 0x08, 
    0x0c, 0x30, 0x00, 0x00, 0x00, 0x00, 0x00, 0x00, 0x14, 0x20, 0x00, 0x00, 0x00, 0x4c, 0x00, 0x00, 
    0x00, 0x00, 0x00, 0x00, 0x00, 0x04, 0x04, 0x24, 0x08, 0x08, 0x78, 0x78, 0x04, 0x04, 0x04, 0x04, 
    0x0b, 0x30, 0x00, 0x00, 0x00, 0x00, 0x00, 0x00, 0x04, 0x20, 0x00, 0x00, 0x00, 0x00, 0x28, 0x00, 
    0x11, 0x30, 0x00, 0x00, 0x00, 0x00, 0x00, 0x00, 0x04, 0x20, 0x00, 0x00, 0x00, 0x00, 0x00, 0x04, 
    0x0d, 0x30, 0x00, 0x00, 0x00, 0x00, 0x00, 0x00, 0x04, 0x20, 0x00, 0x00, 0x00, 0x04, 0x00, 0x00, 
    0x1c, 0x30, 0x00, 0x00, 0x00, 0x00, 0x00, 0x00, 0x0c, 0x20, 0x00, 0x00, 0x04, 0x04, 0x04, 0x28, 
    0x28, 0x28, 0x7d, 0x9d, 0x04, 0x04, 0x04, 0x04, 0x05, 0x30, 0x00, 0x00, 0x00, 0x00, 0x00, 0x00, 
    0x04, 0x20, 0x00, 0x00, 0x00, 0x00, 0x28, 0x00, 0x03, 0x30, 0x00, 0x00, 0x00, 0x00, 0x00, 0x00, 
    0x04, 0x20, 0x00, 0x00, 0x2c, 0x04, 0x04, 0x28, 0x0f, 0x30, 0x00, 0x00, 0x00, 0x00, 0x00, 0x00, 
    0x0c, 0x20, 0x00, 0x00, 0x00, 0x00, 0x04, 0x00, 0x00, 0x00, 0x00, 0x00, 0x04, 0x00, 0x00, 0x00, 
    0x1c, 0x30, 0x00, 0x00, 0x00, 0x00, 0x00, 0x00, 0x1f, 0x30, 0x00, 0x00, 0x00, 0x00, 0x00, 0x00, 
    0x04, 0x20, 0x00, 0x00, 0x00, 0x04, 0x00, 0x00, 0x05, 0x30, 0x00, 0x00, 0x00, 0x00, 0x00, 0x00, 
    0x10, 0x20, 0x00, 0x00, 0x00, 0x00, 0x28, 0x04, 0x00, 0x00, 0x00, 0x00, 0x00, 0x00, 0x08, 0x08, 
    0x28, 0x04, 0x00, 0x00, 0x03, 0x30, 0x00, 0x00, 0x00, 0x00, 0x00, 0x00, 0x04, 0x20, 0x00, 0x00, 
    0x04, 0x4c, 0x00, 0x00, 0x06, 0x30, 0x00, 0x00, 0x00, 0x00, 0x00, 0x00, 0x04, 0x20, 0x00, 0x00, 
    0x00, 0x00, 0x04, 0x28, 0x0e, 0x30, 0x00, 0x00, 0x00, 0x00, 0x00, 0x00, 0x0c, 0x20, 0x00, 0x00, 
    0x00, 0x00, 0x04, 0x04, 0x04, 0x04, 0x78, 0x78, 0x04, 0x04, 0x04, 0x04, 0x0b, 0x30, 0x00, 0x00, 
    0x00, 0x00, 0x00, 0x00, 0x04, 0x20, 0x00, 0x00, 0x00, 0x28, 0x00, 0x00, 0x11, 0x30, 0x00, 0x00, 
    0x00, 0x00, 0x00, 0x00, 0x04, 0x20, 0x00, 0x00, 0x00, 0x00, 0x00, 0x04, 0x0d, 0x30, 0x00, 0x00, 
    0x00, 0x00, 0x00, 0x00, 0x04, 0x20, 0x00, 0x00, 0x00, 0x04, 0x00, 0x00, 0x1c, 0x30, 0x00, 0x00, 
    0x00, 0x00, 0x00, 0x00, 0x0c, 0x20, 0x00, 0x00, 0x04, 0x04, 0x04, 0x24, 0x08, 0x2c, 0x9d, 0x08, 
    0x04, 0x04, 0x04, 0x04, 0x05, 0x30, 0x00, 0x00, 0x00, 0x00, 0x00, 0x00, 0x04, 0x20, 0x00, 0x00, 
    0x00, 0x00, 0x00, 0x2c, 0x02, 0x30, 0x00, 0x00, 0x00, 0x00, 0x00, 0x00, 0x08, 0x20, 0x00, 0x00, 
    0x00, 0x00, 0x04, 0x04, 0x28, 0x04, 0x04, 0x2c, 0x0f, 0x30, 0x00, 0x00, 0x00, 0x00, 0x00, 0x00, 
    0x0c, 0x20, 0x00, 0x00, 0x00, 0x00, 0x04, 0x00, 0x00, 0x00, 0x00, 0x00, 0x04, 0x00, 0x00, 0x00, 
    0x1c, 0x30, 0x00, 0x00, 0x00, 0x00, 0x00, 0x00, 0x1f, 0x30, 0x00, 0x00, 0x00, 0x00, 0x00, 0x00, 
    0x04, 0x20, 0x00, 0x00, 0x00, 0x04, 0x00, 0x00, 0x05, 0x30, 0x00, 0x00, 0x00, 0x00, 0x00, 0x00, 
    0x10, 0x20, 0x00, 0x00, 0x00, 0x00, 0x28, 0x04, 0x00, 0x00, 0x00, 0x00, 0x00, 0x00, 0x08, 0x08, 
    0x28, 0x04, 0x00, 0x00, 0x03, 0x30, 0x00, 0x00, 0x00, 0x00, 0x00, 0x00, 0x04, 0x20, 0x00, 0x00, 
    0x04, 0x4c, 0x00, 0x00, 0x06, 0x30, 0x00, 0x00, 0x00, 0x00, 0x00, 0x00, 0x08, 0x20, 0x00, 0x00, 
    0x00, 0x00, 0x04, 0x04, 0x28, 0x00, 0x00, 0x00, 0x0b, 0x30, 0x00, 0x00, 0x00, 0x00, 0x00, 0x00, 
    0x14, 0x20, 0x00, 0x00, 0x4c, 0x00, 0x00, 0x00, 0x00, 0x00, 0x00, 0x00, 0x00, 0x00, 0x04, 0x04, 
    0x04, 0x04, 0x78, 0x78, 0x04, 0x04, 0x04, 0x04, 0x0b, 0x30, 0x00, 0x00, 0x00, 0x00, 0x00, 0x00, 
    0x04, 0x20, 0x00, 0x00, 0x28, 0x00, 0x00, 0x00, 0x1f, 0x30, 0x00, 0x00, 0x00, 0x00, 0x00, 0x00, 
    0x04, 0x20, 0x00, 0x00, 0x00, 0x04, 0x00, 0x00, 0x1c, 0x30, 0x00, 0x00, 0x00, 0x00, 0x00, 0x00, 
    0x0c, 0x20, 0x00, 0x00, 0x04, 0x04, 0x04, 0x28, 0x08, 0x9d, 0x9d, 0x08, 0x04, 0x04, 0x04, 0x04, 
    0x05, 0x30, 0x00, 0x00, 0x00, 0x00, 0x00, 0x00, 0x04, 0x20, 0x00, 0x00, 0x00, 0x00, 0x04, 0x2c, 
    0x02, 0x30, 0x00, 0x00, 0x00, 0x00, 0x00, 0x00, 0x08, 0x20, 0x00, 0x00, 0x00, 0x00, 0x00, 0x28, 
    0x04, 0x04, 0x2c, 0x04, 0x0f, 0x30, 0x00, 0x00, 0x00, 0x00, 0x00, 0x00, 0x0c, 0x20, 0x00, 0x00, 
    0x00, 0x00, 0x04, 0x00, 0x00, 0x00, 0x00, 0x00, 0x04, 0x00, 0x00, 0x00, 0x1c, 0x30, 0x00, 0x00, 
    0x00, 0x00, 0x00, 0x00, 0x1f, 0x30, 0x00, 0x00, 0x00, 0x00, 0x00, 0x00, 0x04, 0x20, 0x00, 0x00, 
    0x04, 0x00, 0x00, 0x00, 0x05, 0x30, 0x00, 0x00, 0x00, 0x00, 0x00, 0x00, 0x0c, 0x20, 0x00, 0x00, 
    0x00, 0x00, 0x28, 0x00, 0x00, 0x00, 0x00, 0x00, 0x00, 0x00, 0x08, 0x08, 0x04, 0x30, 0x00, 0x00, 
    0x00, 0x00, 0x00, 0x00, 0x04, 0x20, 0x00, 0x00, 0x00, 0x2c, 0x00, 0x00, 0x06, 0x30, 0x00, 0x00, 
    0x00, 0x00, 0x00, 0x00, 0x08, 0x20, 0x00, 0x00, 0x00, 0x00, 0x04, 0x00, 0x28, 0x00, 0x00, 0x00, 
    0x0a, 0x30, 0x00, 0x00, 0x00, 0x00, 0x00, 0x00, 0x04, 0x20, 0x00, 0x00, 0x00, 0x00, 0x04, 0x2c, 
    0x02, 0x30, 0x00, 0x00, 0x00, 0x00, 0x00, 0x00, 0x0c, 0x20, 0x00, 0x00, 0x00, 0x00, 0x04, 0x04, 
    0x04, 0x04, 0x78, 0x78, 0x04, 0x04, 0x04, 0x04, 0x0b, 0x30, 0x00, 0x00, 0x00, 0x00, 0x00, 0x00, 
    0x04, 0x20, 0x00, 0x00, 0x28, 0x00, 0x00, 0x00, 0x12, 0x30, 0x00, 0x00, 0x00, 0x00, 0x00, 0x00, 
    0x04, 0x20, 0x00, 0x00, 0x04, 0x00, 0x00, 0x00, 0x0c, 0x30, 0x00, 0x00, 0x00, 0x00, 0x00, 0x00, 
    0x04, 0x20, 0x00, 0x00, 0x00, 0x04, 0x00, 0x00, 0x1b, 0x30, 0x00, 0x00, 0x00, 0x00, 0x00, 0x00, 
    0x10, 0x20, 0x00, 0x00, 0x00, 0x00, 0x00, 0x04, 0x04, 0x04, 0x08, 0x08, 0x9d, 0x9d, 0x08, 0x2c, 
    0x04, 0x04, 0x04, 0x00, 0x06, 0x30, 0x00, 0x00, 0x00, 0x00, 0x00, 0x00, 0x10, 0x20, 0x00, 0x00, 
    0x2c, 0x04, 0x00, 0x00, 0x00, 0x00, 0x00, 0x00, 0x00, 0x00, 0x04, 0x2c, 0x00, 0x00, 0x28, 0x04, 
    0x0f, 0x30, 0x00, 0x00, 0x00, 0x00, 0x00, 0x00, 0x0c, 0x20, 0x00, 0x00, 0x00, 0x00, 0x04, 0x00, 
    0x00, 0x00, 0x00, 0x00, 0x04, 0x00, 0x00, 0x00, 0x1c, 0x30, 0x00, 0x00, 0x00, 0x00, 0x00, 0x00, 
    0x1f, 0x30, 0x00, 0x00, 0x00, 0x00, 0x00, 0x00, 0x04, 0x20, 0x00, 0x00, 0x04, 0x00, 0x00, 0x00, 
    0x05, 0x30, 0x00, 0x00, 0x00, 0x00, 0x00, 0x00, 0x0c, 0x20, 0x00, 0x00, 0x00, 0x00, 0x28, 0x00, 
    0x00, 0x00, 0x00, 0x00, 0x00, 0x00, 0x08, 0x08, 0x04, 0x30, 0x00, 0x00, 0x00, 0x00, 0x00, 0x00, 
    0x04, 0x20, 0x00, 0x00, 0x00, 0x4c, 0x00, 0x00, 0x06, 0x30, 0x00, 0x00, 0x00, 0x00, 0x00, 0x00, 
    0x08, 0x20, 0x00, 0x00, 0x00, 0x04, 0x00, 0x00, 0x28, 0x00, 0x00, 0x00, 0x0a, 0x30, 0x00, 0x00, 
    0x00, 0x00, 0x00, 0x00, 0x04, 0x20, 0x00, 0x00, 0x00, 0x00, 0x04, 0x2c, 0x02, 0x30, 0x00, 0x00, 
    0x00, 0x00, 0x00, 0x00, 0x0c, 0x20, 0x00, 0x00, 0x00, 0x00, 0x04, 0x04, 0x04, 0x04, 0x78, 0x78, 
    0x04, 0x04, 0x04, 0x04, 0x0a, 0x30, 0x00, 0x00, 0x00, 0x00, 0x00, 0x00, 0x04, 0x20, 0x00, 0x00, 
    0x00, 0x00, 0x00, 0x28, 0x13, 0x30, 0x00, 0x00, 0x00, 0x00, 0x00, 0x00, 0x04, 0x20, 0x00, 0x00, 
    0x04, 0x00, 0x00, 0x00, 0x0c, 0x30, 0x00, 0x00, 0x00, 0x00, 0x00, 0x00, 0x04, 0x20, 0x00, 0x00, 
    0x00, 0x04, 0x00, 0x00, 0x1b, 0x30, 0x00, 0x00, 0x00, 0x00, 0x00, 0x00, 0x10, 0x20, 0x00, 0x00, 
    0x00, 0x00, 0x04, 0x04, 0x04, 0x04, 0x08, 0x9d, 0x7d, 0x7d, 0x08, 0x08, 0x28, 0x04, 0x04, 0x00, 
    0x06, 0x30, 0x00, 0x00, 0x00, 0x00, 0x00, 0x00, 0x10, 0x20, 0x00, 0x00, 0x2c, 0x04, 0x00, 0x00, 
    0x00, 0x00, 0x00, 0x00, 0x00, 0x00, 0x04, 0x28, 0x00, 0x00, 0x28, 0x04, 0x0f, 0x30, 0x00, 0x00, 
    0x00, 0x00, 0x00, 0x00, 0x0c, 0x20, 0x00, 0x00, 0x00, 0x00, 0x04, 0x00, 0x00, 0x00, 0x00, 0x00, 
    0x00, 0x04, 0x00, 0x00, 0x1c, 0x30, 0x00, 0x00, 0x00, 0x00, 0x00, 0x00, 0x1f, 0x30, 0x00, 0x00, 
    0x00, 0x00, 0x00, 0x00, 0x04, 0x20, 0x00, 0x00, 0x04, 0x00, 0x00, 0x00, 0x05, 0x30, 0x00, 0x00, 
    0x00, 0x00, 0x00, 0x00, 0x0c, 0x20, 0x00, 0x00, 0x00, 0x00, 0x28, 0x00, 0x00, 0x00, 0x00, 0x00, 
    0x00, 0x00, 0x08, 0x04, 0x04, 0x30, 0x00, 0x00, 0x00, 0x00, 0x00, 0x00, 0x04, 0x20, 0x00, 0x00, 
    0x2c, 0x04, 0x00, 0x00, 0x06, 0x30, 0x00, 0x00, 0x00, 0x00, 0x00, 0x00, 0x08, 0x20, 0x00, 0x00, 
    0x00, 0x04, 0x00, 0x00, 0x28, 0x00, 0x00, 0x00, 0x0a, 0x30, 0x00, 0x00, 0x00, 0x00, 0x00, 0x00, 
    0x04, 0x20, 0x00, 0x00, 0x00, 0x00, 0x2c, 0x04, 0x02, 0x30, 0x00, 0x00, 0x00, 0x00, 0x00, 0x00, 
    0x0c, 0x20, 0x00, 0x00, 0x00, 0x00, 0x04, 0x04, 0x04, 0x04, 0x78, 0x78, 0x04, 0x04, 0x04, 0x04, 
    0x0a, 0x30, 0x00, 0x00, 0x00, 0x00, 0x00, 0x00, 0x04, 0x20, 0x00, 0x00, 0x00, 0x00, 0x28, 0x00, 
    0x13, 0x30, 0x00, 0x00, 0x00, 0x00, 0x00, 0x00, 0x04, 0x20, 0x00, 0x00, 0x00, 0x04, 0x00, 0x00, 
    0x0c, 0x30, 0x00, 0x00, 0x00, 0x00, 0x00, 0x00, 0x04, 0x20, 0x00, 0x00, 0x04, 0x00, 0x00, 0x00, 
    0x1b, 0x30, 0x00, 0x00, 0x00, 0x00, 0x00, 0x00, 0x10, 0x20, 0x00, 0x00, 0x00, 0x00, 0x04, 0x04, 
    0x04, 0x24, 0x08, 0x9d, 0x9d, 0x08, 0x24, 0x04, 0x04, 0x28, 0x04, 0x00, 0x06, 0x30, 0x00, 0x00, 
    0x00, 0x00, 0x00, 0x00, 0x10, 0x20, 0x00, 0x00, 0x00, 0x2c, 0x00, 0x00, 0x00, 0x00, 0x00, 0x00, 
    0x00, 0x00, 0x04, 0x2c, 0x00, 0x28, 0x00, 0x00, 0x0f, 0x30, 0x00, 0x00, 0x00, 0x00, 0x00, 0x00, 
    0x0c, 0x20, 0x00, 0x00, 0x00, 0x04, 0x00, 0x00, 0x00, 0x00, 0x00, 0x00, 0x00, 0x04, 0x00, 0x00, 
    0x1c, 0x30, 0x00, 0x00, 0x00, 0x00, 0x00, 0x00, 0x1f, 0x30, 0x00, 0x00, 0x00, 0x00, 0x00, 0x00, 
    0x04, 0x20, 0x00, 0x00, 0x04, 0x00, 0x00, 0x00, 0x05, 0x30, 0x00, 0x00, 0x00, 0x00, 0x00, 0x00, 
    0x0c, 0x20, 0x00, 0x00, 0x00, 0x00, 0x28, 0x00, 0x00, 0x00, 0x00, 0x00, 0x00, 0x00, 0x08, 0x04, 
    0x04, 0x30, 0x00, 0x00, 0x00, 0x00, 0x00, 0x00, 0x04, 0x20, 0x00, 0x00, 0x2c, 0x04, 0x00, 0x00, 
    0x07, 0x30, 0x00, 0x00, 0x00, 0x00, 0x00, 0x00, 0x04, 0x20, 0x00, 0x00, 0x28, 0x00, 0x00, 0x00, 
    0x0a, 0x30, 0x00, 0x00, 0x00, 0x00, 0x00, 0x00, 0x04, 0x20, 0x00, 0x00, 0x00, 0x00, 0x2c, 0x00, 
    0x02, 0x30, 0x00, 0x00, 0x00, 0x00, 0x00, 0x00, 0x0c, 0x20, 0x00, 0x00, 0x00, 0x00, 0x04, 0x04, 
    0x04, 0x04, 0x78, 0x78, 0x04, 0x04, 0x04, 0x04, 0x0a, 0x30, 0x00, 0x00, 0x00, 0x00, 0x00, 0x00, 
    0x04, 0x20, 0x00, 0x00, 0x00, 0x00, 0x28, 0x00, 0x13, 0x30, 0x00, 0x00, 0x00, 0x00, 0x00, 0x00, 
    0x04, 0x20, 0x00, 0x00, 0x00, 0x04, 0x00, 0x00, 0x0c, 0x30, 0x00, 0x00, 0x00, 0x00, 0x00, 0x00, 
    0x04, 0x20, 0x00, 0x00, 0x04, 0x00, 0x00, 0x00, 0x1b, 0x30, 0x00, 0x00, 0x00, 0x00, 0x00, 0x00, 
    0x10, 0x20, 0x00, 0x00, 0x00, 0x00, 0x04, 0x04, 0x04, 0x24, 0x9d, 0x9d, 0x9d, 0x08, 0x04, 0x04, 
    0x04, 0x04, 0x24, 0x00, 0x06, 0x30, 0x00, 0x00, 0x00, 0x00, 0x00, 0x00, 0x10, 0x20, 0x00, 0x00, 
    0x00, 0x28, 0x00, 0x00, 0x00, 0x00, 0x00, 0x00, 0x00, 0x00, 0x28, 0x04, 0x04, 0x28, 0x00, 0x00, 
    0x0f, 0x30, 0x00, 0x00, 0x00, 0x00, 0x00, 0x00, 0x0c, 0x20, 0x00, 0x00, 0x00, 0x04, 0x00, 0x00, 
    0x00, 0x00, 0x00, 0x00, 0x00, 0x04, 0x00, 0x00, 0x1c, 0x30, 0x00, 0x00, 0x00, 0x00, 0x00, 0x00, 
    0x1f, 0x30, 0x00, 0x00, 0x00, 0x00, 0x00, 0x00, 0x04, 0x20, 0x00, 0x00, 0x04, 0x00, 0x00, 0x00, 
    0x05, 0x30, 0x00, 0x00, 0x00, 0x00, 0x00, 0x00, 0x0c, 0x20, 0x00, 0x00, 0x00, 0x00, 0x28, 0x00, 
    0x00, 0x00, 0x00, 0x00, 0x00, 0x00, 0x04, 0x04, 0x04, 0x30, 0x00, 0x00, 0x00, 0x00, 0x00, 0x00, 
    0x04, 0x20, 0x00, 0x00, 0x2c, 0x00, 0x00, 0x00, 0x06, 0x30, 0x00, 0x00, 0x00, 0x00, 0x00, 0x00, 
    0x08, 0x20, 0x00, 0x00, 0x00, 0x04, 0x00, 0x00, 0x28, 0x00, 0x00, 0x00, 0x0a, 0x30, 0x00, 0x00, 
    0x00, 0x00, 0x00, 0x00, 0x04, 0x20, 0x00, 0x00, 0x04, 0x2c, 0x00, 0x00, 0x02, 0x30, 0x00, 0x00, 
    0x00, 0x00, 0x00, 0x00, 0x0c, 0x20, 0x00, 0x00, 0x00, 0x00, 0x04, 0x04, 0x04, 0x04, 0x78, 0x78, 
    0x04, 0x04, 0x04, 0x04, 0x0a, 0x30, 0x00, 0x00, 0x00, 0x00, 0x00, 0x00, 0x04, 0x20, 0x00, 0x00, 
    0x00, 0x28, 0x00, 0x00, 0x13, 0x30, 0x00, 0x00, 0x00, 0x00, 0x00, 0x00, 0x04, 0x20, 0x00, 0x00, 
    0x00, 0x00, 0x04, 0x00, 0x0c, 0x30, 0x00, 0x00, 0x00, 0x00, 0x00, 0x00, 0x04, 0x20, 0x00, 0x00, 
    0x04, 0x00, 0x00, 0x00, 0x1b, 0x30, 0x00, 0x00, 0x00, 0x00, 0x00, 0x00, 0x10, 0x20, 0x00, 0x00, 
    0x00, 0x04, 0x04, 0x04, 0x04, 0x04, 0x7d, 0x9d, 0x04, 0x08, 0x04, 0x04, 0x04, 0x04, 0x00, 0x24, 
    0x06, 0x30, 0x00, 0x00, 0x00, 0x00, 0x00, 0x00, 0x10, 0x20, 0x00, 0x00, 0x00, 0x00, 0x28, 0x00, 
    0x00, 0x00, 0x00, 0x00, 0x00, 0x00, 0x2c, 0x04, 0x04, 0x28, 0x00, 0x00, 0x11, 0x30, 0x00, 0x00, 
    0x00, 0x00, 0x00, 0x00, 0x04, 0x20, 0x00, 0x00, 0x00, 0x04, 0x00, 0x00, 0x1c, 0x30, 0x00, 0x00, 
    0x00, 0x00, 0x00, 0x00, 0x1f, 0x30, 0x00, 0x00, 0x00, 0x00, 0x00, 0x00, 0x04, 0x20, 0x00, 0x00, 
    0x04, 0x00, 0x00, 0x00, 0x05, 0x30, 0x00, 0x00, 0x00, 0x00, 0x00, 0x00, 0x0c, 0x20, 0x00, 0x00, 
    0x00, 0x00, 0x28, 0x00, 0x00, 0x00, 0x00, 0x00, 0x00, 0x00, 0x04, 0x04, 0x04, 0x30, 0x00, 0x00, 
    0x00, 0x00, 0x00, 0x00, 0x04, 0x20, 0x00, 0x00, 0x2c, 0x00, 0x00, 0x00, 0x06, 0x30, 0x00, 0x00, 
    0x00, 0x00, 0x00, 0x00, 0x08, 0x20, 0x00, 0x00, 0x00, 0x04, 0x00, 0x00, 0x28, 0x00, 0x00, 0x00, 
    0x0a, 0x30, 0x00, 0x00, 0x00, 0x00, 0x00, 0x00, 0x04, 0x20, 0x00, 0x00, 0x04, 0x4c, 0x00, 0x00, 
    0x02, 0x30, 0x00, 0x00, 0x00, 0x00, 0x00, 0x00, 0x0c, 0x20, 0x00, 0x00, 0x00, 0x00, 0x04, 0x04, 
    0x04, 0x04, 0x78, 0x78, 0x04, 0x04, 0x04, 0x04, 0x0a, 0x30, 0x00, 0x00, 0x00, 0x00, 0x00, 0x00, 
    0x04, 0x20, 0x00, 0x00, 0x00, 0x24, 0x00, 0x00, 0x07, 0x30, 0x00, 0x00, 0x00, 0x00, 0x00, 0x00, 
    0x04, 0x20, 0x00, 0x00, 0x00, 0x00, 0x00, 0x04, 0x18, 0x30, 0x00, 0x00, 0x00, 0x00, 0x00, 0x00, 
    0x04, 0x20, 0x00, 0x00, 0x04, 0x00, 0x00, 0x00, 0x1b, 0x30, 0x00, 0x00, 0x00, 0x00, 0x00, 0x00, 
    0x14, 0x20, 0x00, 0x00, 0x00, 0x04, 0x04, 0x04, 0x04, 0x08, 0x9d, 0x08, 0x08, 0x04, 0x04, 0x04, 
    0x04, 0x04, 0x00, 0x00, 0x04, 0x00, 0x00, 0x00, 0x05, 0x30, 0x00, 0x00, 0x00, 0x00, 0x00, 0x00, 
    0x10, 0x20, 0x00, 0x00, 0x00, 0x00, 0x28, 0x04, 0x00, 0x00, 0x00, 0x00, 0x00, 0x00, 0x2c, 0x04, 
    0x28, 0x04, 0x00, 0x00, 0x11, 0x30, 0x00, 0x00, 0x00, 0x00, 0x00, 0x00, 0x04, 0x20, 0x00, 0x00, 
    0x00, 0x04, 0x00, 0x00, 0x1c, 0x30, 0x00, 0x00, 0x00, 0x00, 0x00, 0x00, 0x1f, 0x30, 0x00, 0x00, 
    0x00, 0x00, 0x00, 0x00, 0x04, 0x20, 0x00, 0x00, 0x04, 0x00, 0x00, 0x00, 0x05, 0x30, 0x00, 0x00, 
    0x00, 0x00, 0x00, 0x00, 0x0c, 0x20, 0x00, 0x00, 0x00, 0x00, 0x28, 0x00, 0x00, 0x00, 0x00, 0x00, 
    0x00, 0x00, 0x04, 0x04, 0x03, 0x30, 0x00, 0x00, 0x00, 0x00, 0x00, 0x00, 0x04, 0x20, 0x00, 0x00, 
    0x00, 0x00, 0x00, 0x2c, 0x07, 0x30, 0x00, 0x00, 0x00, 0x00, 0x00, 0x00, 0x08, 0x20, 0x00, 0x00, 
    0x00, 0x04, 0x00, 0x00, 0x00, 0x28, 0x00, 0x00, 0x0a, 0x30, 0x00, 0x00, 0x00, 0x00, 0x00, 0x00, 
    0x04, 0x20, 0x00, 0x00, 0x04, 0x2c, 0x00, 0x00, 0x02, 0x30, 0x00, 0x00, 0x00, 0x00, 0x00, 0x00, 
    0x0c, 0x20, 0x00, 0x00, 0x00, 0x00, 0x04, 0x04, 0x04, 0x04, 0x78, 0x78, 0x04, 0x04, 0x04, 0x04, 
    0x0a, 0x30, 0x00, 0x00, 0x00, 0x00, 0x00, 0x00, 0x04, 0x20, 0x00, 0x00, 0x24, 0x00, 0x00, 0x00, 
    0x13, 0x30, 0x00, 0x00, 0x00, 0x00, 0x00, 0x00, 0x04, 0x20, 0x00, 0x00, 0x00, 0x00, 0x00, 0x04, 
    0x0c, 0x30, 0x00, 0x00, 0x00, 0x00, 0x00, 0x00, 0x04, 0x20, 0x00, 0x00, 0x04, 0x00, 0x00, 0x00, 
    0x1b, 0x30, 0x00, 0x00, 0x00, 0x00, 0x00, 0x00, 0x14, 0x20, 0x00, 0x00, 0x04, 0x04, 0x04, 0x04, 
    0x08, 0x9d, 0x9d, 0x08, 0x04, 0x04, 0x04, 0x04, 0x00, 0x00, 0x00, 0x00, 0x00, 0x04, 0x00, 0x00, 
    0x05, 0x30, 0x00, 0x00, 0x00, 0x00, 0x00, 0x00, 0x10, 0x20, 0x00, 0x00, 0x00, 0x00, 0x00, 0x4c, 
    0x00, 0x04, 0x00, 0x00, 0x04, 0x04, 0x2c, 0x04, 0x28, 0x00, 0x00, 0x00, 0x11, 0x30, 0x00, 0x00, 
    0x00, 0x00, 0x00, 0x00, 0x04, 0x20, 0x00, 0x00, 0x00, 0x04, 0x00, 0x00, 0x1c, 0x30, 0x00, 0x00, 
    0x00, 0x00, 0x00, 0x00, 0x1f, 0x30, 0x00, 0x00, 0x00, 0x00, 0x00, 0x00, 0x04, 0x20, 0x00, 0x00, 
    0x04, 0x00, 0x00, 0x00, 0x05, 0x30, 0x00, 0x00, 0x00, 0x00, 0x00, 0x00, 0x0c, 0x20, 0x00, 0x00, 
    0x00, 0x00, 0x28, 0x00, 0x00, 0x00, 0x00, 0x00, 0x00, 0x00, 0x00, 0x04, 0x03, 0x30, 0x00, 0x00, 
    0x00, 0x00, 0x00, 0x00, 0x04, 0x20, 0x00, 0x00, 0x00, 0x00, 0x00, 0x2c, 0x07, 0x30, 0x00, 0x00, 
    0x00, 0x00, 0x00, 0x00, 0x08, 0x20, 0x00, 0x00, 0x00, 0x04, 0x00, 0x00, 0x00, 0x28, 0x00, 0x00, 
    0x0a, 0x30, 0x00, 0x00, 0x00, 0x00, 0x00, 0x00, 0x04, 0x20, 0x00, 0x00, 0x2c, 0x04, 0x00, 0x00, 
    0x02, 0x30, 0x00, 0x00, 0x00, 0x00, 0x00, 0x00, 0x0c, 0x20, 0x00, 0x00, 0x00, 0x00, 0x04, 0x04, 
    0x04, 0x04, 0x78, 0x78, 0x04, 0x04, 0x04, 0x04, 0x09, 0x30, 0x00, 0x00, 0x00, 0x00, 0x00, 0x00, 
    0x04, 0x20, 0x00, 0x00, 0x00, 0x00, 0x00, 0x28, 0x15, 0x30, 0x00, 0x00, 0x00, 0x00, 0x00, 0x00, 
    0x04, 0x20, 0x00, 0x00, 0x04, 0x00, 0x00, 0x00, 0x0b, 0x30, 0x00, 0x00, 0x00, 0x00, 0x00, 0x00, 
    0x04, 0x20, 0x00, 0x00, 0x04, 0x00, 0x00, 0x00, 0x1b, 0x30, 0x00, 0x00, 0x00, 0x00, 0x00, 0x00, 
    0x14, 0x20, 0x00, 0x00, 0x04, 0x04, 0x04, 0x04, 0x08, 0x9d, 0x08, 0x08, 0x04, 0x04, 0x04, 0x04, 
    0x00, 0x00, 0x00, 0x00, 0x00, 0x00, 0x04, 0x00, 0x06, 0x30, 0x00, 0x00, 0x00, 0x00, 0x00, 0x00, 
    0x0c, 0x20, 0x00, 0x00, 0x2c, 0x04, 0x00, 0x00, 0x00, 0x04, 0x2c, 0x28, 0x04, 0x04, 0x00, 0x00, 
    0x11, 0x30, 0x00, 0x00, 0x00, 0x00, 0x00, 0x00, 0x04, 0x20, 0x00, 0x00, 0x00, 0x04, 0x00, 0x00, 
    0x1c, 0x30, 0x00, 0x00, 0x00, 0x00, 0x00, 0x00, 0x25, 0x30, 0x00, 0x00, 0x00, 0x00, 0x00, 0x00, 
    0x0c, 0x20, 0x00, 0x00, 0x00, 0x00, 0x28, 0x00, 0x00, 0x00, 0x00, 0x00, 0x00, 0x00, 0x00, 0x04, 
    0x03, 0x30, 0x00, 0x00, 0x00, 0x00, 0x00, 0x00, 0x04, 0x20, 0x00, 0x00, 0x00, 0x00, 0x04, 0x2c, 
    0x07, 0x30, 0x00, 0x00, 0x00, 0x00, 0x00, 0x00, 0x08, 0x20, 0x00, 0x00, 0x00, 0x04, 0x00, 0x00, 
    0x04, 0x28, 0x00, 0x00, 0x09, 0x30, 0x00, 0x00, 0x00, 0x00, 0x00, 0x00, 0x08, 0x20, 0x00, 0x00, 
    0x00, 0x00, 0x04, 0x04, 0x4c, 0x04, 0x00, 0x00, 0x02, 0x30, 0x00, 0x00, 0x00, 0x00, 0x00, 0x00, 
    0x10, 0x20, 0x00, 0x00, 0x00, 0x00, 0x00, 0x04, 0x04, 0x04, 0x08, 0x75, 0x75, 0x08, 0x04, 0x04, 
    0x04, 0x00, 0x00, 0x00, 0x08, 0x30, 0x00, 0x00, 0x00, 0x00, 0x00, 0x00, 0x04, 0x20, 0x00, 0x00, 
    0x00, 0x00, 0x00, 0x24, 0x07, 0x30, 0x00, 0x00, 0x00, 0x00, 0x00, 0x00, 0x04, 0x20, 0x00, 0x00, 
    0x00, 0x00, 0x00, 0x04, 0x0d, 0x30, 0x00, 0x00, 0x00, 0x00, 0x00, 0x00, 0x04, 0x20, 0x00, 0x00, 
    0x04, 0x00, 0x00, 0x00, 0x0a, 0x30, 0x00, 0x00, 0x00, 0x00, 0x00, 0x00, 0x04, 0x20, 0x00, 0x00, 
    0x00, 0x00, 0x00, 0x04, 0x1c, 0x30, 0x00, 0x00, 0x00, 0x00, 0x00, 0x00, 0x14, 0x20, 0x00, 0x00, 
    0x04, 0x04, 0x04, 0x04, 0x7d, 0x7d, 0x04, 0x04, 0x04, 0x04, 0x04, 0x00, 0x00, 0x00, 0x00, 0x00, 
    0x00, 0x00, 0x00, 0x04, 0x06, 0x30, 0x00, 0x00, 0x00, 0x00, 0x00, 0x00, 0x0c, 0x20, 0x00, 0x00, 
    0x2c, 0x04, 0x04, 0x04, 0x04, 0x04, 0x2c, 0x28, 0x04, 0x04, 0x00, 0x00, 0x11, 0x30, 0x00, 0x00, 
    0x00, 0x00, 0x00, 0x00, 0x04, 0x20, 0x00, 0x00, 0x00, 0x04, 0x00, 0x00, 0x1c, 0x30, 0x00, 0x00, 
    0x00, 0x00, 0x00, 0x00, 0x1f, 0x30, 0x00, 0x00, 0x00, 0x00, 0x00, 0x00, 0x04, 0x20, 0x00, 0x00, 
    0x04, 0x00, 0x00, 0x00, 0x05, 0x30, 0x00, 0x00, 0x00, 0x00, 0x00, 0x00, 0x0c, 0x20, 0x00, 0x00, 
    0x00, 0x00, 0x2c, 0x00, 0x00, 0x00, 0x00, 0x00, 0x00, 0x00, 0x00, 0x04, 0x03, 0x30, 0x00, 0x00, 
    0x00, 0x00, 0x00, 0x00, 0x04, 0x20, 0x00, 0x00, 0x00, 0x00, 0x04, 0x2c, 0x07, 0x30, 0x00, 0x00, 
    0x00, 0x00, 0x00, 0x00, 0x08, 0x20, 0x00, 0x00, 0x00, 0x04, 0x00, 0x00, 0x04, 0x28, 0x00, 0x00, 
    0x09, 0x30, 0x00, 0x00, 0x00, 0x00, 0x00, 0x00, 0x08, 0x20, 0x00, 0x00, 0x00, 0x00, 0x2c, 0x2c, 
    0x04, 0x04, 0x00, 0x00, 0x02, 0x30, 0x00, 0x00, 0x00, 0x00, 0x00, 0x00, 0x0c, 0x20, 0x00, 0x00, 
    0x00, 0x00, 0x00, 0x04, 0x04, 0x04, 0x08, 0x75, 0x75, 0x08, 0x04, 0x04, 0x09, 0x30, 0x00, 0x00, 
    0x00, 0x00, 0x00, 0x00, 0x04, 0x20, 0x00, 0x00, 0x00, 0x00, 0x24, 0x00, 0x07, 0x30, 0x00, 0x00, 
    0x00, 0x00, 0x00, 0x00, 0x04, 0x20, 0x00, 0x00, 0x00, 0x00, 0x04, 0x00, 0x0d, 0x30, 0x00, 0x00, 
    0x00, 0x00, 0x00, 0x00, 0x04, 0x20, 0x00, 0x00, 0x00, 0x04, 0x00, 0x00, 0x0a, 0x30, 0x00, 0x00, 
    0x00, 0x00, 0x00, 0x00, 0x04, 0x20, 0x00, 0x00, 0x00, 0x00, 0x00, 0x04, 0x1c, 0x30, 0x00, 0x00, 
    0x00, 0x00, 0x00, 0x00, 0x0c, 0x20, 0x00, 0x00, 0x04, 0x04, 0x04, 0x04, 0x7d, 0x7d, 0x04, 0x04, 
    0x04, 0x04, 0x00, 0x00, 0x02, 0x30, 0x00, 0x00, 0x00, 0x00, 0x00, 0x00, 0x04, 0x20, 0x00, 0x00, 
    0x04, 0x00, 0x00, 0x00, 0x05, 0x30, 0x00, 0x00, 0x00, 0x00, 0x00, 0x00, 0x0c, 0x20, 0x00, 0x00, 
    0x04, 0x2c, 0x04, 0x04, 0x04, 0x04, 0x2c, 0x0c, 0x04, 0x00, 0x00, 0x00, 0x11, 0x30, 0x00, 0x00, 
    0x00, 0x00, 0x00, 0x00, 0x04, 0x20, 0x00, 0x00, 0x00, 0x04, 0x00, 0x00, 0x1c, 0x30, 0x00, 0x00, 
    0x00, 0x00, 0x00, 0x00, 0x25, 0x30, 0x00, 0x00, 0x00, 0x00, 0x00, 0x00, 0x0c, 0x20, 0x00, 0x00, 
    0x00, 0x00, 0x2c, 0x00, 0x00, 0x00, 0x00, 0x00, 0x00, 0x00, 0x00, 0x04, 0x03, 0x30, 0x00, 0x00, 
    0x00, 0x00, 0x00, 0x00, 0x04, 0x20, 0x00, 0x00, 0x00, 0x00, 0x04, 0x2c, 0x07, 0x30, 0x00, 0x00, 
    0x00, 0x00, 0x00, 0x00, 0x08, 0x20, 0x00, 0x00, 0x00, 0x04, 0x00, 0x00, 0x00, 0x28, 0x00, 0x00, 
    0x08, 0x30, 0x00, 0x00, 0x00, 0x00, 0x00, 0x00, 0x08, 0x20, 0x00, 0x00, 0x00, 0x00, 0x04, 0x00, 
    0x00, 0x04, 0x4c, 0x04, 0x03, 0x30, 0x00, 0x00, 0x00, 0x00, 0x00, 0x00, 0x10, 0x20, 0x00, 0x00, 
    0x00, 0x00, 0x04, 0x04, 0x04, 0x04, 0x08, 0x75, 0x75, 0x08, 0x04, 0x04, 0x04, 0x00, 0x00, 0x00, 
    0x08, 0x30, 0x00, 0x00, 0x00, 0x00, 0x00, 0x00, 0x04, 0x20, 0x00, 0x00, 0x00, 0x24, 0x00, 0x00, 
    0x07, 0x30, 0x00, 0x00, 0x00, 0x00, 0x00, 0x00, 0x04, 0x20, 0x00, 0x00, 0x00, 0x04, 0x00, 0x00, 
    0x18, 0x30, 0x00, 0x00, 0x00, 0x00, 0x00, 0x00, 0x04, 0x20, 0x00, 0x00, 0x00, 0x00, 0x00, 0x04, 
    0x1b, 0x30, 0x00, 0x00, 0x00, 0x00, 0x00, 0x00, 0x10, 0x20, 0x00, 0x00, 0x00, 0x00, 0x00, 0x04, 
    0x04, 0x04, 0x08, 0x08, 0x9d, 0x08, 0x04, 0x04, 0x04, 0x04, 0x00, 0x00, 0x02, 0x30, 0x00, 0x00, 
    0x00, 0x00, 0x00, 0x00, 0x04, 0x20, 0x00, 0x00, 0x00, 0x04, 0x00, 0x00, 0x05, 0x30, 0x00, 0x00, 
    0x00, 0x00, 0x00, 0x00, 0x08, 0x20, 0x00, 0x00, 0x00, 0x4c, 0x04, 0x04, 0x04, 0x2c, 0x04, 0x28, 
    0x12, 0x30, 0x00, 0x00, 0x00, 0x00, 0x00, 0x00, 0x04, 0x20, 0x00, 0x00, 0x00, 0x04, 0x00, 0x00, 
    0x1c, 0x30, 0x00, 0x00, 0x00, 0x00, 0x00, 0x00, 0x25, 0x30, 0x00, 0x00, 0x00, 0x00, 0x00, 0x00, 
    0x0c, 0x20, 0x00, 0x00, 0x00, 0x00, 0x2c, 0x00, 0x00, 0x00, 0x00, 0x00, 0x00, 0x00, 0x00, 0x04, 
    0x03, 0x30, 0x00, 0x00, 0x00, 0x00, 0x00, 0x00, 0x04, 0x20, 0x00, 0x00, 0x00, 0x00, 0x04, 0x2c, 
    0x07, 0x30, 0x00, 0x00, 0x00, 0x00, 0x00, 0x00, 0x08, 0x20, 0x00, 0x00, 0x00, 0x04, 0x00, 0x00, 
    0x00, 0x28, 0x00, 0x00, 0x08, 0x30, 0x00, 0x00, 0x00, 0x00, 0x00, 0x00, 0x08, 0x20, 0x00, 0x00, 
    0x00, 0x00, 0x00, 0x04, 0x04, 0x04, 0x04, 0x04, 0x03, 0x30, 0x00, 0x00, 0x00, 0x00, 0x00, 0x00, 
    0x10, 0x20, 0x00, 0x00, 0x00, 0x00, 0x04, 0x04, 0x04, 0x04, 0x08, 0x75, 0x75, 0x08, 0x04, 0x04, 
    0x04, 0x00, 0x00, 0x00, 0x08, 0x30, 0x00, 0x00, 0x00, 0x00, 0x00, 0x00, 0x04, 0x20, 0x00, 0x00, 
    0x24, 0x00, 0x00, 0x00, 0x06, 0x30, 0x00, 0x00, 0x00, 0x00, 0x00, 0x00, 0x08, 0x20, 0x00, 0x00, 
    0x00, 0x00, 0x00, 0x04, 0x04, 0x00, 0x00, 0x00, 0x0d, 0x30, 0x00, 0x00, 0x00, 0x00, 0x00, 0x00, 
    0x04, 0x20, 0x00, 0x00, 0x00, 0x04, 0x00, 0x00, 0x0a, 0x30, 0x00, 0x00, 0x00, 0x00, 0x00, 0x00, 
    0x04, 0x20, 0x00, 0x00, 0x00, 0x00, 0x00, 0x04, 0x1b, 0x30, 0x00, 0x00, 0x00, 0x00, 0x00, 0x00, 
    0x10, 0x20, 0x00, 0x00, 0x00, 0x00, 0x04, 0x04, 0x04, 0x04, 0x08, 0x9d, 0x9d, 0x08, 0x04, 0x04, 
    0x04, 0x00, 0x00, 0x00, 0x02, 0x30, 0x00, 0x00, 0x00, 0x00, 0x00, 0x00, 0x04, 0x20, 0x00, 0x00, 
    0x00, 0x00, 0x04, 0x00, 0x05, 0x30, 0x00, 0x00, 0x00, 0x00, 0x00, 0x00, 0x08, 0x20, 0x00, 0x00, 
    0x04, 0x04, 0x4c, 0x04, 0x04, 0x2c, 0x2c, 0x04, 0x12, 0x30, 0x00, 0x00, 0x00, 0x00, 0x00, 0x00, 