static const uint8_t __attribute__((aligned(4))) animation[] = {
    0x52, 0x4c, 0x45, 0x56, 0x13, 0x00, 0x00, 0x00, 0x14, 0x00, 0x00, 0x00, 0xd4, 0x76, 0x00, 0x00, 
    0x20, 0x77, 0x00, 0x00, 0x08, 0x00, 0x08, 0x00, 0x08, 0x00, 0x08, 0x00, 0x08, 0x00, 0x08, 0x00, 
    0x08, 0x00, 0x08, 0x00, 0x08, 0x00, 0x08, 0x00, 0x08, 0x00, 0x08, 0x00, 0x08, 0x00, 0x08, 0x00, 
    0x08, 0x00, 0x08, 0x00, 0x08, 0x00, 0x08, 0x00, 0x08, 0x00, 0x08, 0x00, 0x08, 0x00, 0x08, 0x00, 
    0x08, 0x00, 0x08, 0x00, 0x08, 0x00, 0x08, 0x00, 0x08, 0x00, 0x08, 0x00, 0x08, 0x00, 0x08, 0x00, 
    0x08, 0x00, 0x08, 0x00, 0x08, 0x00, 0x08, 0x00, 0x08, 0x00, 0x08, 0x00, 0x08, 0x00, 0x08, 0x00, 
    0x08, 0x00, 0x08, 0x00, 0x08, 0x00, 0x08, 0x00, 0x08, 0x00, 0x08, 0x00, 0x08, 0x00, 0x08, 0x00, 
    0x08, 0x00, 0x08, 0x00, 0x08, 0x00, 0x08, 0x00, 0x08, 0x00, 0x08, 0x00, 0x08, 0x00, 0x08, 0x00, 
    0x08, 0x00, 0x08, 0x00, 0x08, 0x00, 0x08, 0x00, 0x08, 0x00, 0x08, 0x00, 0x08, 0x00, 0x08, 0x00, 
    0x08, 0x00, 0x08, 0x00, 0x08, 0x00, 0x08, 0x00, 0x08, 0x00, 0x08, 0x00, 0x08, 0x00, 0x08, 0x00, 
    0x08, 0x00, 0x08, 0x00, 0x08, 0x00, 0x08, 0x00, 0x08, 0x00, 0x08, 0x00, 0x08, 0x00, 0x08, 0x00, 
    0x08, 0x00, 0x08, 0x00, 0x08, 0x00, 0x08, 0x00, 0x08, 0x00, 0x08, 0x00, 0x08, 0x00, 0x08, 0x00, 
    0x08, 0x00, 0x08, 0x00, 0x08, 0x00, 0x08, 0x00, 0x08, 0x00, 0x08, 0x00, 0x08, 0x00, 0x18, 0x00, 
    0x28, 0x00, 0x40, 0x00, 0x58, 0x00, 0x58, 0x00, 0x50, 0x00, 0x5c, 0x00, 0x70, 0x00, 0x60, 0x00, 
    0x80, 0x00, 0x74, 0x00, 0x84, 0x00, 0x84, 0x00, 0x80, 0x00, 0x70, 0x00, 0x80, 0x00, 0x84, 0x00, 
    0x78, 0x00, 0x74, 0x00, 0x74, 0x00, 0x70, 0x00, 0x78, 0x00, 0x78, 0x00, 0x74, 0x00, 0x68, 0x00, 
    0x70, 0x00, 0x54, 0x00, 0x6c, 0x00, 0x68, 0x00, 0x6c, 0x00, 0x60, 0x00, 0x60, 0x00, 0x60, 0x00, 
    0x68, 0x00, 0x6c, 0x00, 0x6c, 0x00, 0x60, 0x00, 0x5c, 0x00, 0x5c, 0x00, 0x60, 0x00, 0x5c, 0x00, 
    0x60, 0x00, 0x5c, 0x00, 0x60, 0x00, 0x58, 0x00, 0x5c, 0x00, 0x5c, 0x00, 0x5c, 0x00, 0x64, 0x00, 
    0x94, 0x00, 0xa4, 0x00, 0x94, 0x00, 0x90, 0x00, 0x98, 0x00, 0x94, 0x00, 0x88, 0x00, 0x84, 0x00, 
    0x84, 0x00, 0x80, 0x00, 0x80, 0x00, 0x80, 0x00, 0x80, 0x00, 0x84, 0x00, 0x84, 0x00, 0x80, 0x00, 
    0x84, 0x00, 0x88, 0x00, 0xac, 0x00, 0xc0, 0x00, 0xc4, 0x00, 0xb4, 0x00, 0xac, 0x00, 0xb8, 0x00, 
    0xc4, 0x00, 0xc8, 0x00, 0xec, 0x00, 0xfc, 0x00, 0x04, 0x01, 0xfc, 0x00, 0xf8, 0x00, 0x04, 0x01, 
    0xf0, 0x00, 0xec, 0x00, 0xd4, 0x00, 0xc0, 0x00, 0xb8, 0x00, 0xbc, 0x00, 0xdc, 0x00, 0xdc, 0x00, 
    0xc8, 0x00, 0xd0, 0x00, 0xe4, 0x00, 0xd0, 0x00, 0xe4, 0x00, 0xcc, 0x00, 0x04, 0x01, 0xf0, 0x00, 
    0xf0, 0x00, 0xfc, 0x00, 0x08, 0x01, 0x04, 0x01, 0xe8, 0x00, 0xec, 0x00, 0xec, 0x00, 0x00, 0x01, 
    0x0c, 0x01, 0x0c, 0x01, 0xf4, 0x00, 0xf4, 0x00, 0x04, 0x01, 0x14, 0x01, 0x20, 0x01, 0x38, 0x01, 
    0x30, 0x01, 0x24, 0x01, 0x10, 0x01, 0x14, 0x01, 0x0c, 0x01, 0x1c, 0x01, 0x1c, 0x01, 0x24, 0x01, 
    0x1c, 0x01, 0x10, 0x01, 0x14, 0x01, 0x0c, 0x01, 0xf8, 0x00, 0x04, 0x01, 0x24, 0x01, 0x24, 0x01, 
    0x10, 0x01, 0x18, 0x01, 0x1c, 0x01, 0x20, 0x01, 0x44, 0x01, 0x44, 0x01, 0x24, 0x01, 0x20, 0x01, 
    0x10, 0x01, 0x00, 0x01, 0x10, 0x01, 0x0c, 0x01, 0x00, 0x01, 0xf8, 0x00, 0xfc, 0x00, 0x0c, 0x01, 
    0xfc, 0x00, 0x04, 0x01, 0x14, 0x01, 0x1c, 0x01, 0x08, 0x01, 0x08, 0x01, 0x00, 0x01, 0x10, 0x01, 
    0x04, 0x01, 0x04, 0x01, 0x0c, 0x01, 0x08, 0x01, 0x14, 0x01, 0x10, 0x01, 0x20, 0x01, 0x38, 0x01, 
    0x00, 0x01, 0x0c, 0x01, 0x14, 0x01, 0x14, 0x01, 0x04, 0x01, 0xf8, 0x00, 0x14, 0x01, 0x20, 0x01, 
    0x20, 0x01, 0x10, 0x01, 0xfc, 0x00, 0x00, 0x01, 0xf0, 0x00, 0xf0, 0x00, 0xf0, 0x00, 0xf8, 0x00, 
    0x04, 0x01, 0xfc, 0x00, 0x08, 0x01, 0x0c, 0x01, 0x10, 0x01, 0x10, 0x01, 0x10, 0x01, 0x20, 0x01, 
    0x28, 0x01, 0x24, 0x01, 0x14, 0x01, 0x1c, 0x01, 0x24, 0x01, 0x44, 0x01, 0x3c, 0x01, 0x38, 0x01, 
    0x30, 0x01, 0x24, 0x01, 0x1c, 0x01, 0x18, 0x01, 0x2c, 0x01, 0x0c, 0x01, 0x04, 0x01, 0xf4, 0x00, 
    0x00, 0x01, 0x04, 0x01, 0x00, 0x01, 0x0c, 0x01, 0x10, 0x01, 0x34, 0x01, 0x28, 0x01, 0x20, 0x01, 
    0x00, 0x01, 0xfc, 0x00, 0xf0, 0x00, 0xec, 0x00, 0xdc, 0x00, 0x0c, 0x01, 0x10, 0x01, 0x0c, 0x01, 
    0xd4, 0x00, 0xdc, 0x00, 0xe8, 0x00, 0xfc, 0x00, 0x00, 0x01, 0xf4, 0x00, 0xe8, 0x00, 0xec, 0x00, 
    0x04, 0x01, 0x00, 0x01, 0x0c, 0x01, 0x04, 0x01, 0x08, 0x01, 0x08, 0x01, 0xf0, 0x00, 0xec, 0x00, 
    0xd0, 0x00, 0xd0, 0x00, 0xf4, 0x00, 0xf4, 0x00, 0xe4, 0x00, 0xf0, 0x00, 0xf8, 0x00, 0xf4, 0x00, 
    0x0c, 0x01, 0x00, 0x01, 0x04, 0x01, 0x0c, 0x01, 0x08, 0x01, 0x0c, 0x01, 0x0c, 0x01, 0x08, 0x01, 
    0x18, 0x01, 0x28, 0x01, 0x2c, 0x01, 0x2c, 0x01, 0x34, 0x01, 0x24, 0x01, 0x3c, 0x01, 0x28, 0x01, 
    0x20, 0x01, 0x00, 0x01, 0xf4, 0x00, 0x0c, 0x01, 0x00, 0x01, 0xf0, 0x00, 0x1c, 0x01, 0x1c, 0x01, 
    0x1c, 0x01, 0x18, 0x01, 0x10, 0x01, 0x00, 0x01, 0xec, 0x00, 0xec, 0x00, 0xf0, 0x00, 0xec, 0x00, 
    0xe0, 0x00, 0xf4, 0x00, 0xe8, 0x00, 0xf0, 0x00, 0xf8, 0x00, 0xec, 0x00, 0xfc, 0x00, 0x00, 0x01, 
    0x04, 0x01, 0x00, 0x01, 0xf4, 0x00, 0xe0, 0x00, 0xdc, 0x00, 0xe0, 0x00, 0xd0, 0x00, 0xdc, 0x00, 
    0xd4, 0x00, 0xcc, 0x00, 0xc4, 0x00, 0xc0, 0x00, 0xd0, 0x00, 0xcc, 0x00, 0xc0, 0x00, 0xc4, 0x00, 
    0xdc, 0x00, 0xd8, 0x00, 0xd8, 0x00, 0xd8, 0x00, 0xd4, 0x00, 0xd4, 0x00, 0xcc, 0x00, 0xd0, 0x00, 
    0xc8, 0x00, 0xc4, 0x00, 0xc4, 0x00, 0xb4, 0x00, 0xc4, 0x00, 0xb0, 0x00, 0xb4, 0x00, 0xb4, 0x00, 
    0xc4, 0x00, 0xc8, 0x00, 0xcc, 0x00, 0xb8, 0x00, 0xd0, 0x00, 0xd0, 0x00, 0xdc, 0x00, 0xd4, 0x00, 
    0xd8, 0x00, 0xd4, 0x00, 0xcc, 0x00, 0xe4, 0x00, 0x00, 0x01, 0xfc, 0x00, 0x00, 0x01, 0xfc, 0x00, 
    0xfc, 0x00, 0x0c, 0x01, 0x20, 0x01, 0x20, 0x01, 0x18, 0x01, 0x14, 0x01, 0x38, 0x01, 0x44, 0x01, 
    0x50, 0x01, 0x3c, 0x01, 0x20, 0x01, 0x3c, 0x01, 0x38, 0x01, 0x40, 0x01, 0x34, 0x01, 0x38, 0x01, 
    0x40, 0x01, 0x48, 0x01, 0x54, 0x01, 0x44, 0x01, 0x44, 0x01, 0x44, 0x01, 0x30, 0x01, 0x28, 0x01, 
    0x24, 0x01, 0x20, 0x01, 0x30, 0x01, 0x34, 0x01, 0x58, 0x01, 0x4c, 0x01, 0x44, 0x01, 0x40, 0x01, 
    0x3c, 0x01, 0x24, 0x01, 0x30, 0x01, 0x20, 0x01, 0x2c, 0x01, 0x28, 0x01, 0x28, 0x01, 0x30, 0x01, 
    0x34, 0x01, 0x30, 0x01, 0x1c, 0x01, 0x1c, 0x01, 0x24, 0x01, 0x28, 0x01, 0x20, 0x01, 0x20, 0x01, 
    0x2c, 0x01, 0x38, 0x01, 0x30, 0x01, 0x1c, 0x01, 0x24, 0x01, 0x28, 0x01, 0x40, 0x01, 0x34, 0x01, 
    0x38, 0x01, 0x38, 0x01, 0x28, 0x01, 0x24, 0x01, 0x2c, 0x01, 0x3c, 0x01, 0x40, 0x01, 0x40, 0x01, 
    0x24, 0x01, 0x20, 0x01, 0x30, 0x01, 0x2c, 0x01, 0x28, 0x01, 0x20, 0x01, 0x18, 0x01, 0x14, 0x01, 
    0x28, 0x01, 0x14, 0x01, 0x14, 0x01, 0x14, 0x01, 0x04, 0x01, 0x04, 0x01, 0x14, 0x01, 0x14, 0x01, 
    0x0c, 0x01, 0x0c, 0x01, 0x10, 0x01, 0x14, 0x01, 0x10, 0x01, 0x08, 0x01, 0x1c, 0x01, 0x20, 0x01, 
    0x24, 0x01, 0x20, 0x01, 0x3c, 0x01, 0x38, 0x01, 0x3c, 0x01, 0x2c, 0x01, 0x3c, 0x01, 0x48, 0x01, 
    0x4c, 0x01, 0x50, 0x01, 0x48, 0x01, 0x4c, 0x01, 0x5c, 0x01, 0x60, 0x01, 0x74, 0x01, 0x88, 0x01, 
    0x78, 0x01, 0x80, 0x01, 0x74, 0x01, 0x70, 0x01, 0x60, 0x01, 0x68, 0x01, 0x60, 0x01, 0x50, 0x01, 
    0x54, 0x01, 0x60, 0x01, 0x54, 0x01, 0x5c, 0x01, 0x54, 0x01, 0x40, 0x01, 0x40, 0x01, 0x34, 0x01, 
    0x38, 0x01, 0x38, 0x01, 0x34, 0x01, 0x34, 0x01, 0x34, 0x01, 0x38, 0x01, 0x40, 0x01, 0x40, 0x01, 
    0x34, 0x01, 0x2c, 0x01, 0x40, 0x01, 0x3c, 0x01, 0x38, 0x01, 0x38, 0x01, 0x3c, 0x01, 0x3c, 0x01, 
    0x44, 0x01, 0x40, 0x01, 0x40, 0x01, 0x3c, 0x01, 0x1c, 0x01, 0x30, 0x01, 0x14, 0x01, 0x14, 0x01, 
    0x3c, 0x01, 0x2c, 0x01, 0x24, 0x01, 0x1c, 0x01, 0x24, 0x01, 0x18, 0x01, 0x18, 0x01, 0x24, 0x01, 
    0x24, 0x01, 0x20, 0x01, 0x30, 0x01, 0x40, 0x01, 0x34, 0x01, 0x34, 0x01, 0x34, 0x01, 0x2c, 0x01, 
    0x44, 0x01, 0x3c, 0x01, 0x30, 0x01, 0x30, 0x01, 0x20, 0x01, 0x30, 0x01, 0x24, 0x01, 0x20, 0x01, 
    0x30, 0x01, 0x2c, 0x01, 0x2c, 0x01, 0x20, 0x01, 0x34, 0x01, 0x40, 0x01, 0x30, 0x01, 0x30, 0x01, 
    0x2c, 0x01, 0x24, 0x01, 0x28, 0x01, 0x2c, 0x01, 0x1c, 0x01, 0x18, 0x01, 0x18, 0x01, 0x18, 0x01, 
    0x10, 0x01, 0x0c, 0x01, 0x0c, 0x01, 0x04, 0x01, 0x08, 0x01, 0x04, 0x01, 0x0c, 0x01, 0x08, 0x01, 
    0x00, 0x01, 0xf8, 0x00, 0x04, 0x01, 0x0c, 0x01, 0x08, 0x01, 0x14, 0x01, 0x10, 0x01, 0x0c, 0x01, 
    0x30, 0x01, 0x24, 0x01, 0x14, 0x01, 0x10, 0x01, 0x00, 0x01, 0x08, 0x01, 0xf4, 0x00, 0xf0, 0x00, 
    0xf0, 0x00, 0xe8, 0x00, 0xe4, 0x00, 0xf0, 0x00, 0xfc, 0x00, 0xf8, 0x00, 0xdc, 0x00, 0xe0, 0x00, 
    0xd8, 0x00, 0xcc, 0x00, 0xd0, 0x00, 0xc8, 0x00, 0xbc, 0x00, 0xb8, 0x00, 0xc0, 0x00, 0xb4, 0x00, 
    0xc4, 0x00, 0xb4, 0x00, 0xa8, 0x00, 0xa4, 0x00, 0xb4, 0x00, 0xb8, 0x00, 0xbc, 0x00, 0xc4, 0x00, 
    0xa8, 0x00, 0xb0, 0x00, 0xb0, 0x00, 0xbc, 0x00, 0xac, 0x00, 0xb0, 0x00, 0xb4, 0x00, 0xa8, 0x00, 
    0xb4, 0x00, 0xbc, 0x00, 0xc8, 0x00, 0xcc, 0x00, 0xc8, 0x00, 0xb4, 0x00, 0xc0, 0x00, 0xd4, 0x00, 
    0xa0, 0x00, 0x9c, 0x00, 0x94, 0x00, 0x94, 0x00, 0x90, 0x00, 0x8c, 0x00, 0x90, 0x00, 0x94, 0x00, 
    0x78, 0x00, 0x74, 0x00, 0x84, 0x00, 0x80, 0x00, 0x78, 0x00, 0x70, 0x00, 0x5c, 0x00, 0x6c, 0x00, 
    0x54, 0x00, 0x50, 0x00, 0x4c, 0x00, 0x4c, 0x00, 0x4c, 0x00, 0x3c, 0x00, 0x28, 0x00, 0x28, 0x00, 
    0x24, 0x00, 0x24, 0x00, 0x24, 0x00, 0x1c, 0x00, 0x08, 0x00, 0x08, 0x00, 0x08, 0x00, 0x08, 0x00, 
    0x08, 0x00, 0x08, 0x00, 0x08, 0x00, 0x08, 0x00, 0x08, 0x00, 0x08, 0x00, 0x08, 0x00, 0x08, 0x00, 
    0x08, 0x00, 0x08, 0x00, 0x08, 0x00, 0x08, 0x00, 0x08, 0x00, 0x08, 0x00, 0x08, 0x00, 0x08, 0x00, 
    0x08, 0x00, 0x08, 0x00, 0x08, 0x00, 0x08, 0x00, 0x08, 0x00, 0x08, 0x00, 0x08, 0x00, 0x08, 0x00, 
    0x08, 0x00, 0x08, 0x00, 0x08, 0x00, 0x08, 0x00, 0x08, 0x00, 0x08, 0x00, 0x08, 0x00, 0x08, 0x00, 
    0x08, 0x00, 0x08, 0x00, 0x08, 0x00, 0x08, 0x00, 0x08, 0x00, 0x08, 0x00, 0x08, 0x00, 0x08, 0x00, 
    0x08, 0x00, 0x08, 0x00, 0x08, 0x00, 0x08, 0x00, 0x08, 0x00, 0x08, 0x00, 0x08, 0x00, 0x08, 0x00, 
    0x08, 0x00, 0x08, 0x00, 0x08, 0x00, 0x08, 0x00, 0x08, 0x00, 0x08, 0x00, 0x08, 0x00, 0x08, 0x00, 
    0x08, 0x00, 0x08, 0x00, 0x08, 0x00, 0x08, 0x00, 0x08, 0x00, 0x08, 0x00, 0x08, 0x00, 0x08, 0x00, 
    0x08, 0x00, 0x08, 0x00, 0x08, 0x00, 0x08, 0x00, 0x08, 0x00, 0x08, 0x00, 0x08, 0x00, 0x08, 0x00, 
    0x08, 0x00, 0x08, 0x00, 0x08, 0x00, 0x08, 0x00, 0x08, 0x00, 0x08, 0x00, 0x08, 0x00, 0x08, 0x00, 
    0x08, 0x00, 0x08, 0x00, 0x08, 0x00, 0x08, 0x00, 0x08, 0x00, 0x08, 0x00, 0x08, 0x00, 0x08, 0x00, 
    0x08, 0x00, 0x08, 0x00, 0x08, 0x00, 0x08, 0x00, 0x08, 0x00, 0x08, 0x00, 0x08, 0x00, 0x08, 0x00, 
    0x08, 0x00, 0x08, 0x00, 0x08, 0x00, 0x08, 0x00, 0x08, 0x00, 0x08, 0x00, 0x08, 0x00, 0x08, 0x00, 
    0x08, 0x00, 0x08, 0x00, 0x08, 0x00, 0x08, 0x00, 0x08, 0x00, 0x08, 0x00, 0x08, 0x00, 0x08, 0x00, 
    0x08, 0x00, 0x08, 0x00, 0x08, 0x00, 0x08, 0x00, 0x08, 0x00, 0x08, 0x00, 0x08, 0x00, 0x08, 0x00, 
    0x08, 0x00, 0x08, 0x00, 0x08, 0x00, 0x08, 0x00, 0x08, 0x00, 0x08, 0x00, 0x08, 0x00, 0x08, 0x00, 
    0x08, 0x00, 0x08, 0x00, 0x08, 0x00, 0x08, 0x00, 0x08, 0x00, 0x08, 0x00, 0x08, 0x00, 0x08, 0x00, 
    0x08, 0x00, 0x08, 0x00, 0x08, 0x00, 0x08, 0x00, 0x08, 0x00, 0x08, 0x00, 0x08, 0x00, 0x08, 0x00, 
    0x08, 0x00, 0x08, 0x00, 0x08, 0x00, 0x08, 0x00, 0x08, 0x00, 0x08, 0x00, 0x08, 0x00, 0x08, 0x00, 
    0x08, 0x00, 0x08, 0x00, 0x08, 0x00, 0x08, 0x00, 0x08, 0x00, 0x08, 0x00, 0x08, 0x00, 0x08, 0x00, 
    0x08, 0x00, 0x08, 0x00, 0x08, 0x00, 0x08, 0x00, 0x08, 0x00, 0x08, 0x00, 0x08, 0x00, 0x08, 0x00, 
    0x08, 0x00, 0x08, 0x00, 0x08, 0x00, 0x08, 0x00, 0x08, 0x00, 0x08, 0x00, 0x08, 0x00, 0x08, 0x00, 
    0x08, 0x00, 0x08, 0x00, 0x08, 0x00, 0x08, 0x00, 0x08, 0x00, 0x08, 0x00, 0x08, 0x00, 0x08, 0x00, 
    0x08, 0x00, 0x08, 0x00, 0x08, 0x00, 0x08, 0x00, 0x08, 0x00, 0x08, 0x00, 0x08, 0x00, 0x08, 0x00, 
    0x08, 0x00, 0x08, 0x00, 0x08, 0x00, 0x08, 0x00, 0x08, 0x00, 0x18, 0x00, 0x1c, 0x00, 0x18, 0x00, 
    0x44, 0x00, 0x54, 0x00, 0x48, 0x00, 0x48, 0x00, 0x48, 0x00, 0x48, 0x00, 0x48, 0x00, 0x44, 0x00, 
    0x44, 0x00, 0x44, 0x00, 0x40, 0x00, 0x40, 0x00, 0x40, 0x00, 0x40, 0x00, 0x44, 0x00, 0x44, 0x00, 
    0x44, 0x00, 0x44, 0x00, 0x50, 0x00, 0x50, 0x00, 0x54, 0x00, 0x44, 0x00, 0x30, 0x00, 0x34, 0x00, 
    0x38, 0x00, 0x38, 0x00, 0x34, 0x00, 0x48, 0x00, 0x44, 0x00, 0x44, 0x00, 0x44, 0x00, 0x34, 0x00, 
    0x3c, 0x00, 0x3c, 0x00, 0x34, 0x00, 0x34, 0x00, 0x38, 0x00, 0x3c, 0x00, 0x44, 0x00, 0x48, 0x00, 
    0x58, 0x00, 0x6c, 0x00, 0x70, 0x00, 0x6c, 0x00, 0x70, 0x00, 0x68, 0x00, 0x5c, 0x00, 0x6c, 0x00, 
    0x68, 0x00, 0x70, 0x00, 0x74, 0x00, 0x80, 0x00, 0x84, 0x00, 0x90, 0x00, 0x80, 0x00, 0x94, 0x00, 
    0x8c, 0x00, 0x9c, 0x00, 0xa0, 0x00, 0xa0, 0x00, 0xb4, 0x00, 0xb4, 0x00, 0xd8, 0x00, 0xdc, 0x00, 
    0xd8, 0x00, 0xd0, 0x00, 0xd4, 0x00, 0xe4, 0x00, 0xdc, 0x00, 0xd8, 0x00, 0xd8, 0x00, 0xd0, 0x00, 
    0xcc, 0x00, 0xcc, 0x00, 0xd4, 0x00, 0xbc, 0x00, 0xe8, 0x00, 0xf8, 0x00, 0xf8, 0x00, 0xe0, 0x00, 
    0xf0, 0x00, 0xd4, 0x00, 0xd4, 0x00, 0xdc, 0x00, 0xdc, 0x00, 0xdc, 0x00, 0xe4, 0x00, 0xe4, 0x00, 
    0xec, 0x00, 0xf4, 0x00, 0xfc, 0x00, 0x1c, 0x01, 0x24, 0x01, 0x38, 0x01, 0x24, 0x01, 0x1c, 0x01, 
    0x10, 0x01, 0x04, 0x01, 0x0c, 0x01, 0x14, 0x01, 0x24, 0x01, 0x24, 0x01, 0x14, 0x01, 0x28, 0x01, 
    0x24, 0x01, 0x20, 0x01, 0xfc, 0x00, 0xec, 0x00, 0x1c, 0x01, 0x14, 0x01, 0x18, 0x01, 0x04, 0x01, 
    0xf0, 0x00, 0xe8, 0x00, 0xec, 0x00, 0xe8, 0x00, 0xd4, 0x00, 0xd8, 0x00, 0xdc, 0x00, 0xd8, 0x00, 
    0xd4, 0x00, 0xd0, 0x00, 0xe0, 0x00, 0xd8, 0x00, 0xe0, 0x00, 0xc4, 0x00, 0xc0, 0x00, 0xd0, 0x00, 
    0xd0, 0x00, 0xcc, 0x00, 0xc4, 0x00, 0xc0, 0x00, 0xcc, 0x00, 0xc4, 0x00, 0xd8, 0x00, 0xd0, 0x00, 
    0xc8, 0x00, 0xcc, 0x00, 0xc8, 0x00, 0xec, 0x00, 0xf0, 0x00, 0xf0, 0x00, 0xcc, 0x00, 0xcc, 0x00, 
    0xcc, 0x00, 0xc8, 0x00, 0xc4, 0x00, 0xcc, 0x00, 0xcc, 0x00, 0xc8, 0x00, 0xc4, 0x00, 0xcc, 0x00, 
    0xb4, 0x00, 0xac, 0x00, 0xa8, 0x00, 0xac, 0x00, 0xb0, 0x00, 0xac, 0x00, 0xac, 0x00, 0xac, 0x00, 
    0xb0, 0x00, 0xa8, 0x00, 0xa8, 0x00, 0xa8, 0x00, 0xa8, 0x00, 0xb0, 0x00, 0xa8, 0x00, 0xb8, 0x00, 
    0xd0, 0x00, 0xcc, 0x00, 0xc4, 0x00, 0xc0, 0x00, 0xc4, 0x00, 0xc0, 0x00, 0xac, 0x00, 0xc4, 0x00, 
    0xc8, 0x00, 0xd0, 0x00, 0xcc, 0x00, 0xcc, 0x00, 0xc8, 0x00, 0xb0, 0x00, 0xb8, 0x00, 0xc8, 0x00, 
    0xdc, 0x00, 0xe4, 0x00, 0xf0, 0x00, 0xf8, 0x00, 0x00, 0x01, 0x08, 0x01, 0xfc, 0x00, 0x04, 0x01, 
    0x00, 0x01, 0x18, 0x01, 0x18, 0x01, 0x20, 0x01, 0x58, 0x01, 0x68, 0x01, 0x38, 0x01, 0x48, 0x01, 
    0x58, 0x01, 0x3c, 0x01, 0x58, 0x01, 0x24, 0x01, 0x3c, 0x01, 0x20, 0x01, 0x04, 0x01, 0xfc, 0x00, 
    0xf0, 0x00, 0xf8, 0x00, 0xfc, 0x00, 0x00, 0x01, 0x08, 0x01, 0x08, 0x01, 0x1c, 0x01, 0x24, 0x01, 
    0x04, 0x01, 0xdc, 0x00, 0xd4, 0x00, 0xdc, 0x00, 0xec, 0x00, 0xe4, 0x00, 0xec, 0x00, 0x04, 0x01, 
    0x04, 0x01, 0xf4, 0x00, 0xf0, 0x00, 0xf4, 0x00, 0xf8, 0x00, 0x00, 0x01, 0xfc, 0x00, 0xf8, 0x00, 
    0xf4, 0x00, 0xfc, 0x00, 0x04, 0x01, 0x08, 0x01, 0x04, 0x01, 0x14, 0x01, 0x20, 0x01, 0x18, 0x01, 
    0x1c, 0x01, 0x1c, 0x01, 0x1c, 0x01, 0x1c, 0x01, 0x24, 0x01, 0x2c, 0x01, 0x2c, 0x01, 0x30, 0x01, 
    0x24, 0x01, 0x2c, 0x01, 0x30, 0x01, 0x3c, 0x01, 0x38, 0x01, 0x44, 0x01, 0x34, 0x01, 0x34, 0x01, 
    0x30, 0x01, 0x2c, 0x01, 0x28, 0x01, 0x38, 0x01, 0x18, 0x01, 0x2c, 0x01, 0x28, 0x01, 0x24, 0x01, 
    0x30, 0x01, 0x1c, 0x01, 0x2c, 0x01, 0x3c, 0x01, 0x2c, 0x01, 0x24, 0x01, 0x24, 0x01, 0x44, 0x01, 
    0x48, 0x01, 0x48, 0x01, 0x38, 0x01, 0x3c, 0x01, 0x4c, 0x01, 0x44, 0x01, 0x40, 0x01, 0x58, 0x01, 
    0x54, 0x01, 0x48, 0x01, 0x40, 0x01, 0x38, 0x01, 0x3c, 0x01, 0x24, 0x01, 0x20, 0x01, 0x24, 0x01, 
    0x24, 0x01, 0x28, 0x01, 0x28, 0x01, 0x24, 0x01, 0x34, 0x01, 0x30, 0x01, 0x2c, 0x01, 0x30, 0x01, 
    0x40, 0x01, 0x44, 0x01, 0x34, 0x01, 0x34, 0x01, 0x40, 0x01, 0x44, 0x01, 0x4c, 0x01, 0x44, 0x01, 
    0x38, 0x01, 0x38, 0x01, 0x34, 0x01, 0x30, 0x01, 0x30, 0x01, 0x38, 0x01, 0x38, 0x01, 0x38, 0x01, 
    0x20, 0x01, 0x20, 0x01, 0x20, 0x01, 0x28, 0x01, 0x18, 0x01, 0x18, 0x01, 0x34, 0x01, 0x1c, 0x01, 
    0x44, 0x01, 0x48, 0x01, 0x4c, 0x01, 0x30, 0x01, 0x34, 0x01, 0x3c, 0x01, 0x34, 0x01, 0x2c, 0x01, 
    0x24, 0x01, 0x18, 0x01, 0x0c, 0x01, 0x14, 0x01, 0x18, 0x01, 0x24, 0x01, 0x20, 0x01, 0x1c, 0x01, 
    0xfc, 0x00, 0x14, 0x01, 0x14, 0x01, 0x1c, 0x01, 0x1c, 0x01, 0x20, 0x01, 0x18, 0x01, 0x0c, 0x01, 
    0x10, 0x01, 0x14, 0x01, 0x10, 0x01, 0x0c, 0x01, 0x18, 0x01, 0x1c, 0x01, 0x20, 0x01, 0x20, 0x01, 
    0x1c, 0x01, 0x24, 0x01, 0x28, 0x01, 0x20, 0x01, 0x18, 0x01, 0x18, 0x01, 0x10, 0x01, 0x10, 0x01, 
    0x14, 0x01, 0x10, 0x01, 0x24, 0x01, 0x28, 0x01, 0x24, 0x01, 0x2c, 0x01, 0x38, 0x01, 0x40, 0x01, 
    0x2c, 0x01, 0x28, 0x01, 0x0c, 0x01, 0x1c, 0x01, 0x24, 0x01, 0x3c, 0x01, 0x4c, 0x01, 0x34, 0x01, 
    0x44, 0x01, 0x38, 0x01, 0x38, 0x01, 0x2c, 0x01, 0x18, 0x01, 0x24, 0x01, 0x18, 0x01, 0x10, 0x01, 
    0x2c, 0x01, 0x20, 0x01, 0x2c, 0x01, 0x14, 0x01, 0x0c, 0x01, 0x18, 0x01, 0x24, 0x01, 0x24, 0x01, 
    0x38, 0x01, 0x38, 0x01, 0x1c, 0x01, 0x30, 0x01, 0x30, 0x01, 0x38, 0x01, 0x44, 0x01, 0x38, 0x01, 
    0x2c, 0x01, 0x30, 0x01, 0x2c, 0x01, 0x38, 0x01, 0x28, 0x01, 0x30, 0x01, 0x2c, 0x01, 0x1c, 0x01, 
    0x3c, 0x01, 0x40, 0x01, 0x30, 0x01, 0x30, 0x01, 0x1c, 0x01, 0x24, 0x01, 0x18, 0x01, 0x3c, 0x01, 
    0x44, 0x01, 0x44, 0x01, 0x3c, 0x01, 0x30, 0x01, 0x34, 0x01, 0x34, 0x01, 0x28, 0x01, 0x30, 0x01, 
    0x30, 0x01, 0x38, 0x01, 0x3c, 0x01, 0x34, 0x01, 0x54, 0x01, 0x3c, 0x01, 0x38, 0x01, 0x2c, 0x01, 
    0x28, 0x01, 0x20, 0x01, 0x1c, 0x01, 0x0c, 0x01, 0x0c, 0x01, 0x04, 0x01, 0x04, 0x01, 0xe8, 0x00, 
    0xec, 0x00, 0xf8, 0x00, 0x00, 0x01, 0x04, 0x01, 0xfc, 0x00, 0x0c, 0x01, 0x00, 0x01, 0xfc, 0x00, 
    0x00, 0x01, 0x04, 0x01, 0x0c, 0x01, 0x04, 0x01, 0x00, 0x01, 0x08, 0x01, 0x04, 0x01, 0xfc, 0x00, 
    0xfc, 0x00, 0x08, 0x01, 0x0c, 0x01, 0x0c, 0x01, 0x0c, 0x01, 0x0c, 0x01, 0x20, 0x01, 0x14, 0x01, 
    0x14, 0x01, 0x14, 0x01, 0x08, 0x01, 0x10, 0x01, 0x14, 0x01, 0x1c, 0x01, 0x3c, 0x01, 0x40, 0x01, 
    0x24, 0x01, 0x10, 0x01, 0x10, 0x01, 0x30, 0x01, 0x1c, 0x01, 0x30, 0x01, 0x28, 0x01, 0x08, 0x01, 
    0x04, 0x01, 0xf4, 0x00, 0xfc, 0x00, 0x08, 0x01, 0x0c, 0x01, 0xf4, 0x00, 0x00, 0x01, 0x00, 0x01, 
    0x0c, 0x01, 0x0c, 0x01, 0x08, 0x01, 0x00, 0x01, 0x1c, 0x01, 0x20, 0x01, 0x20, 0x01, 0x2c, 0x01, 
    0x3c, 0x01, 0x50, 0x01, 0x24, 0x01, 0x48, 0x01, 0x54, 0x01, 0x4c, 0x01, 0x48, 0x01, 0x50, 0x01, 
    0x44, 0x01, 0x2c, 0x01, 0x30, 0x01, 0x2c, 0x01, 0x14, 0x01, 0x14, 0x01, 0x18, 0x01, 0x18, 0x01, 
    0x10, 0x01, 0x0c, 0x01, 0x04, 0x01, 0x0c, 0x01, 0x00, 0x01, 0x08, 0x01, 0x08, 0x01, 0x14, 0x01, 
    0x08, 0x01, 0x04, 0x01, 0x10, 0x01, 0x04, 0x01, 0xfc, 0x00, 0x04, 0x01, 0x0c, 0x01, 0xf8, 0x00, 
    0xe8, 0x00, 0xf0, 0x00, 0x00, 0x01, 0x04, 0x01, 0xf4, 0x00, 0xfc, 0x00, 0xfc, 0x00, 0xdc, 0x00, 
    0xd8, 0x00, 0xd8, 0x00, 0xf4, 0x00, 0xf4, 0x00, 0xf4, 0x00, 0x00, 0x01, 0xfc, 0x00, 0xf0, 0x00, 
    0xdc, 0x00, 0xdc, 0x00, 0xf0, 0x00, 0xf8, 0x00, 0xec, 0x00, 0xd0, 0x00, 0xdc, 0x00, 0xfc, 0x00, 
    0xcc, 0x00, 0xd8, 0x00, 0xd4, 0x00, 0xc0, 0x00, 0xb4, 0x00, 0xbc, 0x00, 0xc0, 0x00, 0xc4, 0x00, 
    0xcc, 0x00, 0x80, 0x00, 0x9c, 0x00, 0x80, 0x00, 0x70, 0x00, 0x7c, 0x00, 0x88, 0x00, 0x80, 0x00, 
    0x7c, 0x00, 0x88, 0x00, 0x64, 0x00, 0x5c, 0x00, 0x5c, 0x00, 0x60, 0x00, 0x70, 0x00, 0x68, 0x00, 
    0x68, 0x00, 0x5c, 0x00, 0x54, 0x00, 0x54, 0x00, 0x54, 0x00, 0x54, 0x00, 0x58, 0x00, 0x58, 0x00, 
    0x40, 0x00, 0x2c, 0x00, 0x28, 0x00, 0x28, 0x00, 0x24, 0x00, 0x24, 0x00, 0x24, 0x00, 0x24, 0x00, 
    0x24, 0x00, 0x24, 0x00, 0x24, 0x00, 0x24, 0x00, 0x28, 0x00, 0x28, 0x00, 0x24, 0x00, 0x24, 0x00, 
    0x20, 0x00, 0x20, 0x00, 0x20, 0x00, 0x20, 0x00, 0x08, 0x00, 0x08, 0x00, 0x08, 0x00, 0x08, 0x00, 
    0x08, 0x00, 0x08, 0x00, 0x08, 0x00, 0x08, 0x00, 0x08, 0x00, 0x08, 0x00, 0x08, 0x00, 0x08, 0x00, 
    0x08, 0x00, 0x08, 0x00, 0x08, 0x00, 0x08, 0x00, 0x08, 0x00, 0x08, 0x00, 0x08, 0x00, 0x08, 0x00, 
    0x08, 0x00, 0x08, 0x00, 0x08, 0x00, 0x08, 0x00, 0x08, 0x00, 0x08, 0x00, 0x08, 0x00, 0x08, 0x00, 
    0x08, 0x00, 0x08, 0x00, 0x08, 0x00, 0x08, 0x00, 0x08, 0x00, 0x08, 0x00, 0x08, 0x00, 0x08, 0x00, 
    0x08, 0x00, 0x08, 0x00, 0x08, 0x00, 0x08, 0x00, 0x08, 0x00, 0x08, 0x00, 0x08, 0x00, 0x08, 0x00, 
    0x08, 0x00, 0x08, 0x00, 0x08, 0x00, 0x08, 0x00, 0x08, 0x00, 0x08, 0x00, 0x08, 0x00, 0x08, 0x00, 
    0x08, 0x00, 0x08, 0x00, 0x08, 0x00, 0x08, 0x00, 0x08, 0x00, 0x08, 0x00, 0x08, 0x00, 0x08, 0x00, 
    0x08, 0x00, 0x08, 0x00, 0x08, 0x00, 0x08, 0x00, 0x08, 0x00, 0x08, 0x00, 0x08, 0x00, 0x08, 0x00, 
    0x08, 0x00, 0x08, 0x00, 0x08, 0x00, 0x08, 0x00, 0x08, 0x00, 0x08, 0x00, 0x08, 0x00, 0x08, 0x00, 
    0x08, 0x00, 0x08, 0x00, 0x08, 0x00, 0x08, 0x00, 0x08, 0x00, 0x08, 0x00, 0x08, 0x00, 0x08, 0x00, 
    0x08, 0x00, 0x08, 0x00, 0x08, 0x00, 0x08, 0x00, 0x08, 0x00, 0x08, 0x00, 0x08, 0x00, 0x08, 0x00, 
    0x08, 0x00, 0x08, 0x00, 0x08, 0x00, 0x08, 0x00, 0x08, 0x00, 0x08, 0x00, 0x08, 0x00, 0x08, 0x00, 
    0x08, 0x00, 0x08, 0x00, 0x08, 0x00, 0x08, 0x00, 0x08, 0x00, 0x08, 0x00, 0x08, 0x00, 0x08, 0x00, 
    0x08, 0x00, 0x08, 0x00, 0x08, 0x00, 0x08, 0x00, 0x08, 0x00, 0x08, 0x00, 0x08, 0x00, 0x08, 0x00, 
    0x08, 0x00, 0x08, 0x00, 0x08, 0x00, 0x08, 0x00, 0x08, 0x00, 0x08, 0x00, 0x08, 0x00, 0x08, 0x00, 
    0x08, 0x00, 0x08, 0x00, 0x08, 0x00, 0x08, 0x00, 0x08, 0x00, 0x08, 0x00, 0x08, 0x00, 0x08, 0x00, 
    0x08, 0x00, 0x08, 0x00, 0x08, 0x00, 0x08, 0x00, 0x08, 0x00, 0x08, 0x00, 0x08, 0x00, 0x08, 0x00, 
    0x08, 0x00, 0x08, 0x00, 0x08, 0x00, 0x08, 0x00, 0x08, 0x00, 0x08, 0x00, 0x08, 0x00, 0x08, 0x00, 
    0x08, 0x00, 0x08, 0x00, 0x08, 0x00, 0x08, 0x00, 0x08, 0x00, 0x08, 0x00, 0x08, 0x00, 0x08, 0x00, 
    0x08, 0x00, 0x08, 0x00, 0x08, 0x00, 0x08, 0x00, 0x08, 0x00, 0x08, 0x00, 0x08, 0x00, 0x08, 0x00, 
    0x08, 0x00, 0x08, 0x00, 0x08, 0x00, 0x08, 0x00, 0x08, 0x00, 0x08, 0x00, 0x08, 0x00, 0x08, 0x00, 
    0x08, 0x00, 0x08, 0x00, 0x08, 0x00, 0x08, 0x00, 0x08, 0x00, 0x08, 0x00, 0x08, 0x00, 0x08, 0x00, 
    0x08, 0x00, 0x08, 0x00, 0x08, 0x00, 0x08, 0x00, 0x08, 0x00, 0x08, 0x00, 0x08, 0x00, 0x08, 0x00, 
    0x08, 0x00, 0x08, 0x00, 0x08, 0x00, 0x08, 0x00, 0x08, 0x00, 0x08, 0x00, 0x08, 0x00, 0x08, 0x00, 
    0x08, 0x00, 0x08, 0x00, 0x08, 0x00, 0x08, 0x00, 0x08, 0x00, 0x08, 0x00, 0x08, 0x00, 0x08, 0x00, 
    0x08, 0x00, 0x08, 0x00, 0x08, 0x00, 0x08, 0x00, 0x08, 0x00, 0x08, 0x00, 0x08, 0x00, 0x08, 0x00, 
    0x08, 0x00, 0x08, 0x00, 0x08, 0x00, 0x18, 0x00, 0x18, 0x00, 0x18, 0x00, 0x08, 0x00, 0x08, 0x00, 
    0x08, 0x00, 0x08, 0x00, 0x08, 0x00, 0x08, 0x00, 0x08, 0x00, 0x08, 0x00, 0x08, 0x00, 0x18, 0x00, 
    0x18, 0x00, 0x18, 0x00, 0x08, 0x00, 0x18, 0x00, 0x2c, 0x00, 0x18, 0x00, 0x18, 0x00, 0x18, 0x00, 
    0x18, 0x00, 0x18, 0x00, 0x2c, 0x00, 0x28, 0x00, 0x1c, 0x00, 0x08, 0x00, 0x18, 0x00, 0x18, 0x00, 
    0x30, 0x00, 0x30, 0x00, 0x3c, 0x00, 0x58, 0x00, 0x6c, 0x00, 0x6c, 0x00, 0x80, 0x00, 0x80, 0x00, 
    0x7c, 0x00, 0x7c, 0x00, 0x78, 0x00, 0x7c, 0x00, 0x8c, 0x00, 0x7c, 0x00, 0x80, 0x00, 0x80, 0x00, 
    0x7c, 0x00, 0x74, 0x00, 0x90, 0x00, 0x68, 0x00, 0x6c, 0x00, 0x58, 0x00, 0x5c, 0x00, 0x70, 0x00, 
    0x70, 0x00, 0x68, 0x00, 0x70, 0x00, 0x74, 0x00, 0x6c, 0x00, 0x5c, 0x00, 0x58, 0x00, 0x58, 0x00, 
    0x58, 0x00, 0x5c, 0x00, 0x5c, 0x00, 0x68, 0x00, 0x6c, 0x00, 0x78, 0x00, 0x94, 0x00, 0x88, 0x00, 
    0x8c, 0x00, 0x88, 0x00, 0x84, 0x00, 0xac, 0x00, 0xa4, 0x00, 0xa0, 0x00, 0x94, 0x00, 0x98, 0x00, 
    0xb0, 0x00, 0x9c, 0x00, 0xa0, 0x00, 0x94, 0x00, 0x98, 0x00, 0xac, 0x00, 0xb8, 0x00, 0xb4, 0x00, 
    0xb8, 0x00, 0xa0, 0x00, 0x8c, 0x00, 0xb0, 0x00, 0xb4, 0x00, 0x9c, 0x00, 0xb8, 0x00, 0xa8, 0x00, 
    0xb0, 0x00, 0xa0, 0x00, 0xd4, 0x00, 0xd0, 0x00, 0xc8, 0x00, 0xb4, 0x00, 0xb4, 0x00, 0xbc, 0x00, 
    0xd0, 0x00, 0xd8, 0x00, 0xd8, 0x00, 0xd8, 0x00, 0xc8, 0x00, 0xc8, 0x00, 0xdc, 0x00, 0xe4, 0x00, 
    0xe4, 0x00, 0xdc, 0x00, 0xd8, 0x00, 0xec, 0x00, 0xe8, 0x00, 0xfc, 0x00, 0xe0, 0x00, 0xec, 0x00, 
    0xec, 0x00, 0xf8, 0x00, 0xfc, 0x00, 0xf4, 0x00, 0xd8, 0x00, 0xd8, 0x00, 0x08, 0x01, 0x08, 0x01, 
    0x04, 0x01, 0xf4, 0x00, 0xf4, 0x00, 0x04, 0x01, 0x14, 0x01, 0x14, 0x01, 0x08, 0x01, 0x0c, 0x01, 
    0x04, 0x01, 0x18, 0x01, 0x10, 0x01, 0x24, 0x01, 0x14, 0x01, 0x04, 0x01, 0x18, 0x01, 0x24, 0x01, 
    0x18, 0x01, 0x18, 0x01, 0x1c, 0x01, 0x0c, 0x01, 0x10, 0x01, 0x08, 0x01, 0x18, 0x01, 0x18, 0x01, 
    0x1c, 0x01, 0x20, 0x01, 0x34, 0x01, 0x44, 0x01, 0x50, 0x01, 0x5c, 0x01, 0x5c, 0x01, 0x50, 0x01, 
    0x40, 0x01, 0x4c, 0x01, 0x44, 0x01, 0x3c, 0x01, 0x58, 0x01, 0x54, 0x01, 0x54, 0x01, 0x50, 0x01, 
    0x38, 0x01, 0x40, 0x01, 0x54, 0x01, 0x58, 0x01, 0x4c, 0x01, 0x44, 0x01, 0x44, 0x01, 0x40, 0x01, 
    0x50, 0x01, 0x48, 0x01, 0x48, 0x01, 0x3c, 0x01, 0x30, 0x01, 0x34, 0x01, 0x38, 0x01, 0x40, 0x01, 
    0x50, 0x01, 0x4c, 0x01, 0x40, 0x01, 0x38, 0x01, 0x38, 0x01, 0x38, 0x01, 0x30, 0x01, 0x3c, 0x01, 
    0x40, 0x01, 0x3c, 0x01, 0x2c, 0x01, 0x2c, 0x01, 0x30, 0x01, 0x34, 0x01, 0x2c, 0x01, 0x30, 0x01, 
    0x2c, 0x01, 0x30, 0x01, 0x2c, 0x01, 0x28, 0x01, 0x40, 0x01, 0x40, 0x01, 0x3c, 0x01, 0x34, 0x01, 
    0x38, 0x01, 0x38, 0x01, 0x34, 0x01, 0x34, 0x01, 0x1c, 0x01, 0x20, 0x01, 0x1c, 0x01, 0x34, 0x01, 
    0x38, 0x01, 0x30, 0x01, 0x2c, 0x01, 0x3c, 0x01, 0x40, 0x01, 0x50, 0x01, 0x40, 0x01, 0x40, 0x01, 
    0x34, 0x01, 0x48, 0x01, 0x34, 0x01, 0x38, 0x01, 0x38, 0x01, 0x38, 0x01, 0x3c, 0x01, 0x40, 0x01, 
    0x44, 0x01, 0x44, 0x01, 0x40, 0x01, 0x44, 0x01, 0x44, 0x01, 0x54, 0x01, 0x50, 0x01, 0x50, 0x01, 
    0x48, 0x01, 0x4c, 0x01, 0x58, 0x01, 0x48, 0x01, 0x24, 0x01, 0x28, 0x01, 0x28, 0x01, 0x20, 0x01, 
    0x20, 0x01, 0x1c, 0x01, 0x14, 0x01, 0x1c, 0x01, 0x28, 0x01, 0x28, 0x01, 0x2c, 0x01, 0x30, 0x01, 
    0x30, 0x01, 0x34, 0x01, 0x30, 0x01, 0x34, 0x01, 0x30, 0x01, 0x38, 0x01, 0x38, 0x01, 0x44, 0x01, 
    0x44, 0x01, 0x48, 0x01, 0x3c, 0x01, 0x3c, 0x01, 0x48, 0x01, 0x44, 0x01, 0x54, 0x01, 0x54, 0x01, 
    0x4c, 0x01, 0x44, 0x01, 0x44, 0x01, 0x30, 0x01, 0x3c, 0x01, 0x3c, 0x01, 0x44, 0x01, 0x3c, 0x01, 
    0x48, 0x01, 0x44, 0x01, 0x50, 0x01, 0x50, 0x01, 0x50, 0x01, 0x50, 0x01, 0x4c, 0x01, 0x44, 0x01, 
    0x3c, 0x01, 0x3c, 0x01, 0x44, 0x01, 0x3c, 0x01, 0x3c, 0x01, 0x4c, 0x01, 0x48, 0x01, 0x44, 0x01, 
    0x38, 0x01, 0x3c, 0x01, 0x28, 0x01, 0x20, 0x01, 0x24, 0x01, 0x20, 0x01, 0x10, 0x01, 0x20, 0x01, 
    0x1c, 0x01, 0x1c, 0x01, 0x38, 0x01, 0x34, 0x01, 0x28, 0x01, 0x18, 0x01, 0x14, 0x01, 0x18, 0x01, 
    0x28, 0x01, 0x38, 0x01, 0x38, 0x01, 0x20, 0x01, 0x20, 0x01, 0x24, 0x01, 0x3c, 0x01, 0x40, 0x01, 
    0x44, 0x01, 0x5c, 0x01, 0x48, 0x01, 0x50, 0x01, 0x3c, 0x01, 0x3c, 0x01, 0x40, 0x01, 0x4c, 0x01, 
    0x40, 0x01, 0x40, 0x01, 0x3c, 0x01, 0x54, 0x01, 0x54, 0x01, 0x54, 0x01, 0x38, 0x01, 0x38, 0x01, 
    0x3c, 0x01, 0x48, 0x01, 0x38, 0x01, 0x2c, 0x01, 0x38, 0x01, 0x38, 0x01, 0x30, 0x01, 0x34, 0x01, 
    0x38, 0x01, 0x38, 0x01, 0x34, 0x01, 0x28, 0x01, 0x28, 0x01, 0x28, 0x01, 0x34, 0x01, 0x44, 0x01, 
    0x3c, 0x01, 0x28, 0x01, 0x0c, 0x01, 0x1c, 0x01, 0x28, 0x01, 0x24, 0x01, 0x10, 0x01, 0x14, 0x01, 
    0x18, 0x01, 0x10, 0x01, 0x18, 0x01, 0x1c, 0x01, 0x18, 0x01, 0x18, 0x01, 0x2c, 0x01, 0x30, 0x01, 
    0x30, 0x01, 0x18, 0x01, 0x0c, 0x01, 0x08, 0x01, 0x10, 0x01, 0x1c, 0x01, 0x0c, 0x01, 0x04, 0x01, 
    0xfc, 0x00, 0xf4, 0x00, 0xf4, 0x00, 0xf8, 0x00, 0xf8, 0x00, 0xf4, 0x00, 0xf4, 0x00, 0x10, 0x01, 
    0x14, 0x01, 0x0c, 0x01, 0x00, 0x01, 0x00, 0x01, 0x00, 0x01, 0x08, 0x01, 0x0c, 0x01, 0x20, 0x01, 
    0x28, 0x01, 0x30, 0x01, 0x14, 0x01, 0x18, 0x01, 0x18, 0x01, 0x1c, 0x01, 0x2c, 0x01, 0x24, 0x01, 
    0x2c, 0x01, 0x3c, 0x01, 0x34, 0x01, 0x30, 0x01, 0x20, 0x01, 0x20, 0x01, 0x20, 0x01, 0x1c, 0x01, 
    0x14, 0x01, 0x1c, 0x01, 0x10, 0x01, 0x18, 0x01, 0x14, 0x01, 0x24, 0x01, 0x1c, 0x01, 0x2c, 0x01, 
    0xf0, 0x00, 0x10, 0x01, 0x08, 0x01, 0x0c, 0x01, 0xf8, 0x00, 0xf0, 0x00, 0x04, 0x01, 0xf8, 0x00, 
    0xec, 0x00, 0xd8, 0x00, 0xf0, 0x00, 0x04, 0x01, 0xfc, 0x00, 0x04, 0x01, 0x1c, 0x01, 0x18, 0x01, 
    0x04, 0x01, 0x20, 0x01, 0x04, 0x01, 0x14, 0x01, 0x0c, 0x01, 0x28, 0x01, 0x04, 0x01, 0x04, 0x01, 
    0x14, 0x01, 0x10, 0x01, 0x10, 0x01, 0x1c, 0x01, 0x30, 0x01, 0x2c, 0x01, 0x4c, 0x01, 0x44, 0x01, 
    0x30, 0x01, 0x38, 0x01, 0x44, 0x01, 0x14, 0x01, 0x20, 0x01, 0x14, 0x01, 0x18, 0x01, 0x14, 0x01, 
    0x00, 0x01, 0x14, 0x01, 0xfc, 0x00, 0xfc, 0x00, 0x10, 0x01, 0x04, 0x01, 0x00, 0x01, 0x04, 0x01, 
    0x0c, 0x01, 0x08, 0x01, 0x14, 0x01, 0xf8, 0x00, 0xfc, 0x00, 0xf4, 0x00, 0xfc, 0x00, 0xf8, 0x00, 
    0xf8, 0x00, 0x08, 0x01, 0x14, 0x01, 0x04, 0x01, 0xec, 0x00, 0xf8, 0x00, 0xec, 0x00, 0xfc, 0x00, 
    0xf0, 0x00, 0xf8, 0x00, 0x08, 0x01, 0x00, 0x01, 0xfc, 0x00, 0xfc, 0x00, 0x04, 0x01, 0x10, 0x01, 
    0x14, 0x01, 0x04, 0x01, 0x14, 0x01, 0x08, 0x01, 0xfc, 0x00, 0xfc, 0x00, 0xe4, 0x00, 0xe8, 0x00, 
    0xe4, 0x00, 0xe0, 0x00, 0xec, 0x00, 0xfc, 0x00, 0x00, 0x01, 0x04, 0x01, 0x04, 0x01, 0x00, 0x01, 
    0x10, 0x01, 0x10, 0x01, 0x3c, 0x01, 0x28, 0x01, 0xf4, 0x00, 0x0c, 0x01, 0x0c, 0x01, 0x04, 0x01, 
    0x0c, 0x01, 0x18, 0x01, 0x00, 0x01, 0x04, 0x01, 0xf4, 0x00, 0xfc, 0x00, 0xd8, 0x00, 0xf8, 0x00, 
    0xd8, 0x00, 0xe0, 0x00, 0xe0, 0x00, 0xd0, 0x00, 0xb4, 0x00, 0xb8, 0x00, 0xb0, 0x00, 0xac, 0x00, 
    0x9c, 0x00, 0xc0, 0x00, 0xbc, 0x00, 0xbc, 0x00, 0xc4, 0x00, 0xb8, 0x00, 0xc4, 0x00, 0xc4, 0x00, 
    0xd0, 0x00, 0xb0, 0x00, 0xe0, 0x00, 0xe4, 0x00, 0xd4, 0x00, 0xcc, 0x00, 0xa0, 0x00, 0x9c, 0x00, 
    0xb4, 0x00, 0xc0, 0x00, 0xa8, 0x00, 0xdc, 0x00, 0xc0, 0x00, 0xc4, 0x00, 0x94, 0x00, 0xa8, 0x00, 
    0x94, 0x00, 0x88, 0x00, 0x8c, 0x00, 0x8c, 0x00, 0x74, 0x00, 0x6c, 0x00, 0x58, 0x00, 0x74, 0x00, 
    0x6c, 0x00, 0x60, 0x00, 0x48, 0x00, 0x48, 0x00, 0x2c, 0x00, 0x18, 0x00, 0x18, 0x00, 0x28, 0x00, 
    0x28, 0x00, 0x28, 0x00, 0x1c, 0x00, 0x18, 0x00, 0x18, 0x00, 0x1c, 0x00, 0x1c, 0x00, 0x1c, 0x00, 
    0x20, 0x00, 0x38, 0x00, 0x38, 0x00, 0x34, 0x00, 0x38, 0x00, 0x3c, 0x00, 0x3c, 0x00, 0x38, 0x00, 
    0x38, 0x00, 0x34, 0x00, 0x30, 0x00, 0x30, 0x00, 0x24, 0x00, 0x20, 0x00, 0x08, 0x00, 0x08, 0x00, 
    0x08, 0x00, 0x08, 0x00, 0x08, 0x00, 0x08, 0x00, 0x08, 0x00, 0x08, 0x00, 0x08, 0x00, 0x08, 0x00, 
    0x08, 0x00, 0x08, 0x00, 0x08, 0x00, 0x08, 0x00, 0x08, 0x00, 0x08, 0x00, 0x08, 0x00, 0x08, 0x00, 
    0x08, 0x00, 0x08, 0x00, 0x08, 0x00, 0x08, 0x00, 0x08, 0x00, 0x08, 0x00, 0x08, 0x00, 0x08, 0x00, 
    0x08, 0x00, 0x08, 0x00, 0x08, 0x00, 0x08, 0x00, 0x08, 0x00, 0x08, 0x00, 0x08, 0x00, 0x08, 0x00, 
    0x08, 0x00, 0x08, 0x00, 0x08, 0x00, 0x08, 0x00, 0x08, 0x00, 0x08, 0x00, 0x08, 0x00, 0x08, 0x00, 
    0x08, 0x00, 0x08, 0x00, 0x08, 0x00, 0x08, 0x00, 0x08, 0x00, 0x08, 0x00, 0x08, 0x00, 0x08, 0x00, 
    0x08, 0x00, 0x08, 0x00, 0x08, 0x00, 0x08, 0x00, 0x08, 0x00, 0x08, 0x00, 0x08, 0x00, 0x08, 0x00, 
    0x08, 0x00, 0x08, 0x00, 0x08, 0x00, 0x08, 0x00, 0x08, 0x00, 0x08, 0x00, 0x08, 0x00, 0x08, 0x00, 
    0x08, 0x00, 0x08, 0x00, 0x08, 0x00, 0x08, 0x00, 0x08, 0x00, 0x08, 0x00, 0x08, 0x00, 0x08, 0x00, 
    0x08, 0x00, 0x08, 0x00, 0x08, 0x00, 0x08, 0x00, 0x08, 0x00, 0x08, 0x00, 0x08, 0x00, 0x08, 0x00, 
    0x08, 0x00, 0x08, 0x00, 0x08, 0x00, 0x08, 0x00, 0x08, 0x00, 0x08, 0x00, 0x08, 0x00, 0x08, 0x00, 
    0x08, 0x00, 0x08, 0x00, 0x08, 0x00, 0x08, 0x00, 0x08, 0x00, 0x08, 0x00, 0x08, 0x00, 0x08, 0x00, 
    0x08, 0x00, 0x08, 0x00, 0x08, 0x00, 0x08, 0x00, 0x08, 0x00, 0x08, 0x00, 0x08, 0x00, 0x08, 0x00, 
    0x08, 0x00, 0x08, 0x00, 0x08, 0x00, 0x08, 0x00, 0x08, 0x00, 0x08, 0x00, 0x08, 0x00, 0x08, 0x00, 
    0x08, 0x00, 0x08, 0x00, 0x08, 0x00, 0x08, 0x00, 0x08, 0x00, 0x08, 0x00, 0x08, 0x00, 0x08, 0x00, 
    0x08, 0x00, 0x08, 0x00, 0x08, 0x00, 0x08, 0x00, 0x08, 0x00, 0x08, 0x00, 0x08, 0x00, 0x08, 0x00, 
    0x08, 0x00, 0x08, 0x00, 0x08, 0x00, 0x08, 0x00, 0x08, 0x00, 0x08, 0x00, 0x08, 0x00, 0x08, 0x00, 
    0x08, 0x00, 0x08, 0x00, 0x08, 0x00, 0x08, 0x00, 0x08, 0x00, 0x08, 0x00, 0x08, 0x00, 0x08, 0x00, 
    0x08, 0x00, 0x08, 0x00, 0x08, 0x00, 0x08, 0x00, 0x08, 0x00, 0x08, 0x00, 0x08, 0x00, 0x08, 0x00, 
    0x08, 0x00, 0x08, 0x00, 0x08, 0x00, 0x08, 0x00, 0x08, 0x00, 0x08, 0x00, 0x08, 0x00, 0x08, 0x00, 
    0x08, 0x00, 0x08, 0x00, 0x08, 0x00, 0x08, 0x00, 0x08, 0x00, 0x08, 0x00, 0x08, 0x00, 0x08, 0x00, 
    0x08, 0x00, 0x08, 0x00, 0x08, 0x00, 0x08, 0x00, 0x08, 0x00, 0x08, 0x00, 0x08, 0x00, 0x08, 0x00, 
    0x08, 0x00, 0x08, 0x00, 0x08, 0x00, 0x08, 0x00, 0x08, 0x00, 0x08, 0x00, 0x08, 0x00, 0x08, 0x00, 
    0x08, 0x00, 0x08, 0x00, 0x08, 0x00, 0x08, 0x00, 0x08, 0x00, 0x08, 0x00, 0x08, 0x00, 0x08, 0x00, 
    0x08, 0x00, 0x08, 0x00, 0x08, 0x00, 0x08, 0x00, 0x08, 0x00, 0x08, 0x00, 0x08, 0x00, 0x08, 0x00, 
    0x08, 0x00, 0x08, 0x00, 0x08, 0x00, 0x08, 0x00, 0x08, 0x00, 0x08, 0x00, 0x08, 0x00, 0x08, 0x00, 
    0x08, 0x00, 0x08, 0x00, 0x08, 0x00, 0x08, 0x00, 0x08, 0x00, 0x08, 0x00, 0x18, 0x00, 0x1c, 0x00, 
    0x18, 0x00, 0x08, 0x00, 0x18, 0x00, 0x28, 0x00, 0x3c, 0x00, 0x2c, 0x00, 0x48, 0x00, 0x30, 0x00, 
    0x50, 0x00, 0x60, 0x00, 0x64, 0x00, 0x4c, 0x00, 0x50, 0x00, 0x50, 0x00, 0x6c, 0x00, 0x68, 0x00, 
    0x48, 0x00, 0x50, 0x00, 0x44, 0x00, 0x50, 0x00, 0x54, 0x00, 0x4c, 0x00, 0x3c, 0x00, 0x48, 0x00, 
    0x48, 0x00, 0x50, 0x00, 0x50, 0x00, 0x58, 0x00, 0x6c, 0x00, 0x68, 0x00, 0x60, 0x00, 0x94, 0x00, 
    0x80, 0x00, 0xa4, 0x00, 0xb8, 0x00, 0xc4, 0x00, 0xa8, 0x00, 0x94, 0x00, 0x90, 0x00, 0xa4, 0x00, 
    0xa4, 0x00, 0x94, 0x00, 0x8c, 0x00, 0x90, 0x00, 0x8c, 0x00, 0x88, 0x00, 0x90, 0x00, 0x8c, 0x00, 
    0x8c, 0x00, 0x70, 0x00, 0x94, 0x00, 0x88, 0x00, 0x84, 0x00, 0x60, 0x00, 0x60, 0x00, 0x5c, 0x00, 
    0x70, 0x00, 0x78, 0x00, 0x6c, 0x00, 0x7c, 0x00, 0x8c, 0x00, 0x8c, 0x00, 0x94, 0x00, 0xb0, 0x00, 
    0xc8, 0x00, 0xc4, 0x00, 0xc4, 0x00, 0xb0, 0x00, 0xc0, 0x00, 0xcc, 0x00, 0xc4, 0x00, 0xac, 0x00, 
    0xb4, 0x00, 0xa8, 0x00, 0xa8, 0x00, 0xac, 0x00, 0xb0, 0x00, 0xac, 0x00, 0xa4, 0x00, 0xac, 0x00, 
    0xa8, 0x00, 0xb0, 0x00, 0xa4, 0x00, 0xac, 0x00, 0xc4, 0x00, 0xc4, 0x00, 0xb0, 0x00, 0xb0, 0x00, 
    0xc0, 0x00, 0xc0, 0x00, 0xd8, 0x00, 0xe4, 0x00, 0xf0, 0x00, 0xe0, 0x00, 0xcc, 0x00, 0xc4, 0x00, 
    0xb8, 0x00, 0xbc, 0x00, 0xb4, 0x00, 0xb4, 0x00, 0xc8, 0x00, 0xd0, 0x00, 0xcc, 0x00, 0xcc, 0x00, 
    0xb8, 0x00, 0xb4, 0x00, 0xb4, 0x00, 0xbc, 0x00, 0xd0, 0x00, 0xcc, 0x00, 0xc8, 0x00, 0xb4, 0x00, 
    0xac, 0x00, 0xb0, 0x00, 0xb4, 0x00, 0xb4, 0x00, 0xb0, 0x00, 0xa8, 0x00, 0xa8, 0x00, 0xc8, 0x00, 
    0xbc, 0x00, 0xd0, 0x00, 0xe8, 0x00, 0xe4, 0x00, 0xd4, 0x00, 0xc4, 0x00, 0xcc, 0x00, 0xcc, 0x00, 
    0xcc, 0x00, 0xdc, 0x00, 0xdc, 0x00, 0xe8, 0x00, 0xfc, 0x00, 0x04, 0x01, 0xf0, 0x00, 0xf8, 0x00, 
    0x08, 0x01, 0x10, 0x01, 0x40, 0x01, 0x48, 0x01, 0x48, 0x01, 0x30, 0x01, 0x18, 0x01, 0x2c, 0x01, 
    0x2c, 0x01, 0x3c, 0x01, 0x40, 0x01, 0x38, 0x01, 0x5c, 0x01, 0x4c, 0x01, 0x54, 0x01, 0x4c, 0x01, 
    0x44, 0x01, 0x48, 0x01, 0x64, 0x01, 0x64, 0x01, 0x60, 0x01, 0x58, 0x01, 0x50, 0x01, 0x58, 0x01, 
    0x58, 0x01, 0x54, 0x01, 0x48, 0x01, 0x40, 0x01, 0x24, 0x01, 0x24, 0x01, 0x44, 0x01, 0x34, 0x01, 
    0x3c, 0x01, 0x38, 0x01, 0x3c, 0x01, 0x30, 0x01, 0x38, 0x01, 0x2c, 0x01, 0x28, 0x01, 0x3c, 0x01, 
    0x2c, 0x01, 0x2c, 0x01, 0x30, 0x01, 0x30, 0x01, 0x1c, 0x01, 0x24, 0x01, 0x20, 0x01, 0x24, 0x01, 
    0x2c, 0x01, 0x2c, 0x01, 0x34, 0x01, 0x44, 0x01, 0x5c, 0x01, 0x54, 0x01, 0x30, 0x01, 0x30, 0x01, 
    0x2c, 0x01, 0x38, 0x01, 0x38, 0x01, 0x38, 0x01, 0x28, 0x01, 0x38, 0x01, 0x10, 0x01, 0x10, 0x01, 
    0x0c, 0x01, 0x14, 0x01, 0x10, 0x01, 0x04, 0x01, 0x08, 0x01, 0x18, 0x01, 0x10, 0x01, 0x1c, 0x01, 
    0x1c, 0x01, 0x1c, 0x01, 0x20, 0x01, 0x14, 0x01, 0x24, 0x01, 0x20, 0x01, 0x18, 0x01, 0x18, 0x01, 
    0x1c, 0x01, 0x00, 0x01, 0x18, 0x01, 0x1c, 0x01, 0x14, 0x01, 0x24, 0x01, 0x24, 0x01, 0x24, 0x01, 
    0x10, 0x01, 0x14, 0x01, 0x08, 0x01, 0x14, 0x01, 0x20, 0x01, 0x20, 0x01, 0x14, 0x01, 0x0c, 0x01, 
    0x1c, 0x01, 0x14, 0x01, 0x0c, 0x01, 0xfc, 0x00, 0xfc, 0x00, 0xfc, 0x00, 0xf8, 0x00, 0xec, 0x00, 
    0xe4, 0x00, 0xd4, 0x00, 0xf8, 0x00, 0x00, 0x01, 0x08, 0x01, 0x08, 0x01, 0x00, 0x01, 0xfc, 0x00, 
    0x08, 0x01, 0xfc, 0x00, 0x24, 0x01, 0x20, 0x01, 0x18, 0x01, 0x18, 0x01, 0x38, 0x01, 0x28, 0x01, 
    0x3c, 0x01, 0x40, 0x01, 0x54, 0x01, 0x30, 0x01, 0x44, 0x01, 0x34, 0x01, 0x4c, 0x01, 0x54, 0x01, 
    0x48, 0x01, 0x48, 0x01, 0x40, 0x01, 0x50, 0x01, 0x48, 0x01, 0x50, 0x01, 0x40, 0x01, 0x40, 0x01, 
    0x40, 0x01, 0x3c, 0x01, 0x38, 0x01, 0x30, 0x01, 0x30, 0x01, 0x34, 0x01, 0x44, 0x01, 0x48, 0x01, 
    0x44, 0x01, 0x44, 0x01, 0x44, 0x01, 0x44, 0x01, 0x44, 0x01, 0x4c, 0x01, 0x64, 0x01, 0x54, 0x01, 
    0x50, 0x01, 0x40, 0x01, 0x38, 0x01, 0x3c, 0x01, 0x40, 0x01, 0x3c, 0x01, 0x3c, 0x01, 0x38, 0x01, 
    0x24, 0x01, 0x38, 0x01, 0x38, 0x01, 0x40, 0x01, 0x40, 0x01, 0x40, 0x01, 0x44, 0x01, 0x40, 0x01, 
    0x2c, 0x01, 0x30, 0x01, 0x24, 0x01, 0x24, 0x01, 0x38, 0x01, 0x40, 0x01, 0x38, 0x01, 0x2c, 0x01, 
    0x24, 0x01, 0x2c, 0x01, 0x30, 0x01, 0x38, 0x01, 0x38, 0x01, 0x34, 0x01, 0x58, 0x01, 0x40, 0x01, 
    0x40, 0x01, 0x3c, 0x01, 0x3c, 0x01, 0x4c, 0x01, 0x5c, 0x01, 0x60, 0x01, 0x5c, 0x01, 0x54, 0x01, 
    0x44, 0x01, 0x4c, 0x01, 0x4c, 0x01, 0x64, 0x01, 0x78, 0x01, 0x78, 0x01, 0x70, 0x01, 0x74, 0x01, 
    0x68, 0x01, 0x84, 0x01, 0x84, 0x01, 0x84, 0x01, 0x94, 0x01, 0x84, 0x01, 0x80, 0x01, 0x7c, 0x01, 
    0x70, 0x01, 0x64, 0x01, 0x64, 0x01, 0x60, 0x01, 0x58, 0x01, 0x54, 0x01, 0x64, 0x01, 0x60, 0x01, 
    0x58, 0x01, 0x44, 0x01, 0x4c, 0x01, 0x50, 0x01, 0x68, 0x01, 0x60, 0x01, 0x60, 0x01, 0x4c, 0x01, 
    0x4c, 0x01, 0x50, 0x01, 0x5c, 0x01, 0x64, 0x01, 0x5c, 0x01, 0x64, 0x01, 0x68, 0x01, 0x70, 0x01, 
    0x74, 0x01, 0x84, 0x01, 0x8c, 0x01, 0x88, 0x01, 0x78, 0x01, 0x70, 0x01, 0x8c, 0x01, 0x7c, 0x01, 
    0x78, 0x01, 0x78, 0x01, 0x74, 0x01, 0x74, 0x01, 0x64, 0x01, 0x5c, 0x01, 0x68, 0x01, 0x58, 0x01, 
    0x64, 0x01, 0x58, 0x01, 0x44, 0x01, 0x48, 0x01, 0x44, 0x01, 0x40, 0x01, 0x38, 0x01, 0x44, 0x01, 
    0x3c, 0x01, 0x44, 0x01, 0x38, 0x01, 0x2c, 0x01, 0x3c, 0x01, 0x28, 0x01, 0x20, 0x01, 0x24, 0x01, 
    0x1c, 0x01, 0x18, 0x01, 0x24, 0x01, 0x28, 0x01, 0x30, 0x01, 0x38, 0x01, 0x34, 0x01, 0x28, 0x01, 
    0x1c, 0x01, 0x24, 0x01, 0x28, 0x01, 0x24, 0x01, 0x18, 0x01, 0x20, 0x01, 0x3c, 0x01, 0x4c, 0x01, 
    0x38, 0x01, 0x34, 0x01, 0x48, 0x01, 0x3c, 0x01, 0x3c, 0x01, 0x1c, 0x01, 0x20, 0x01, 0x24, 0x01, 
    0x34, 0x01, 0x2c, 0x01, 0x14, 0x01, 0x2c, 0x01, 0x18, 0x01, 0x18, 0x01, 0x1c, 0x01, 0x1c, 0x01, 
    0x1c, 0x01, 0x0c, 0x01, 0x04, 0x01, 0x1c, 0x01, 0x40, 0x01, 0x28, 0x01, 0x40, 0x01, 0x44, 0x01, 
    0x70, 0x01, 0x5c, 0x01, 0x30, 0x01, 0x3c, 0x01, 0x30, 0x01, 0x30, 0x01, 0x2c, 0x01, 0x48, 0x01, 
    0x38, 0x01, 0x34, 0x01, 0x48, 0x01, 0x34, 0x01, 0x30, 0x01, 0x20, 0x01, 0x1c, 0x01, 0x24, 0x01, 
    0x10, 0x01, 0x14, 0x01, 0x00, 0x01, 0x04, 0x01, 0x00, 0x01, 0x04, 0x01, 0x08, 0x01, 0x0c, 0x01, 
    0xfc, 0x00, 0xec, 0x00, 0xf0, 0x00, 0xf0, 0x00, 0xf8, 0x00, 0xf8, 0x00, 0xf8, 0x00, 0x00, 0x01, 
    0xf8, 0x00, 0xf4, 0x00, 0x08, 0x01, 0x10, 0x01, 0x14, 0x01, 0x24, 0x01, 0x24, 0x01, 0x14, 0x01, 
    0x04, 0x01, 0x0c, 0x01, 0xf8, 0x00, 0xf8, 0x00, 0xe8, 0x00, 0xe0, 0x00, 0xe4, 0x00, 0xe0, 0x00, 
    0xec, 0x00, 0xe4, 0x00, 0xd8, 0x00, 0xe8, 0x00, 0xf0, 0x00, 0xcc, 0x00, 0xa8, 0x00, 0xa0, 0x00, 
    0x98, 0x00, 0x9c, 0x00, 0x98, 0x00, 0x9c, 0x00, 0x9c, 0x00, 0x8c, 0x00, 0x88, 0x00, 0x84, 0x00, 
    0x78, 0x00, 0x78, 0x00, 0x7c, 0x00, 0x7c, 0x00, 0x84, 0x00, 0x74, 0x00, 0x68, 0x00, 0x68, 0x00, 
    0x54, 0x00, 0x54, 0x00, 0x54, 0x00, 0x58, 0x00, 0x54, 0x00, 0x6c, 0x00, 0x64, 0x00, 0x6c, 0x00, 
    0x58, 0x00, 0x60, 0x00, 0x58, 0x00, 0x5c, 0x00, 0x60, 0x00, 0x60, 0x00, 0x60, 0x00, 0x5c, 0x00, 
    0x60, 0x00, 0x60, 0x00, 0x5c, 0x00, 0x70, 0x00, 0x88, 0x00, 0x9c, 0x00, 0x90, 0x00, 0x98, 0x00, 
    0xa4, 0x00, 0xa0, 0x00, 0xa8, 0x00, 0xa8, 0x00, 0xa4, 0x00, 0x8c, 0x00, 0xa8, 0x00, 0xb4, 0x00, 
    0xac, 0x00, 0xc0, 0x00, 0xb8, 0x00, 0xa4, 0x00, 0xc8, 0x00, 0xac, 0x00, 0xc8, 0x00, 0xa4, 0x00, 
    0xa0, 0x00, 0x80, 0x00, 0x88, 0x00, 0x78, 0x00, 0x68, 0x00, 0x78, 0x00, 0x44, 0x00, 0x40, 0x00, 
    0x20, 0x00, 0x18, 0x00, 0x08, 0x00, 0x08, 0x00, 0x08, 0x00, 0x08, 0x00, 0x08, 0x00, 0x08, 0x00, 
    0x08, 0x00, 0x08, 0x00, 0x08, 0x00, 0x08, 0x00, 0x08, 0x00, 0x08, 0x00, 0x08, 0x00, 0x08, 0x00, 
    0x08, 0x00, 0x08, 0x00, 0x08, 0x00, 0x08, 0x00, 0x08, 0x00, 0x08, 0x00, 0x08, 0x00, 0x08, 0x00, 
    0x08, 0x00, 0x08, 0x00, 0x08, 0x00, 0x08, 0x00, 0x08, 0x00, 0x08, 0x00, 0x08, 0x00, 0x08, 0x00, 
    0x08, 0x00, 0x08, 0x00, 0x08, 0x00, 0x08, 0x00, 0x08, 0x00, 0x08, 0x00, 0x08, 0x00, 0x08, 0x00, 
    0x08, 0x00, 0x08, 0x00, 0x08, 0x00, 0x08, 0x00, 0x08, 0x00, 0x08, 0x00, 0x08, 0x00, 0x08, 0x00, 
    0x08, 0x00, 0x08, 0x00, 0x08, 0x00, 0x08, 0x00, 0x08, 0x00, 0x08, 0x00, 0x08, 0x00, 0x08, 0x00, 
    0x08, 0x00, 0x08, 0x00, 0x08, 0x00, 0x08, 0x00, 0x08, 0x00, 0x08, 0x00, 0x08, 0x00, 0x08, 0x00, 
    0x08, 0x00, 0x08, 0x00, 0x08, 0x00, 0x08, 0x00, 0x08, 0x00, 0x08, 0x00, 0x08, 0x00, 0x08, 0x00, 
    0x08, 0x00, 0x08, 0x00, 0x08, 0x00, 0x08, 0x00, 0x08, 0x00, 0x08, 0x00, 0x08, 0x00, 0x08, 0x00, 
    0x08, 0x00, 0x08, 0x00, 0x08, 0x00, 0x08, 0x00, 0x08, 0x00, 0x08, 0x00, 0x08, 0x00, 0x08, 0x00, 
    0x08, 0x00, 0x08, 0x00, 0x08, 0x00, 0x08, 0x00, 0x08, 0x00, 0x08, 0x00, 0x08, 0x00, 0x08, 0x00, 
    0x08, 0x00, 0x08, 0x00, 0x08, 0x00, 0x08, 0x00, 0x08, 0x00, 0x08, 0x00, 0x08, 0x00, 0x08, 0x00, 
    0x08, 0x00, 0x08, 0x00, 0x08, 0x00, 0x08, 0x00, 0x08, 0x00, 0x08, 0x00, 0x08, 0x00, 0x08, 0x00, 
    0x08, 0x00, 0x08, 0x00, 0x08, 0x00, 0x08, 0x00, 0x08, 0x00, 0x08, 0x00, 0x08, 0x00, 0x08, 0x00, 
    0x08, 0x00, 0x08, 0x00, 0x08, 0x00, 0x08, 0x00, 0x08, 0x00, 0x08, 0x00, 0x08, 0x00, 0x08, 0x00, 
    0x08, 0x00, 0x08, 0x00, 0x08, 0x00, 0x08, 0x00, 0x08, 0x00, 0x08, 0x00, 0x08, 0x00, 0x08, 0x00, 
    0x08, 0x00, 0x08, 0x00, 0x08, 0x00, 0x08, 0x00, 0x08, 0x00, 0x08, 0x00, 0x08, 0x00, 0x08, 0x00, 
    0x08, 0x00, 0x08, 0x00, 0x08, 0x00, 0x08, 0x00, 0x08, 0x00, 0x08, 0x00, 0x08, 0x00, 0x08, 0x00, 
    0x08, 0x00, 0x08, 0x00, 0x08, 0x00, 0x08, 0x00, 0x08, 0x00, 0x08, 0x00, 0x08, 0x00, 0x08, 0x00, 
    0x08, 0x00, 0x08, 0x00, 0x08, 0x00, 0x08, 0x00, 0x08, 0x00, 0x08, 0x00, 0x08, 0x00, 0x08, 0x00, 
    0x08, 0x00, 0x08, 0x00, 0x08, 0x00, 0x08, 0x00, 0x08, 0x00, 0x08, 0x00, 0x08, 0x00, 0x08, 0x00, 
    0x08, 0x00, 0x08, 0x00, 0x08, 0x00, 0x08, 0x00, 0x08, 0x00, 0x08, 0x00, 0x08, 0x00, 0x08, 0x00, 
    0x08, 0x00, 0x08, 0x00, 0x08, 0x00, 0x08, 0x00, 0x08, 0x00, 0x08, 0x00, 0x08, 0x00, 0x08, 0x00, 
    0x08, 0x00, 0x08, 0x00, 0x08, 0x00, 0x08, 0x00, 0x08, 0x00, 0x08, 0x00, 0x08, 0x00, 0x08, 0x00, 
    0x08, 0x00, 0x08, 0x00, 0x08, 0x00, 0x08, 0x00, 0x08, 0x00, 0x08, 0x00, 0x08, 0x00, 0x08, 0x00, 
    0x08, 0x00, 0x08, 0x00, 0x08, 0x00, 0x08, 0x00, 0x08, 0x00, 0x08, 0x00, 0x08, 0x00, 0x08, 0x00, 
    0x08, 0x00, 0x08, 0x00, 0x08, 0x00, 0x08, 0x00, 0x08, 0x00, 0x08, 0x00, 0x08, 0x00, 0x08, 0x00, 
    0x08, 0x00, 0x08, 0x00, 0x08, 0x00, 0x08, 0x00, 0x08, 0x00, 0x08, 0x00, 0x08, 0x00, 0x08, 0x00, 
    0x08, 0x00, 0x08, 0x00, 0x08, 0x00, 0x08, 0x00, 0x18, 0x00, 0x1c, 0x00, 0x38, 0x00, 0x48, 0x00, 
    0x60, 0x00, 0x44, 0x00, 0x60, 0x00, 0x5c, 0x00, 0x60, 0x00, 0x60, 0x00, 0x54, 0x00, 0x60, 0x00, 
    0x58, 0x00, 0x5c, 0x00, 0x58, 0x00, 0x58, 0x00, 0x6c, 0x00, 0x7c, 0x00, 0x88, 0x00, 0x9c, 0x00, 
    0x90, 0x00, 0x98, 0x00, 0x88, 0x00, 0x88, 0x00, 0x88, 0x00, 0x88, 0x00, 0x98, 0x00, 0x98, 0x00, 
    0x8c, 0x00, 0x94, 0x00, 0xa4, 0x00, 0xa0, 0x00, 0x7c, 0x00, 0x80, 0x00, 0x78, 0x00, 0x7c, 0x00, 
    0x74, 0x00, 0x70, 0x00, 0xac, 0x00, 0xb8, 0x00, 0xa8, 0x00, 0x98, 0x00, 0xb8, 0x00, 0xd8, 0x00, 
    0xcc, 0x00, 0xd4, 0x00, 0xc4, 0x00, 0xbc, 0x00, 0xdc, 0x00, 0xdc, 0x00, 0xd0, 0x00, 0xbc, 0x00, 
    0xb8, 0x00, 0xc4, 0x00, 0xd4, 0x00, 0xe4, 0x00, 0x08, 0x01, 0x14, 0x01, 0xd8, 0x00, 0xe8, 0x00, 
    0x10, 0x01, 0x38, 0x01, 0x0c, 0x01, 0x20, 0x01, 0x1c, 0x01, 0x20, 0x01, 0x08, 0x01, 0x0c, 0x01, 
    0xf4, 0x00, 0xec, 0x00, 0xec, 0x00, 0xe8, 0x00, 0xec, 0x00, 0xe4, 0x00, 0x00, 0x01, 0xf8, 0x00, 
    0x08, 0x01, 0xf8, 0x00, 0x00, 0x01, 0x0c, 0x01, 0x18, 0x01, 0x10, 0x01, 0x04, 0x01, 0x14, 0x01, 
    0x38, 0x01, 0x2c, 0x01, 0x30, 0x01, 0x2c, 0x01, 0x38, 0x01, 0x3c, 0x01, 0x38, 0x01, 0x40, 0x01, 
    0x44, 0x01, 0x44, 0x01, 0x4c, 0x01, 0x44, 0x01, 0x4c, 0x01, 0x50, 0x01, 0x4c, 0x01, 0x50, 0x01, 
    0x44, 0x01, 0x28, 0x01, 0x20, 0x01, 0x18, 0x01, 0x20, 0x01, 0x34, 0x01, 0x3c, 0x01, 0x38, 0x01, 
    0x30, 0x01, 0x18, 0x01, 0x18, 0x01, 0x10, 0x01, 0x1c, 0x01, 0x1c, 0x01, 0x14, 0x01, 0x08, 0x01, 
    0x14, 0x01, 0x1c, 0x01, 0x0c, 0x01, 0x04, 0x01, 0x34, 0x01, 0x38, 0x01, 0x3c, 0x01, 0x30, 0x01, 
    0x3c, 0x01, 0x54, 0x01, 0x68, 0x01, 0x40, 0x01, 0x3c, 0x01, 0x38, 0x01, 0x40, 0x01, 0x44, 0x01, 
    0x50, 0x01, 0x5c, 0x01, 0x40, 0x01, 0x30, 0x01, 0x38, 0x01, 0x3c, 0x01, 0x28, 0x01, 0x28, 0x01, 
    0x38, 0x01, 0x3c, 0x01, 0x40, 0x01, 0x3c, 0x01, 0x34, 0x01, 0x3c, 0x01, 0x40, 0x01, 0x40, 0x01, 
    0x48, 0x01, 0x4c, 0x01, 0x58, 0x01, 0x48, 0x01, 0x54, 0x01, 0x68, 0x01, 0x64, 0x01, 0x58, 0x01, 
    0x58, 0x01, 0x60, 0x01, 0x60, 0x01, 0x60, 0x01, 0x64, 0x01, 0x5c, 0x01, 0x68, 0x01, 0x68, 0x01, 
    0x68, 0x01, 0x54, 0x01, 0x48, 0x01, 0x50, 0x01, 0x50, 0x01, 0x4c, 0x01, 0x60, 0x01, 0x64, 0x01, 
    0x64, 0x01, 0x54, 0x01, 0x54, 0x01, 0x54, 0x01, 0x54, 0x01, 0x50, 0x01, 0x54, 0x01, 0x40, 0x01, 
    0x5c, 0x01, 0x44, 0x01, 0x48, 0x01, 0x48, 0x01, 0x4c, 0x01, 0x48, 0x01, 0x44, 0x01, 0x44, 0x01, 
    0x48, 0x01, 0x54, 0x01, 0x40, 0x01, 0x40, 0x01, 0x4c, 0x01, 0x4c, 0x01, 0x54, 0x01, 0x5c, 0x01, 
    0x58, 0x01, 0x6c, 0x01, 0x74, 0x01, 0x58, 0x01, 0x74, 0x01, 0x6c, 0x01, 0x64, 0x01, 0x54, 0x01, 
    0x58, 0x01, 0x64, 0x01, 0x78, 0x01, 0x6c, 0x01, 0x64, 0x01, 0x64, 0x01, 0x4c, 0x01, 0x48, 0x01, 
    0x48, 0x01, 0x54, 0x01, 0x60, 0x01, 0x64, 0x01, 0x50, 0x01, 0x48, 0x01, 0x40, 0x01, 0x3c, 0x01, 
    0x48, 0x01, 0x40, 0x01, 0x44, 0x01, 0x40, 0x01, 0x50, 0x01, 0x40, 0x01, 0x3c, 0x01, 0x24, 0x01, 
    0x24, 0x01, 0x24, 0x01, 0x24, 0x01, 0x1c, 0x01, 0x18, 0x01, 0x1c, 0x01, 0x1c, 0x01, 0x14, 0x01, 
    0x10, 0x01, 0x0c, 0x01, 0x10, 0x01, 0x0c, 0x01, 0x08, 0x01, 0x04, 0x01, 0x08, 0x01, 0x10, 0x01, 
    0x18, 0x01, 0x08, 0x01, 0x14, 0x01, 0x10, 0x01, 0x1c, 0x01, 0x1c, 0x01, 0x0c, 0x01, 0x04, 0x01, 
    0x00, 0x01, 0x00, 0x01, 0xfc, 0x00, 0x0c, 0x01, 0x2c, 0x01, 0x28, 0x01, 0x04, 0x01, 0x14, 0x01, 
    0x08, 0x01, 0x08, 0x01, 0x0c, 0x01, 0x10, 0x01, 0x08, 0x01, 0xf8, 0x00, 0xf8, 0x00, 0xf4, 0x00, 
    0xf0, 0x00, 0xec, 0x00, 0xfc, 0x00, 0xfc, 0x00, 0xfc, 0x00, 0xf8, 0x00, 0xf4, 0x00, 0xf8, 0x00, 
    0xf8, 0x00, 0xf4, 0x00, 0xfc, 0x00, 0x10, 0x01, 0xf4, 0x00, 0x08, 0x01, 0x14, 0x01, 0x0c, 0x01, 
    0x14, 0x01, 0x00, 0x01, 0x04, 0x01, 0x28, 0x01, 0x14, 0x01, 0x1c, 0x01, 0xf8, 0x00, 0x00, 0x01, 
    0xe4, 0x00, 0xfc, 0x00, 0xf8, 0x00, 0x0c, 0x01, 0x00, 0x01, 0x20, 0x01, 0x2c, 0x01, 0x2c, 0x01, 
    0x4c, 0x01, 0x3c, 0x01, 0x34, 0x01, 0x24, 0x01, 0x28, 0x01, 0x28, 0x01, 0x4c, 0x01, 0x54, 0x01, 
    0x50, 0x01, 0x58, 0x01, 0x64, 0x01, 0x7c, 0x01, 0x88, 0x01, 0x90, 0x01, 0x5c, 0x01, 0x80, 0x01, 
    0x68, 0x01, 0x60, 0x01, 0x4c, 0x01, 0x38, 0x01, 0x3c, 0x01, 0x18, 0x01, 0x3c, 0x01, 0x1c, 0x01, 
    0x10, 0x01, 0x00, 0x01, 0xf8, 0x00, 0xfc, 0x00, 0xfc, 0x00, 0xf4, 0x00, 0xf4, 0x00, 0xf4, 0x00, 
    0xf8, 0x00, 0x10, 0x01, 0x04, 0x01, 0x10, 0x01, 0xf4, 0x00, 0xfc, 0x00, 0xf4, 0x00, 0xf0, 0x00, 
    0x14, 0x01, 0x1c, 0x01, 0x10, 0x01, 0xdc, 0x00, 0xec, 0x00, 0xd8, 0x00, 0xe4, 0x00, 0xe4, 0x00, 
    0xf4, 0x00, 0xf0, 0x00, 0xe8, 0x00, 0xec, 0x00, 0xe8, 0x00, 0xf0, 0x00, 0xec, 0x00, 0xec, 0x00, 
    0xe8, 0x00, 0xec, 0x00, 0x0c, 0x01, 0x18, 0x01, 0x20, 0x01, 0x24, 0x01, 0x08, 0x01, 0x04, 0x01, 
    0x04, 0x01, 0x04, 0x01, 0x04, 0x01, 0x00, 0x01, 0x00, 0x01, 0x04, 0x01, 0x00, 0x01, 0x00, 0x01, 
    0xfc, 0x00, 0x10, 0x01, 0x04, 0x01, 0x10, 0x01, 0x00, 0x01, 0xf4, 0x00, 0xec, 0x00, 0xec, 0x00, 
    0xf0, 0x00, 0xec, 0x00, 0xf8, 0x00, 0xf0, 0x00, 0xf0, 0x00, 0xf0, 0x00, 0xec, 0x00, 0xe8, 0x00, 
    0xf0, 0x00, 0xdc, 0x00, 0xf0, 0x00, 0xe8, 0x00, 0xf0, 0x00, 0xd4, 0x00, 0xdc, 0x00, 0xf4, 0x00, 
    0xe8, 0x00, 0xf4, 0x00, 0xe8, 0x00, 0x00, 0x01, 0x00, 0x01, 0x10, 0x01, 0x0c, 0x01, 0x0c, 0x01, 
    0xf8, 0x00, 0x04, 0x01, 0x10, 0x01, 0x04, 0x01, 0x10, 0x01, 0x10, 0x01, 0x10, 0x01, 0x10, 0x01, 
    0x30, 0x01, 0x44, 0x01, 0x20, 0x01, 0xfc, 0x00, 0xf8, 0x00, 0x10, 0x01, 0x0c, 0x01, 0x00, 0x01, 
    0x10, 0x01, 0x14, 0x01, 0x0c, 0x01, 0xfc, 0x00, 0xfc, 0x00, 0xfc, 0x00, 0x00, 0x01, 0xf4, 0x00, 
    0xf8, 0x00, 0xf8, 0x00, 0x00, 0x01, 0x04, 0x01, 0x1c, 0x01, 0x0c, 0x01, 0x04, 0x01, 0x0c, 0x01, 
    0x00, 0x01, 0x00, 0x01, 0x08, 0x01, 0x04, 0x01, 0x08, 0x01, 0x0c, 0x01, 0x04, 0x01, 0x18, 0x01, 
    0x1c, 0x01, 0x18, 0x01, 0x0c, 0x01, 0xfc, 0x00, 0x10, 0x01, 0x10, 0x01, 0x20, 0x01, 0x3c, 0x01, 
    0x40, 0x01, 0x24, 0x01, 0x1c, 0x01, 0x10, 0x01, 0x1c, 0x01, 0x20, 0x01, 0x24, 0x01, 0x24, 0x01, 
    0x2c, 0x01, 0x28, 0x01, 0x2c, 0x01, 0x2c, 0x01, 0x2c, 0x01, 0x30, 0x01, 0x48, 0x01, 0x5c, 0x01, 
    0x30, 0x01, 0x50, 0x01, 0x60, 0x01, 0x48, 0x01, 0x40, 0x01, 0x5c, 0x01, 0x50, 0x01, 0x5c, 0x01, 
    0x38, 0x01, 0x28, 0x01, 0x1c, 0x01, 0x18, 0x01, 0x30, 0x01, 0x28, 0x01, 0x38, 0x01, 0x18, 0x01, 
    0x28, 0x01, 0x40, 0x01, 0x04, 0x01, 0x14, 0x01, 0x10, 0x01, 0xf4, 0x00, 0xf4, 0x00, 0xcc, 0x00, 
    0xe4, 0x00, 0xe0, 0x00, 0xd0, 0x00, 0xdc, 0x00, 0xe0, 0x00, 0xd4, 0x00, 0xcc, 0x00, 0xd8, 0x00, 
    0xe4, 0x00, 0xec, 0x00, 0xec, 0x00, 0xe0, 0x00, 0xe0, 0x00, 0xbc, 0x00, 0xbc, 0x00, 0xb4, 0x00, 
    0xa8, 0x00, 0xb8, 0x00, 0xbc, 0x00, 0xb4, 0x00, 0xcc, 0x00, 0xc8, 0x00, 0xb4, 0x00, 0xa4, 0x00, 
    0x8c, 0x00, 0xb4, 0x00, 0xbc, 0x00, 0xbc, 0x00, 0xa4, 0x00, 0xa4, 0x00, 0xac, 0x00, 0x94, 0x00, 
    0xa0, 0x00, 0x74, 0x00, 0x90, 0x00, 0x80, 0x00, 0x84, 0x00, 0x88, 0x00, 0x90, 0x00, 0x8c, 0x00, 
    0x94, 0x00, 0x9c, 0x00, 0xa8, 0x00, 0xac, 0x00, 0xac, 0x00, 0xac, 0x00, 0xbc, 0x00, 0xb8, 0x00, 
    0xc0, 0x00, 0xc4, 0x00, 0xac, 0x00, 0xcc, 0x00, 0xcc, 0x00, 0xbc, 0x00, 0xa8, 0x00, 0xa8, 0x00, 
    0x98, 0x00, 0x84, 0x00, 0x98, 0x00, 0x90, 0x00, 0x68, 0x00, 0x78, 0x00, 0x84, 0x00, 0x8c, 0x00, 
    0x78, 0x00, 0x78, 0x00, 0x60, 0x00, 0x50, 0x00, 0x5c, 0x00, 0x34, 0x00, 0x38, 0x00, 0x38, 0x00, 
    0x40, 0x00, 0x30, 0x00, 0x2c, 0x00, 0x38, 0x00, 0x34, 0x00, 0x2c, 0x00, 0x34, 0x00, 0x34, 0x00, 
    0x34, 0x00, 0x30, 0x00, 0x30, 0x00, 0x2c, 0x00, 0x28, 0x00, 0x28, 0x00, 0x28, 0x00, 0x24, 0x00, 
    0x24, 0x00, 0x20, 0x00, 0x1c, 0x00, 0x08, 0x00, 0x08, 0x00, 0x08, 0x00, 0x08, 0x00, 0x08, 0x00, 
    0x08, 0x00, 0x08, 0x00, 0x08, 0x00, 0x08, 0x00, 0x08, 0x00, 0x08, 0x00, 0x08, 0x00, 0x08, 0x00, 
    0x08, 0x00, 0x08, 0x00, 0x08, 0x00, 0x08, 0x00, 0x08, 0x00, 0x08, 0x00, 0x08, 0x00, 0x08, 0x00, 
    0x08, 0x00, 0x08, 0x00, 0x08, 0x00, 0x08, 0x00, 0x08, 0x00, 0x08, 0x00, 0x08, 0x00, 0x08, 0x00, 
    0x08, 0x00, 0x08, 0x00, 0x08, 0x00, 0x08, 0x00, 0x08, 0x00, 0x08, 0x00, 0x08, 0x00, 0x08, 0x00, 
    0x08, 0x00, 0x08, 0x00, 0x08, 0x00, 0x08, 0x00, 0x08, 0x00, 0x08, 0x00, 0x08, 0x00, 0x08, 0x00, 
    0x08, 0x00, 0x08, 0x00, 0x08, 0x00, 0x08, 0x00, 0x08, 0x00, 0x08, 0x00, 0x08, 0x00, 0x08, 0x00, 
    0x08, 0x00, 0x08, 0x00, 0x08, 0x00, 0x08, 0x00, 0x08, 0x00, 0x08, 0x00, 0x08, 0x00, 0x08, 0x00, 
    0x08, 0x00, 0x08, 0x00, 0x08, 0x00, 0x08, 0x00, 0x08, 0x00, 0x08, 0x00, 0x08, 0x00, 0x08, 0x00, 
    0x08, 0x00, 0x08, 0x00, 0x08, 0x00, 0x08, 0x00, 0x08, 0x00, 0x08, 0x00, 0x08, 0x00, 0x08, 0x00, 
    0x08, 0x00, 0x08, 0x00, 0x08, 0x00, 0x08, 0x00, 0x08, 0x00, 0x08, 0x00, 0x08, 0x00, 0x08, 0x00, 
    0x08, 0x00, 0x08, 0x00, 0x08, 0x00, 0x08, 0x00, 0x08, 0x00, 0x08, 0x00, 0x08, 0x00, 0x08, 0x00, 
    0x08, 0x00, 0x08, 0x00, 0x08, 0x00, 0x08, 0x00, 0x08, 0x00, 0x08, 0x00, 0x08, 0x00, 0x08, 0x00, 
    0x08, 0x00, 0x08, 0x00, 0x08, 0x00, 0x08, 0x00, 0x08, 0x00, 0x08, 0x00, 0x08, 0x00, 0x08, 0x00, 
    0x08, 0x00, 0x08, 0x00, 0x08, 0x00, 0x08, 0x00, 0x08, 0x00, 0x08, 0x00, 0x08, 0x00, 0x08, 0x00, 
    0x08, 0x00, 0x08, 0x00, 0x08, 0x00, 0x08, 0x00, 0x08, 0x00, 0x08, 0x00, 0x08, 0x00, 0x08, 0x00, 
    0x08, 0x00, 0x08, 0x00, 0x08, 0x00, 0x08, 0x00, 0x08, 0x00, 0x08, 0x00, 0x08, 0x00, 0x08, 0x00, 
    0x08, 0x00, 0x08, 0x00, 0x08, 0x00, 0x08, 0x00, 0x08, 0x00, 0x08, 0x00, 0x08, 0x00, 0x08, 0x00, 
    0x08, 0x00, 0x08, 0x00, 0x08, 0x00, 0x08, 0x00, 0x08, 0x00, 0x08, 0x00, 0x08, 0x00, 0x08, 0x00, 
    0x08, 0x00, 0x08, 0x00, 0x08, 0x00, 0x08, 0x00, 0x08, 0x00, 0x08, 0x00, 0x08, 0x00, 0x08, 0x00, 
    0x08, 0x00, 0x08, 0x00, 0x08, 0x00, 0x08, 0x00, 0x08, 0x00, 0x08, 0x00, 0x08, 0x00, 0x08, 0x00, 
    0x08, 0x00, 0x08, 0x00, 0x08, 0x00, 0x08, 0x00, 0x08, 0x00, 0x08, 0x00, 0x08, 0x00, 0x08, 0x00, 
    0x08, 0x00, 0x08, 0x00, 0x08, 0x00, 0x08, 0x00, 0x08, 0x00, 0x08, 0x00, 0x08, 0x00, 0x08, 0x00, 
    0x08, 0x00, 0x08, 0x00, 0x08, 0x00, 0x08, 0x00, 0x08, 0x00, 0x08, 0x00, 0x08, 0x00, 0x08, 0x00, 
    0x08, 0x00, 0x08, 0x00, 0x08, 0x00, 0x08, 0x00, 0x08, 0x00, 0x08, 0x00, 0x08, 0x00, 0x08, 0x00, 
    0x08, 0x00, 0x08, 0x00, 0x08, 0x00, 0x08, 0x00, 0x08, 0x00, 0x08, 0x00, 0x08, 0x00, 0x08, 0x00, 
    0x08, 0x00, 0x08, 0x00, 0x08, 0x00, 0x08, 0x00, 0x08, 0x00, 0x08, 0x00, 0x08, 0x00, 0x08, 0x00, 
    0x18, 0x00, 0x1c, 0x00, 0x18, 0x00, 0x08, 0x00, 0x08, 0x00, 0x08, 0x00, 0x24, 0x00, 0x4c, 0x00, 
    0xa4, 0x00, 0xa8, 0x00, 0xbc, 0x00, 0xc0, 0x00, 0xb0, 0x00, 0xb0, 0x00, 0xb0, 0x00, 0x94, 0x00, 
    0x88, 0x00, 0x84, 0x00, 0x8c, 0x00, 0x94, 0x00, 0x98, 0x00, 0x90, 0x00, 0x9c, 0x00, 0x94, 0x00, 
    0x98, 0x00, 0xac, 0x00, 0xc4, 0x00, 0xd0, 0x00, 0xc4, 0x00, 0xbc, 0x00, 0xd8, 0x00, 0xcc, 0x00, 
    0xe4, 0x00, 0xec, 0x00, 0xec, 0x00, 0xf0, 0x00, 0xd0, 0x00, 0xc8, 0x00, 0xe0, 0x00, 0xe0, 0x00, 
    0xdc, 0x00, 0xd4, 0x00, 0xe4, 0x00, 0xe4, 0x00, 0xf0, 0x00, 0xf4, 0x00, 0xe8, 0x00, 0xfc, 0x00, 
    0x08, 0x01, 0x04, 0x01, 0x18, 0x01, 0x24, 0x01, 0x18, 0x01, 0x1c, 0x01, 0x10, 0x01, 0x20, 0x01, 
    0x0c, 0x01, 0x10, 0x01, 0x28, 0x01, 0x34, 0x01, 0x54, 0x01, 0x4c, 0x01, 0x48, 0x01, 0x4c, 0x01, 
    0x44, 0x01, 0x54, 0x01, 0x40, 0x01, 0x34, 0x01, 0x3c, 0x01, 0x38, 0x01, 0x38, 0x01, 0x44, 0x01, 
    0x48, 0x01, 0x48, 0x01, 0x40, 0x01, 0x34, 0x01, 0x2c, 0x01, 0x34, 0x01, 0x48, 0x01, 0x4c, 0x01, 
    0x44, 0x01, 0x2c, 0x01, 0x28, 0x01, 0x24, 0x01, 0x28, 0x01, 0x2c, 0x01, 0x2c, 0x01, 0x28, 0x01, 
    0x0c, 0x01, 0x20, 0x01, 0x1c, 0x01, 0x1c, 0x01, 0x20, 0x01, 0x1c, 0x01, 0x0c, 0x01, 0x20, 0x01, 
    0x24, 0x01, 0x20, 0x01, 0x14, 0x01, 0x18, 0x01, 0x18, 0x01, 0x20, 0x01, 0x1c, 0x01, 0x2c, 0x01, 
    0x34, 0x01, 0x28, 0x01, 0x28, 0x01, 0x28, 0x01, 0x2c, 0x01, 0x2c, 0x01, 0x28, 0x01, 0x20, 0x01, 
    0x24, 0x01, 0x38, 0x01, 0x28, 0x01, 0x2c, 0x01, 0x48, 0x01, 0x60, 0x01, 0x54, 0x01, 0x40, 0x01, 
    0x54, 0x01, 0x64, 0x01, 0x6c, 0x01, 0x5c, 0x01, 0x48, 0x01, 0x30, 0x01, 0x20, 0x01, 0x20, 0x01, 
    0x28, 0x01, 0x38, 0x01, 0x2c, 0x01, 0x34, 0x01, 0x30, 0x01, 0x40, 0x01, 0x3c, 0x01, 0x44, 0x01, 
    0x48, 0x01, 0x48, 0x01, 0x38, 0x01, 0x40, 0x01, 0x2c, 0x01, 0x2c, 0x01, 0x2c, 0x01, 0x30, 0x01, 
    0x24, 0x01, 0x1c, 0x01, 0x24, 0x01, 0x1c, 0x01, 0x34, 0x01, 0x28, 0x01, 0x50, 0x01, 0x60, 0x01, 
    0x44, 0x01, 0x44, 0x01, 0x40, 0x01, 0x3c, 0x01, 0x40, 0x01, 0x3c, 0x01, 0x38, 0x01, 0x44, 0x01, 
    0x48, 0x01, 0x3c, 0x01, 0x2c, 0x01, 0x14, 0x01, 0x24, 0x01, 0xfc, 0x00, 0x10, 0x01, 0xe0, 0x00, 
    0xe8, 0x00, 0xe4, 0x00, 0xec, 0x00, 0xe0, 0x00, 0xe4, 0x00, 0xcc, 0x00, 0xc4, 0x00, 0xbc, 0x00, 
    0xc0, 0x00, 0xc8, 0x00, 0xc0, 0x00, 0xd0, 0x00, 0xcc, 0x00, 0xd0, 0x00, 0xd0, 0x00, 0xc8, 0x00, 
    0xc4, 0x00, 0xd0, 0x00, 0xc0, 0x00, 0xb0, 0x00, 0xc0, 0x00, 0xdc, 0x00, 0xf0, 0x00, 0xec, 0x00, 
    0xcc, 0x00, 0xd4, 0x00, 0xb4, 0x00, 0xb8, 0x00, 0xcc, 0x00, 0xd0, 0x00, 0xc4, 0x00, 0xc4, 0x00, 
    0xbc, 0x00, 0xc0, 0x00, 0xc0, 0x00, 0xb8, 0x00, 0xb4, 0x00, 0xbc, 0x00, 0xbc, 0x00, 0xbc, 0x00, 
    0xbc, 0x00, 0xbc, 0x00, 0xc4, 0x00, 0xc0, 0x00, 0xb4, 0x00, 0xc8, 0x00, 0xd8, 0x00, 0xdc, 0x00, 
    0xcc, 0x00, 0xbc, 0x00, 0xa8, 0x00, 0xbc, 0x00, 0xc4, 0x00, 0xcc, 0x00, 0xdc, 0x00, 0xd0, 0x00, 
    0xd8, 0x00, 0xe0, 0x00, 0xe8, 0x00, 0xf0, 0x00, 0xec, 0x00, 0xfc, 0x00, 0xfc, 0x00, 0xf0, 0x00, 
    0x04, 0x01, 0x18, 0x01, 0x14, 0x01, 0x20, 0x01, 0x0c, 0x01, 0x1c, 0x01, 0x08, 0x01, 0xf4, 0x00, 
    0xf4, 0x00, 0xe8, 0x00, 0xf4, 0x00, 0xf8, 0x00, 0xf4, 0x00, 0xf8, 0x00, 0xf4, 0x00, 0xfc, 0x00, 
    0xec, 0x00, 0xf8, 0x00, 0x08, 0x01, 0x04, 0x01, 0xf0, 0x00, 0xfc, 0x00, 0x04, 0x01, 0x00, 0x01, 
    0xec, 0x00, 0xec, 0x00, 0xe4, 0x00, 0xd8, 0x00, 0xd4, 0x00, 0xdc, 0x00, 0xe0, 0x00, 0xec, 0x00, 
    0xf0, 0x00, 0xec, 0x00, 0xe0, 0x00, 0xdc, 0x00, 0xe4, 0x00, 0xf4, 0x00, 0xf4, 0x00, 0x00, 0x01, 
    0xf0, 0x00, 0xdc, 0x00, 0xe0, 0x00, 0xf0, 0x00, 0xf0, 0x00, 0xfc, 0x00, 0x00, 0x01, 0x04, 0x01, 
    0xfc, 0x00, 0x0c, 0x01, 0xfc, 0x00, 0xe4, 0x00, 0xec, 0x00, 0xf0, 0x00, 0xe4, 0x00, 0xe8, 0x00, 
    0xdc, 0x00, 0xf0, 0x00, 0xf4, 0x00, 0xf0, 0x00, 0xf0, 0x00, 0xf0, 0x00, 0xe8, 0x00, 0xfc, 0x00, 
    0x00, 0x01, 0x0c, 0x01, 0xe8, 0x00, 0xf8, 0x00, 0x08, 0x01, 0x00, 0x01, 0xc0, 0x00, 0xb8, 0x00, 
    0xc4, 0x00, 0xc4, 0x00, 0xc4, 0x00, 0xb8, 0x00, 0xb0, 0x00, 0xb4, 0x00, 0xbc, 0x00, 0xa8, 0x00, 
    0xac, 0x00, 0xac, 0x00, 0xc0, 0x00, 0xc4, 0x00, 0xd4, 0x00, 0xc4, 0x00, 0xc0, 0x00, 0xb0, 0x00, 
    0xac, 0x00, 0xb0, 0x00, 0xb0, 0x00, 0xc4, 0x00, 0xc4, 0x00, 0xc0, 0x00, 0xb0, 0x00, 0xb4, 0x00, 
    0xac, 0x00, 0xb0, 0x00, 0xb0, 0x00, 0xb4, 0x00, 0xb0, 0x00, 0xb4, 0x00, 0xb4, 0x00, 0xb4, 0x00, 
    0xb4, 0x00, 0xb8, 0x00, 0xb8, 0x00, 0xc4, 0x00, 0xc8, 0x00, 0xc8, 0x00, 0xd0, 0x00, 0xe0, 0x00, 
    0xd0, 0x00, 0xcc, 0x00, 0x00, 0x01, 0xfc, 0x00, 0xec, 0x00, 0xd8, 0x00, 0xdc, 0x00, 0xd8, 0x00, 
    0xd8, 0x00, 0xd8, 0x00, 0xd4, 0x00, 0xdc, 0x00, 0xd8, 0x00, 0xd4, 0x00, 0xe8, 0x00, 0xe4, 0x00, 
    0xe4, 0x00, 0xd4, 0x00, 0xe0, 0x00, 0xe0, 0x00, 0xf4, 0x00, 0xf0, 0x00, 0xf8, 0x00, 0x00, 0x01, 
    0x00, 0x01, 0x00, 0x01, 0x00, 0x01, 0xf8, 0x00, 0xf8, 0x00, 0xe8, 0x00, 0xe4, 0x00, 0xe8, 0x00, 
    0xe0, 0x00, 0xe4, 0x00, 0xec, 0x00, 0xe8, 0x00, 0xe0, 0x00, 0xd4, 0x00, 0xc4, 0x00, 0xd8, 0x00, 
    0xd0, 0x00, 0xbc, 0x00, 0xc0, 0x00, 0xa4, 0x00, 0xa0, 0x00, 0xa4, 0x00, 0xa0, 0x00, 0xa8, 0x00, 
    0xa8, 0x00, 0xac, 0x00, 0xb0, 0x00, 0xac, 0x00, 0xb0, 0x00, 0xac, 0x00, 0xb0, 0x00, 0xbc, 0x00, 
    0xe4, 0x00, 0xd4, 0x00, 0xf0, 0x00, 0xdc, 0x00, 0xec, 0x00, 0xec, 0x00, 0xd4, 0x00, 0xe0, 0x00, 
    0xc0, 0x00, 0xe0, 0x00, 0xe4, 0x00, 0xe4, 0x00, 0xe4, 0x00, 0xe0, 0x00, 0xe0, 0x00, 0xe0, 0x00, 
    0xec, 0x00, 0xe8, 0x00, 0xe8, 0x00, 0xdc, 0x00, 0xc4, 0x00, 0xc0, 0x00, 0xc0, 0x00, 0xbc, 0x00, 
    0xc0, 0x00, 0xc0, 0x00, 0xb8, 0x00, 0xb4, 0x00, 0xc0, 0x00, 0xbc, 0x00, 0xb8, 0x00, 0xbc, 0x00, 
    0xbc, 0x00, 0xc8, 0x00, 0xcc, 0x00, 0xcc, 0x00, 0xb8, 0x00, 0xcc, 0x00, 0xd8, 0x00, 0xd4, 0x00, 
    0xd0, 0x00, 0xdc, 0x00, 0xe0, 0x00, 0xe8, 0x00, 0xe4, 0x00, 0xe8, 0x00, 0xfc, 0x00, 0xf0, 0x00, 
    0xec, 0x00, 0xe0, 0x00, 0xdc, 0x00, 0xcc, 0x00, 0xd4, 0x00, 0xe0, 0x00, 0xd8, 0x00, 0xd4, 0x00, 
    0xe8, 0x00, 0xec, 0x00, 0xec, 0x00, 0xf4, 0x00, 0xf8, 0x00, 0x08, 0x01, 0xf4, 0x00, 0x0c, 0x01, 
    0x04, 0x01, 0xf8, 0x00, 0xe8, 0x00, 0xec, 0x00, 0x08, 0x01, 0xf4, 0x00, 0xf4, 0x00, 0xe0, 0x00, 
    0x08, 0x01, 0x18, 0x01, 0x18, 0x01, 0x24, 0x01, 0x24, 0x01, 0x14, 0x01, 0xf8, 0x00, 0x20, 0x01, 
    0x08, 0x01, 0x14, 0x01, 0xf4, 0x00, 0xd8, 0x00, 0xe0, 0x00, 0xd0, 0x00, 0xc4, 0x00, 0xc0, 0x00, 
    0xd4, 0x00, 0xd0, 0x00, 0xe4, 0x00, 0xf4, 0x00, 0x00, 0x01, 0xf4, 0x00, 0x08, 0x01, 0x00, 0x01, 
    0xdc, 0x00, 0xe0, 0x00, 0xc8, 0x00, 0xe4, 0x00, 0xe8, 0x00, 0xd8, 0x00, 0xdc, 0x00, 0xec, 0x00, 
    0xec, 0x00, 0xe0, 0x00, 0xd8, 0x00, 0xd4, 0x00, 0xdc, 0x00, 0xec, 0x00, 0xdc, 0x00, 0xf8, 0x00, 
    0x04, 0x01, 0x10, 0x01, 0x0c, 0x01, 0xf4, 0x00, 0xf4, 0x00, 0xec, 0x00, 0xf0, 0x00, 0xec, 0x00, 
    0x00, 0x01, 0x00, 0x01, 0x00, 0x01, 0xf4, 0x00, 0xec, 0x00, 0xd4, 0x00, 0xd4, 0x00, 0xd0, 0x00, 
    0xd0, 0x00, 0xcc, 0x00, 0xd4, 0x00, 0xd4, 0x00, 0xd0, 0x00, 0xcc, 0x00, 0xbc, 0x00, 0xc0, 0x00, 
    0xa8, 0x00, 0xa8, 0x00, 0x80, 0x00, 0x88, 0x00, 0x80, 0x00, 0x78, 0x00, 0x70, 0x00, 0x64, 0x00, 
    0x68, 0x00, 0x64, 0x00, 0x6c, 0x00, 0x64, 0x00, 0x70, 0x00, 0x70, 0x00, 0x7c, 0x00, 0x70, 0x00, 
    0x80, 0x00, 0x7c, 0x00, 0x84, 0x00, 0xb0, 0x00, 0x88, 0x00, 0x84, 0x00, 0x88, 0x00, 0x9c, 0x00, 
    0x9c, 0x00, 0x8c, 0x00, 0x78, 0x00, 0x44, 0x00, 0x44, 0x00, 0x4c, 0x00, 0x58, 0x00, 0x40, 0x00, 
    0x40, 0x00, 0x40, 0x00, 0x44, 0x00, 0x40, 0x00, 0x40, 0x00, 0x40, 0x00, 0x40, 0x00, 0x40, 0x00, 
    0x3c, 0x00, 0x40, 0x00, 0x48, 0x00, 0x44, 0x00, 0x44, 0x00, 0x48, 0x00, 0x50, 0x00, 0x50, 0x00, 
    0x3c, 0x00, 0x40, 0x00, 0x4c, 0x00, 0x40, 0x00, 0x40, 0x00, 0x38, 0x00, 0x34, 0x00, 0x28, 0x00, 
    0x28, 0x00, 0x1c, 0x00, 0x08, 0x00, 0x08, 0x00, 0x08, 0x00, 0x08, 0x00, 0x08, 0x00, 0x08, 0x00, 
    0x08, 0x00, 0x08, 0x00, 0x08, 0x00, 0x08, 0x00, 0x08, 0x00, 0x08, 0x00, 0x08, 0x00, 0x08, 0x00, 
    0x08, 0x00, 0x08, 0x00, 0x08, 0x00, 0x08, 0x00, 0x08, 0x00, 0x08, 0x00, 0x08, 0x00, 0x08, 0x00, 
    0x08, 0x00, 0x08, 0x00, 0x08, 0x00, 0x08, 0x00, 0x08, 0x00, 0x08, 0x00, 0x08, 0x00, 0x08, 0x00, 
    0x08, 0x00, 0x08, 0x00, 0x08, 0x00, 0x08, 0x00, 0x08, 0x00, 0x08, 0x00, 0x08, 0x00, 0x08, 0x00, 
    0x08, 0x00, 0x08, 0x00, 0x08, 0x00, 0x08, 0x00, 0x08, 0x00, 0x08, 0x00, 0x08, 0x00, 0x08, 0x00, 
    0x08, 0x00, 0x08, 0x00, 0x08, 0x00, 0x08, 0x00, 0x08, 0x00, 0x08, 0x00, 0x08, 0x00, 0x08, 0x00, 
    0x08, 0x00, 0x08, 0x00, 0x08, 0x00, 0x08, 0x00, 0x08, 0x00, 0x08, 0x00, 0x08, 0x00, 0x08, 0x00, 
    0x08, 0x00, 0x08, 0x00, 0x08, 0x00, 0x08, 0x00, 0x08, 0x00, 0x08, 0x00, 0x08, 0x00, 0x08, 0x00, 
    0x08, 0x00, 0x08, 0x00, 0x08, 0x00, 0x08, 0x00, 0x08, 0x00, 0x08, 0x00, 0x08, 0x00, 0x08, 0x00, 
    0x08, 0x00, 0x08, 0x00, 0x08, 0x00, 0x08, 0x00, 0x08, 0x00, 0x08, 0x00, 0x08, 0x00, 0x08, 0x00, 
    0x08, 0x00, 0x08, 0x00, 0x08, 0x00, 0x08, 0x00, 0x08, 0x00, 0x08, 0x00, 0x08, 0x00, 0x08, 0x00, 
    0x08, 0x00, 0x08, 0x00, 0x08, 0x00, 0x08, 0x00, 0x08, 0x00, 0x08, 0x00, 0x08, 0x00, 0x08, 0x00, 
    0x08, 0x00, 0x08, 0x00, 0x08, 0x00, 0x08, 0x00, 0x08, 0x00, 0x08, 0x00, 0x08, 0x00, 0x08, 0x00, 
    0x08, 0x00, 0x08, 0x00, 0x08, 0x00, 0x08, 0x00, 0x08, 0x00, 0x08, 0x00, 0x08, 0x00, 0x08, 0x00, 
    0x08, 0x00, 0x08, 0x00, 0x08, 0x00, 0x08, 0x00, 0x08, 0x00, 0x08, 0x00, 0x08, 0x00, 0x08, 0x00, 
    0x08, 0x00, 0x08, 0x00, 0x08, 0x00, 0x08, 0x00, 0x08, 0x00, 0x08, 0x00, 0x08, 0x00, 0x08, 0x00, 
    0x08, 0x00, 0x08, 0x00, 0x08, 0x00, 0x08, 0x00, 0x08, 0x00, 0x08, 0x00, 0x08, 0x00, 0x08, 0x00, 
    0x08, 0x00, 0x08, 0x00, 0x08, 0x00, 0x08, 0x00, 0x08, 0x00, 0x08, 0x00, 0x08, 0x00, 0x08, 0x00, 
    0x08, 0x00, 0x08, 0x00, 0x08, 0x00, 0x08, 0x00, 0x08, 0x00, 0x08, 0x00, 0x08, 0x00, 0x08, 0x00, 
    0x08, 0x00, 0x08, 0x00, 0x08, 0x00, 0x08, 0x00, 0x08, 0x00, 0x08, 0x00, 0x08, 0x00, 0x08, 0x00, 
    0x08, 0x00, 0x08, 0x00, 0x08, 0x00, 0x08, 0x00, 0x08, 0x00, 0x08, 0x00, 0x08, 0x00, 0x08, 0x00, 
    0x08, 0x00, 0x08, 0x00, 0x08, 0x00, 0x08, 0x00, 0x08, 0x00, 0x08, 0x00, 0x08, 0x00, 0x08, 0x00, 
    0x08, 0x00, 0x08, 0x00, 0x08, 0x00, 0x08, 0x00, 0x08, 0x00, 0x08, 0x00, 0x08, 0x00, 0x08, 0x00, 
    0x08, 0x00, 0x08, 0x00, 0x08, 0x00, 0x08, 0x00, 0x08, 0x00, 0x08, 0x00, 0x08, 0x00, 0x1c, 0x00, 
    0x20, 0x00, 0x24, 0x00, 0x28, 0x00, 0x28, 0x00, 0x28, 0x00, 0x28, 0x00, 0x2c, 0x00, 0x40, 0x00, 
    0x40, 0x00, 0x40, 0x00, 0x50, 0x00, 0x54, 0x00, 0x7c, 0x00, 0x74, 0x00, 0x6c, 0x00, 0x64, 0x00, 
    0x60, 0x00, 0x60, 0x00, 0x70, 0x00, 0x68, 0x00, 0x64, 0x00, 0x5c, 0x00, 0x70, 0x00, 0x80, 0x00, 
    0xa8, 0x00, 0xa4, 0x00, 0xac, 0x00, 0xb0, 0x00, 0xb8, 0x00, 0xbc, 0x00, 0xbc, 0x00, 0xc4, 0x00, 
    0xc8, 0x00, 0xc8, 0x00, 0xd0, 0x00, 0xd8, 0x00, 0xd0, 0x00, 0xcc, 0x00, 0xcc, 0x00, 0xc0, 0x00, 
    0xc0, 0x00, 0xb8, 0x00, 0xd4, 0x00, 0xe0, 0x00, 0xd8, 0x00, 0xd0, 0x00, 0xc8, 0x00, 0xd4, 0x00, 
    0xe0, 0x00, 0xe4, 0x00, 0xcc, 0x00, 0xc8, 0x00, 0xe8, 0x00, 0xd8, 0x00, 0xe8, 0x00, 0xf4, 0x00, 
    0xe4, 0x00, 0x0c, 0x01, 0x10, 0x01, 0x28, 0x01, 0x1c, 0x01, 0x18, 0x01, 0x38, 0x01, 0x34, 0x01, 
    0x38, 0x01, 0x48, 0x01, 0x44, 0x01, 0x20, 0x01, 0x18, 0x01, 0x18, 0x01, 0x20, 0x01, 0x28, 0x01, 
    0x34, 0x01, 0x40, 0x01, 0x48, 0x01, 0x40, 0x01, 0x30, 0x01, 0x10, 0x01, 0x18, 0x01, 0x28, 0x01, 
    0x2c, 0x01, 0x20, 0x01, 0x24, 0x01, 0x1c, 0x01, 0x14, 0x01, 0x1c, 0x01, 0x20, 0x01, 0x2c, 0x01, 
    0x1c, 0x01, 0x18, 0x01, 0x08, 0x01, 0xfc, 0x00, 0x0c, 0x01, 0x0c, 0x01, 0xf4, 0x00, 0x08, 0x01, 
    0x18, 0x01, 0x18, 0x01, 0x08, 0x01, 0x0c, 0x01, 0x08, 0x01, 0x0c, 0x01, 0xf8, 0x00, 0xf4, 0x00, 
    0x04, 0x01, 0x08, 0x01, 0x04, 0x01, 0x00, 0x01, 0xe8, 0x00, 0xe4, 0x00, 0xe4, 0x00, 0xe0, 0x00, 
    0xd8, 0x00, 0xd0, 0x00, 0xdc, 0x00, 0xe0, 0x00, 0xe0, 0x00, 0xe0, 0x00, 0xe0, 0x00, 0xe4, 0x00, 
    0xf4, 0x00, 0xf0, 0x00, 0xf8, 0x00, 0xfc, 0x00, 0x1c, 0x01, 0x18, 0x01, 0x18, 0x01, 0x10, 0x01, 
    0x00, 0x01, 0x00, 0x01, 0x14, 0x01, 0x18, 0x01, 0x20, 0x01, 0x24, 0x01, 0x1c, 0x01, 0x2c, 0x01, 
    0x2c, 0x01, 0x30, 0x01, 0x3c, 0x01, 0x28, 0x01, 0x2c, 0x01, 0x54, 0x01, 0x44, 0x01, 0x40, 0x01, 
    0x2c, 0x01, 0x28, 0x01, 0x24, 0x01, 0x20, 0x01, 0x14, 0x01, 0xf4, 0x00, 0xf0, 0x00, 0xf0, 0x00, 
    0xec, 0x00, 0xe8, 0x00, 0xec, 0x00, 0xe8, 0x00, 0xf8, 0x00, 0xf4, 0x00, 0xec, 0x00, 0x00, 0x01, 
    0x00, 0x01, 0xf4, 0x00, 0xf4, 0x00, 0x10, 0x01, 0x0c, 0x01, 0x10, 0x01, 0xf8, 0x00, 0x0c, 0x01, 
    0x0c, 0x01, 0x00, 0x01, 0xec, 0x00, 0x10, 0x01, 0x1c, 0x01, 0x28, 0x01, 0xfc, 0x00, 0xf4, 0x00, 
    0xfc, 0x00, 0x24, 0x01, 0x34, 0x01, 0x20, 0x01, 0x10, 0x01, 0x10, 0x01, 0x18, 0x01, 0x10, 0x01, 
    0x00, 0x01, 0x00, 0x01, 0x04, 0x01, 0x04, 0x01, 0xfc, 0x00, 0x00, 0x01, 0xf8, 0x00, 0xfc, 0x00, 
    0xec, 0x00, 0xe4, 0x00, 0xe4, 0x00, 0xe8, 0x00, 0xf4, 0x00, 0xe0, 0x00, 0xf4, 0x00, 0xe0, 0x00, 
    0xe4, 0x00, 0xe4, 0x00, 0xf4, 0x00, 0xf8, 0x00, 0x04, 0x01, 0xf4, 0x00, 0xf4, 0x00, 0xe8, 0x00, 
    0xe0, 0x00, 0xe0, 0x00, 0xe0, 0x00, 0xe0, 0x00, 0xe0, 0x00, 0xe8, 0x00, 0xec, 0x00, 0xec, 0x00, 
    0xe8, 0x00, 0xec, 0x00, 0x04, 0x01, 0x24, 0x01, 0x10, 0x01, 0x0c, 0x01, 0x0c, 0x01, 0x1c, 0x01, 
    0x20, 0x01, 0x24, 0x01, 0x2c, 0x01, 0x2c, 0x01, 0x20, 0x01, 0x10, 0x01, 0x10, 0x01, 0x0c, 0x01, 
    0x10, 0x01, 0x2c, 0x01, 0x3c, 0x01, 0x34, 0x01, 0x28, 0x01, 0x18, 0x01, 0x10, 0x01, 0x1c, 0x01, 
    0x18, 0x01, 0x1c, 0x01, 0x14, 0x01, 0x1c, 0x01, 0x24, 0x01, 0x34, 0x01, 0x38, 0x01, 0x38, 0x01, 
    0x10, 0x01, 0x10, 0x01, 0x10, 0x01, 0x0c, 0x01, 0x18, 0x01, 0x1c, 0x01, 0x20, 0x01, 0x14, 0x01, 
    0x28, 0x01, 0x30, 0x01, 0x20, 0x01, 0x38, 0x01, 0x3c, 0x01, 0x44, 0x01, 0x38, 0x01, 0x38, 0x01, 
    0x34, 0x01, 0x54, 0x01, 0x4c, 0x01, 0x3c, 0x01, 0x34, 0x01, 0x38, 0x01, 0x20, 0x01, 0x20, 0x01, 
    0x14, 0x01, 0x18, 0x01, 0x18, 0x01, 0x20, 0x01, 0x28, 0x01, 0x20, 0x01, 0x18, 0x01, 0x20, 0x01, 
    0x20, 0x01, 0x1c, 0x01, 0x44, 0x01, 0x4c, 0x01, 0x38, 0x01, 0x1c, 0x01, 0x10, 0x01, 0x14, 0x01, 
    0x1c, 0x01, 0x18, 0x01, 0x34, 0x01, 0x28, 0x01, 0x14, 0x01, 0x10, 0x01, 0x18, 0x01, 0x14, 0x01, 
    0x20, 0x01, 0x20, 0x01, 0x18, 0x01, 0x0c, 0x01, 0x0c, 0x01, 0x10, 0x01, 0x20, 0x01, 0x28, 0x01, 
    0x2c, 0x01, 0x1c, 0x01, 0x1c, 0x01, 0x18, 0x01, 0x1c, 0x01, 0x18, 0x01, 0x20, 0x01, 0x24, 0x01, 
    0x18, 0x01, 0x24, 0x01, 0x30, 0x01, 0x30, 0x01, 0x34, 0x01, 0x2c, 0x01, 0x34, 0x01, 0x48, 0x01, 
    0x50, 0x01, 0x3c, 0x01, 0x28, 0x01, 0x2c, 0x01, 0x28, 0x01, 0x28, 0x01, 0x18, 0x01, 0x18, 0x01, 
    0x1c, 0x01, 0x24, 0x01, 0x24, 0x01, 0x04, 0x01, 0x10, 0x01, 0x14, 0x01, 0x14, 0x01, 0x04, 0x01, 
    0xfc, 0x00, 0xe8, 0x00, 0xf0, 0x00, 0x00, 0x01, 0x04, 0x01, 0x00, 0x01, 0xfc, 0x00, 0xfc, 0x00, 
    0x00, 0x01, 0x00, 0x01, 0x0c, 0x01, 0xdc, 0x00, 0xec, 0x00, 0xd4, 0x00, 0xd0, 0x00, 0xe0, 0x00, 
    0xf8, 0x00, 0x00, 0x01, 0x14, 0x01, 0x00, 0x01, 0xec, 0x00, 0xec, 0x00, 0xf0, 0x00, 0xf8, 0x00, 
    0xf8, 0x00, 0xec, 0x00, 0xf8, 0x00, 0xf8, 0x00, 0xec, 0x00, 0xf8, 0x00, 0xec, 0x00, 0xd8, 0x00, 
    0xd0, 0x00, 0xc8, 0x00, 0xe4, 0x00, 0xdc, 0x00, 0xe8, 0x00, 0xec, 0x00, 0xe0, 0x00, 0xe0, 0x00, 
    0xe4, 0x00, 0xdc, 0x00, 0xe8, 0x00, 0xd0, 0x00, 0xc8, 0x00, 0xc4, 0x00, 0xc0, 0x00, 0xc4, 0x00, 
    0xb8, 0x00, 0xc0, 0x00, 0xe4, 0x00, 0xe8, 0x00, 0xe8, 0x00, 0xc4, 0x00, 0xbc, 0x00, 0xd8, 0x00, 
    0xf4, 0x00, 0xfc, 0x00, 0xfc, 0x00, 0xf4, 0x00, 0xe4, 0x00, 0xf0, 0x00, 0x0c, 0x01, 0x10, 0x01, 
    0x04, 0x01, 0x00, 0x01, 0x1c, 0x01, 0x20, 0x01, 0x1c, 0x01, 0x08, 0x01, 0x04, 0x01, 0x0c, 0x01, 
    0x0c, 0x01, 0x04, 0x01, 0xf4, 0x00, 0xf0, 0x00, 0x00, 0x01, 0x00, 0x01, 0xf4, 0x00, 0xe4, 0x00, 
    0xe4, 0x00, 0xe0, 0x00, 0xe0, 0x00, 0xe0, 0x00, 0xe0, 0x00, 0xe8, 0x00, 0xe0, 0x00, 0xe0, 0x00, 
    0xf4, 0x00, 0xe8, 0x00, 0x04, 0x01, 0xf0, 0x00, 0xd0, 0x00, 0xec, 0x00, 0xec, 0x00, 0xe0, 0x00, 
    0xe0, 0x00, 0xe0, 0x00, 0xd8, 0x00, 0xd4, 0x00, 0xc8, 0x00, 0xd8, 0x00, 0xdc, 0x00, 0xcc, 0x00, 
    0xd4, 0x00, 0xec, 0x00, 0xe4, 0x00, 0xf0, 0x00, 0xd0, 0x00, 0xd8, 0x00, 0x00, 0x01, 0x00, 0x01, 
    0xf8, 0x00, 0x14, 0x01, 0x0c, 0x01, 0xfc, 0x00, 0xfc, 0x00, 0xf4, 0x00, 0xf4, 0x00, 0x04, 0x01, 
    0x08, 0x01, 0x14, 0x01, 0x00, 0x01, 0xf8, 0x00, 0xf8, 0x00, 0xf4, 0x00, 0x04, 0x01, 0x04, 0x01, 
    0x08, 0x01, 0xf8, 0x00, 0xf8, 0x00, 0xe8, 0x00, 0xe8, 0x00, 0xec, 0x00, 0xf0, 0x00, 0xfc, 0x00, 
    0x0c, 0x01, 0x0c, 0x01, 0x00, 0x01, 0xf4, 0x00, 0xf0, 0x00, 0xf8, 0x00, 0x04, 0x01, 0x04, 0x01, 
    0x04, 0x01, 0x1c, 0x01, 0x10, 0x01, 0x10, 0x01, 0xf4, 0x00, 0xf4, 0x00, 0x04, 0x01, 0x08, 0x01, 
    0x18, 0x01, 0x20, 0x01, 0x28, 0x01, 0x34, 0x01, 0x28, 0x01, 0x34, 0x01, 0x28, 0x01, 0x2c, 0x01, 
    0x10, 0x01, 0x30, 0x01, 0x1c, 0x01, 0x1c, 0x01, 0x10, 0x01, 0x00, 0x01, 0x04, 0x01, 0x04, 0x01, 
    0x04, 0x01, 0x10, 0x01, 0x18, 0x01, 0x04, 0x01, 0x10, 0x01, 0x00, 0x01, 0xec, 0x00, 0xcc, 0x00, 
    0xd0, 0x00, 0xc4, 0x00, 0xd0, 0x00, 0xd0, 0x00, 0x00, 0x01, 0x08, 0x01, 0x18, 0x01, 0x04, 0x01, 
    0x00, 0x01, 0x28, 0x01, 0x18, 0x01, 0x1c, 0x01, 0x28, 0x01, 0xf8, 0x00, 0x30, 0x01, 0x28, 0x01, 
    0xf8, 0x00, 0x04, 0x01, 0xe4, 0x00, 0x0c, 0x01, 0x00, 0x01, 0xe8, 0x00, 0xd8, 0x00, 0xd8, 0x00, 
    0xc8, 0x00, 0xcc, 0x00, 0xd8, 0x00, 0xc8, 0x00, 0xa4, 0x00, 0xc0, 0x00, 0xac, 0x00, 0xa4, 0x00, 
    0xac, 0x00, 0x98, 0x00, 0xa0, 0x00, 0x88, 0x00, 0x84, 0x00, 0x74, 0x00, 0x74, 0x00, 0x88, 0x00, 
    0x7c, 0x00, 0x84, 0x00, 0x70, 0x00, 0x74, 0x00, 0x7c, 0x00, 0x7c, 0x00, 0x80, 0x00, 0x74, 0x00, 
    0x7c, 0x00, 0x7c, 0x00, 0x70, 0x00, 0x68, 0x00, 0x34, 0x00, 0x34, 0x00, 0x3c, 0x00, 0x1c, 0x00, 
    0x1c, 0x00, 0x1c, 0x00, 0x1c, 0x00, 0x1c, 0x00, 0x1c, 0x00, 0x1c, 0x00, 0x1c, 0x00, 0x1c, 0x00, 
    0x18, 0x00, 0x18, 0x00, 0x18, 0x00, 0x28, 0x00, 0x28, 0x00, 0x28, 0x00, 0x18, 0x00, 0x18, 0x00, 
    0x18, 0x00, 0x08, 0x00, 0x08, 0x00, 0x08, 0x00, 0x08, 0x00, 0x08, 0x00, 0x08, 0x00, 0x08, 0x00, 
    0x08, 0x00, 0x08, 0x00, 0x08, 0x00, 0x08, 0x00, 0x08, 0x00, 0x08, 0x00, 0x08, 0x00, 0x08, 0x00, 
    0x08, 0x00, 0x08, 0x00, 0x08, 0x00, 0x08, 0x00, 0x08, 0x00, 0x08, 0x00, 0x08, 0x00, 0x08, 0x00, 
    0x08, 0x00, 0x08, 0x00, 0x08, 0x00, 0x08, 0x00, 0x08, 0x00, 0x08, 0x00, 0x08, 0x00, 0x08, 0x00, 
    0x08, 0x00, 0x08, 0x00, 0x08, 0x00, 0x08, 0x00, 0x08, 0x00, 0x08, 0x00, 0x08, 0x00, 0x08, 0x00, 
    0x08, 0x00, 0x08, 0x00, 0x08, 0x00, 0x08, 0x00, 0x08, 0x00, 0x08, 0x00, 0x08, 0x00, 0x08, 0x00, 
    0x08, 0x00, 0x08, 0x00, 0x08, 0x00, 0x08, 0x00, 0x08, 0x00, 0x08, 0x00, 0x08, 0x00, 0x08, 0x00, 
    0x08, 0x00, 0x08, 0x00, 0x08, 0x00, 0x08, 0x00, 0x08, 0x00, 0x08, 0x00, 0x08, 0x00, 0x08, 0x00, 
    0x08, 0x00, 0x08, 0x00, 0x08, 0x00, 0x08, 0x00, 0x08, 0x00, 0x08, 0x00, 0x08, 0x00, 0x08, 0x00, 
    0x08, 0x00, 0x08, 0x00, 0x08, 0x00, 0x08, 0x00, 0x08, 0x00, 0x08, 0x00, 0x08, 0x00, 0x08, 0x00, 
    0x08, 0x00, 0x08, 0x00, 0x08, 0x00, 0x08, 0x00, 0x08, 0x00, 0x08, 0x00, 0x08, 0x00, 0x08, 0x00, 
    0x08, 0x00, 0x08, 0x00, 0x08, 0x00, 0x08, 0x00, 0x08, 0x00, 0x08, 0x00, 0x08, 0x00, 0x08, 0x00, 
    0x08, 0x00, 0x08, 0x00, 0x08, 0x00, 0x08, 0x00, 0x08, 0x00, 0x08, 0x00, 0x08, 0x00, 0x08, 0x00, 
    0x08, 0x00, 0x08, 0x00, 0x08, 0x00, 0x08, 0x00, 0x08, 0x00, 0x08, 0x00, 0x08, 0x00, 0x08, 0x00, 
    0x08, 0x00, 0x08, 0x00, 0x08, 0x00, 0x08, 0x00, 0x08, 0x00, 0x08, 0x00, 0x08, 0x00, 0x08, 0x00, 
    0x08, 0x00, 0x08, 0x00, 0x08, 0x00, 0x08, 0x00, 0x08, 0x00, 0x08, 0x00, 0x08, 0x00, 0x08, 0x00, 
    0x08, 0x00, 0x08, 0x00, 0x08, 0x00, 0x08, 0x00, 0x08, 0x00, 0x08, 0x00, 0x08, 0x00, 0x08, 0x00, 
    0x08, 0x00, 0x08, 0x00, 0x08, 0x00, 0x08, 0x00, 0x08, 0x00, 0x08, 0x00, 0x08, 0x00, 0x08, 0x00, 
    0x08, 0x00, 0x08, 0x00, 0x08, 0x00, 0x08, 0x00, 0x08, 0x00, 0x08, 0x00, 0x08, 0x00, 0x08, 0x00, 
    0x08, 0x00, 0x08, 0x00, 0x08, 0x00, 0x08, 0x00, 0x08, 0x00, 0x08, 0x00, 0x08, 0x00, 0x08, 0x00, 
    0x08, 0x00, 0x08, 0x00, 0x08, 0x00, 0x08, 0x00, 0x08, 0x00, 0x08, 0x00, 0x08, 0x00, 0x08, 0x00, 
    0x08, 0x00, 0x08, 0x00, 0x08, 0x00, 0x08, 0x00, 0x08, 0x00, 0x08, 0x00, 0x08, 0x00, 0x08, 0x00, 
    0x08, 0x00, 0x08, 0x00, 0x08, 0x00, 0x08, 0x00, 0x08, 0x00, 0x08, 0x00, 0x08, 0x00, 0x08, 0x00, 
    0x08, 0x00, 0x08, 0x00, 0x08, 0x00, 0x08, 0x00, 0x08, 0x00, 0x08, 0x00, 0x08, 0x00, 0x08, 0x00, 
    0x08, 0x00, 0x08, 0x00, 0x08, 0x00, 0x08, 0x00, 0x08, 0x00, 0x08, 0x00, 0x08, 0x00, 0x08, 0x00, 
    0x08, 0x00, 0x08, 0x00, 0x08, 0x00, 0x08, 0x00, 0x08, 0x00, 0x08, 0x00, 0x08, 0x00, 0x08, 0x00, 
    0x28, 0x00, 0x28, 0x00, 0x38, 0x00, 0x38, 0x00, 0x3c, 0x00, 0x34, 0x00, 0x58, 0x00, 0x58, 0x00, 
    0x58, 0x00, 0x4c, 0x00, 0x54, 0x00, 0x54, 0x00, 0x54, 0x00, 0x50, 0x00, 0x50, 0x00, 0x50, 0x00, 
    0x54, 0x00, 0x7c, 0x00, 0x80, 0x00, 0x74, 0x00, 0x60, 0x00, 0x68, 0x00, 0x70, 0x00, 0x6c, 0x00, 
    0x70, 0x00, 0x70, 0x00, 0x64, 0x00, 0x58, 0x00, 0x54, 0x00, 0x58, 0x00, 0x50, 0x00, 0x4c, 0x00, 
    0x4c, 0x00, 0x48, 0x00, 0x48, 0x00, 0x54, 0x00, 0x60, 0x00, 0x74, 0x00, 0x74, 0x00, 0x6c, 0x00, 
    0x5c, 0x00, 0x60, 0x00, 0x64, 0x00, 0x60, 0x00, 0x7c, 0x00, 0x7c, 0x00, 0x80, 0x00, 0x8c, 0x00, 
    0x90, 0x00, 0x90, 0x00, 0x94, 0x00, 0xa0, 0x00, 0xb0, 0x00, 0xb4, 0x00, 0x9c, 0x00, 0x94, 0x00, 
    0x84, 0x00, 0x8c, 0x00, 0x84, 0x00, 0x84, 0x00, 0x88, 0x00, 0x88, 0x00, 0x80, 0x00, 0x90, 0x00, 
    0x9c, 0x00, 0xb0, 0x00, 0xb0, 0x00, 0xb0, 0x00, 0xb8, 0x00, 0xc0, 0x00, 0xcc, 0x00, 0xc0, 0x00, 
    0xb8, 0x00, 0xbc, 0x00, 0xe4, 0x00, 0xe8, 0x00, 0x08, 0x01, 0x00, 0x01, 0x18, 0x01, 0x10, 0x01, 
    0x0c, 0x01, 0x04, 0x01, 0x14, 0x01, 0x0c, 0x01, 0x18, 0x01, 0x20, 0x01, 0x04, 0x01, 0x04, 0x01, 
    0x08, 0x01, 0x18, 0x01, 0x0c, 0x01, 0x0c, 0x01, 0x18, 0x01, 0x0c, 0x01, 0x08, 0x01, 0x08, 0x01, 
    0xfc, 0x00, 0x10, 0x01, 0xf8, 0x00, 0x00, 0x01, 0xf4, 0x00, 0xf4, 0x00, 0xec, 0x00, 0xe0, 0x00, 
    0xe0, 0x00, 0xe4, 0x00, 0xe4, 0x00, 0xdc, 0x00, 0xcc, 0x00, 0xd4, 0x00, 0xd0, 0x00, 0xd4, 0x00, 
    0xd0, 0x00, 0xd4, 0x00, 0xc8, 0x00, 0xc8, 0x00, 0xbc, 0x00, 0xc0, 0x00, 0xd4, 0x00, 0xd4, 0x00, 
    0xcc, 0x00, 0xc0, 0x00, 0xd0, 0x00, 0xd0, 0x00, 0xcc, 0x00, 0xbc, 0x00, 0xc4, 0x00, 0xdc, 0x00, 
    0xd0, 0x00, 0xd8, 0x00, 0xd4, 0x00, 0xcc, 0x00, 0xc8, 0x00, 0xd8, 0x00, 0xe4, 0x00, 0xdc, 0x00, 
    0xd4, 0x00, 0xc4, 0x00, 0xbc, 0x00, 0xac, 0x00, 0xb0, 0x00, 0xbc, 0x00, 0xd0, 0x00, 0xd8, 0x00, 
    0xd0, 0x00, 0xd4, 0x00, 0xd8, 0x00, 0xd8, 0x00, 0xe4, 0x00, 0xe8, 0x00, 0xe8, 0x00, 0xf0, 0x00, 
    0x04, 0x01, 0xfc, 0x00, 0xf0, 0x00, 0xe4, 0x00, 0xe0, 0x00, 0xe0, 0x00, 0xe8, 0x00, 0xf8, 0x00, 
    0xfc, 0x00, 0xfc, 0x00, 0xe4, 0x00, 0xe8, 0x00, 0xfc, 0x00, 0x00, 0x01, 0x1c, 0x01, 0x20, 0x01, 
    0x18, 0x01, 0x18, 0x01, 0x20, 0x01, 0x10, 0x01, 0x10, 0x01, 0x14, 0x01, 0x08, 0x01, 0x0c, 0x01, 
    0x10, 0x01, 0x0c, 0x01, 0x08, 0x01, 0x08, 0x01, 0x04, 0x01, 0x04, 0x01, 0x0c, 0x01, 0x10, 0x01, 
    0x1c, 0x01, 0x28, 0x01, 0x28, 0x01, 0x1c, 0x01, 0x0c, 0x01, 0x04, 0x01, 0x00, 0x01, 0xfc, 0x00, 
    0x08, 0x01, 0x00, 0x01, 0x0c, 0x01, 0x10, 0x01, 0x1c, 0x01, 0x00, 0x01, 0xfc, 0x00, 0x04, 0x01, 
    0x08, 0x01, 0x00, 0x01, 0x14, 0x01, 0x00, 0x01, 0xf4, 0x00, 0xf8, 0x00, 0xf8, 0x00, 0xf8, 0x00, 
    0xf4, 0x00, 0x04, 0x01, 0x08, 0x01, 0x08, 0x01, 0xf0, 0x00, 0xe0, 0x00, 0xf4, 0x00, 0xf4, 0x00, 
    0x04, 0x01, 0x04, 0x01, 0xfc, 0x00, 0xec, 0x00, 0xe8, 0x00, 0xe8, 0x00, 0xe0, 0x00, 0xe0, 0x00, 
    0xe8, 0x00, 0xf8, 0x00, 0x0c, 0x01, 0xf8, 0x00, 0xec, 0x00, 0xdc, 0x00, 0xec, 0x00, 0x00, 0x01, 
    0xfc, 0x00, 0xec, 0x00, 0xd8, 0x00, 0xdc, 0x00, 0xdc, 0x00, 0xdc, 0x00, 0x04, 0x01, 0x04, 0x01, 
    0x10, 0x01, 0x24, 0x01, 0x40, 0x01, 0x18, 0x01, 0x28, 0x01, 0x10, 0x01, 0x18, 0x01, 0x1c, 0x01, 
    0x0c, 0x01, 0x10, 0x01, 0x04, 0x01, 0x04, 0x01, 0x18, 0x01, 0x14, 0x01, 0x00, 0x01, 0xfc, 0x00, 
    0x08, 0x01, 0x10, 0x01, 0x0c, 0x01, 0x0c, 0x01, 0x00, 0x01, 0x10, 0x01, 0x0c, 0x01, 0xfc, 0x00, 
    0x0c, 0x01, 0x24, 0x01, 0x14, 0x01, 0x10, 0x01, 0x18, 0x01, 0x30, 0x01, 0x38, 0x01, 0x28, 0x01, 
    0x34, 0x01, 0x4c, 0x01, 0x38, 0x01, 0x34, 0x01, 0x38, 0x01, 0x38, 0x01, 0x34, 0x01, 0x20, 0x01, 
    0x38, 0x01, 0x34, 0x01, 0x20, 0x01, 0x24, 0x01, 0x24, 0x01, 0x2c, 0x01, 0x28, 0x01, 0x1c, 0x01, 
    0x1c, 0x01, 0x14, 0x01, 0x20, 0x01, 0x18, 0x01, 0x08, 0x01, 0xf8, 0x00, 0x14, 0x01, 0x14, 0x01, 
    0x14, 0x01, 0x18, 0x01, 0x28, 0x01, 0x34, 0x01, 0x44, 0x01, 0x4c, 0x01, 0x30, 0x01, 0x34, 0x01, 
    0x38, 0x01, 0x30, 0x01, 0x2c, 0x01, 0x30, 0x01, 0x38, 0x01, 0x34, 0x01, 0x30, 0x01, 0x34, 0x01, 
    0x38, 0x01, 0x3c, 0x01, 0x38, 0x01, 0x3c, 0x01, 0x40, 0x01, 0x44, 0x01, 0x34, 0x01, 0x28, 0x01, 
    0x2c, 0x01, 0x2c, 0x01, 0x18, 0x01, 0x18, 0x01, 0x14, 0x01, 0x2c, 0x01, 0x28, 0x01, 0x38, 0x01, 
    0x60, 0x01, 0x50, 0x01, 0x5c, 0x01, 0x3c, 0x01, 0x30, 0x01, 0x30, 0x01, 0x38, 0x01, 0x3c, 0x01, 
    0x2c, 0x01, 0x20, 0x01, 0x48, 0x01, 0x48, 0x01, 0x3c, 0x01, 0x3c, 0x01, 0x2c, 0x01, 0x2c, 0x01, 
    0x28, 0x01, 0x18, 0x01, 0x10, 0x01, 0x0c, 0x01, 0x14, 0x01, 0x14, 0x01, 0x10, 0x01, 0x0c, 0x01, 
    0x18, 0x01, 0x10, 0x01, 0x00, 0x01, 0xf8, 0x00, 0xf8, 0x00, 0xf8, 0x00, 0xf8, 0x00, 0xf0, 0x00, 
    0x00, 0x01, 0x04, 0x01, 0xfc, 0x00, 0x10, 0x01, 0x14, 0x01, 0x18, 0x01, 0x04, 0x01, 0x1c, 0x01, 
    0x10, 0x01, 0x08, 0x01, 0x04, 0x01, 0x00, 0x01, 0x00, 0x01, 0x0c, 0x01, 0x20, 0x01, 0x1c, 0x01, 
    0x28, 0x01, 0x04, 0x01, 0x10, 0x01, 0x18, 0x01, 0x14, 0x01, 0x18, 0x01, 0x28, 0x01, 0x14, 0x01, 
    0x28, 0x01, 0x38, 0x01, 0x38, 0x01, 0x18, 0x01, 0x10, 0x01, 0x04, 0x01, 0x24, 0x01, 0x34, 0x01, 
    0x50, 0x01, 0x60, 0x01, 0x6c, 0x01, 0x70, 0x01, 0x44, 0x01, 0x2c, 0x01, 0x30, 0x01, 0x28, 0x01, 
    0x24, 0x01, 0x24, 0x01, 0x20, 0x01, 0x14, 0x01, 0x14, 0x01, 0x04, 0x01, 0xf8, 0x00, 0xf8, 0x00, 
    0xf4, 0x00, 0xf0, 0x00, 0xfc, 0x00, 0xf8, 0x00, 0xf0, 0x00, 0xf0, 0x00, 0xf4, 0x00, 0xe0, 0x00, 
    0xe8, 0x00, 0xec, 0x00, 0xf0, 0x00, 0xec, 0x00, 0xf4, 0x00, 0xf0, 0x00, 0xf0, 0x00, 0xec, 0x00, 
    0xf0, 0x00, 0xf4, 0x00, 0xfc, 0x00, 0xf4, 0x00, 0xf0, 0x00, 0x00, 0x01, 0x00, 0x01, 0x10, 0x01, 
    0x0c, 0x01, 0x00, 0x01, 0xfc, 0x00, 0x00, 0x01, 0xe8, 0x00, 0xec, 0x00, 0x10, 0x01, 0x0c, 0x01, 
    0xf4, 0x00, 0xe4, 0x00, 0xf4, 0x00, 0xf8, 0x00, 0xf0, 0x00, 0xf4, 0x00, 0xf4, 0x00, 0xf0, 0x00, 
    0xe8, 0x00, 0xe4, 0x00, 0xe4, 0x00, 0xe4, 0x00, 0xf8, 0x00, 0xf4, 0x00, 0xfc, 0x00, 0x18, 0x01, 
    0x20, 0x01, 0x2c, 0x01, 0x24, 0x01, 0x24, 0x01, 0x18, 0x01, 0x24, 0x01, 0x24, 0x01, 0x20, 0x01, 
    0x2c, 0x01, 0x3c, 0x01, 0x28, 0x01, 0x44, 0x01, 0x34, 0x01, 0x48, 0x01, 0x40, 0x01, 0x38, 0x01, 
    0x3c, 0x01, 0x3c, 0x01, 0x34, 0x01, 0x34, 0x01, 0x40, 0x01, 0x44, 0x01, 0x5c, 0x01, 0x50, 0x01, 
    0x54, 0x01, 0x70, 0x01, 0x6c, 0x01, 0x64, 0x01, 0x54, 0x01, 0x44, 0x01, 0x68, 0x01, 0x58, 0x01, 
    0x50, 0x01, 0x1c, 0x01, 0x60, 0x01, 0x5c, 0x01, 0x44, 0x01, 0x3c, 0x01, 0x3c, 0x01, 0x3c, 0x01, 
    0x40, 0x01, 0x2c, 0x01, 0x48, 0x01, 0x30, 0x01, 0x3c, 0x01, 0x34, 0x01, 0x2c, 0x01, 0x44, 0x01, 
    0x3c, 0x01, 0x3c, 0x01, 0x34, 0x01, 0x34, 0x01, 0x2c, 0x01, 0x34, 0x01, 0x30, 0x01, 0x24, 0x01, 
    0x18, 0x01, 0x08, 0x01, 0x0c, 0x01, 0x10, 0x01, 0x1c, 0x01, 0x14, 0x01, 0x10, 0x01, 0x0c, 0x01, 
    0x0c, 0x01, 0x04, 0x01, 0xd0, 0x00, 0xd0, 0x00, 0xd0, 0x00, 0xd0, 0x00, 0xc8, 0x00, 0xb8, 0x00, 
    0xb4, 0x00, 0xc0, 0x00, 0xcc, 0x00, 0xc4, 0x00, 0xd0, 0x00, 0xc4, 0x00, 0xc8, 0x00, 0xe4, 0x00, 
    0xc8, 0x00, 0xcc, 0x00, 0xd4, 0x00, 0xcc, 0x00, 0xcc, 0x00, 0xcc, 0x00, 0xc4, 0x00, 0xb4, 0x00, 
    0xb0, 0x00, 0xb4, 0x00, 0xb4, 0x00, 0xbc, 0x00, 0xb4, 0x00, 0xa4, 0x00, 0xa8, 0x00, 0xa8, 0x00, 
    0x94, 0x00, 0xac, 0x00, 0xa4, 0x00, 0x90, 0x00, 0xc4, 0x00, 0xb8, 0x00, 0xc0, 0x00, 0xb0, 0x00, 
    0x90, 0x00, 0x8c, 0x00, 0x68, 0x00, 0x64, 0x00, 0x48, 0x00, 0x44, 0x00, 0x40, 0x00, 0x3c, 0x00, 
    0x3c, 0x00, 0x34, 0x00, 0x38, 0x00, 0x2c, 0x00, 0x18, 0x00, 0x18, 0x00, 0x18, 0x00, 0x18, 0x00, 
    0x18, 0x00, 0x08, 0x00, 0x18, 0x00, 0x28, 0x00, 0x18, 0x00, 0x18, 0x00, 0x08, 0x00, 0x08, 0x00, 
    0x08, 0x00, 0x08, 0x00, 0x08, 0x00, 0x08, 0x00, 0x08, 0x00, 0x08, 0x00, 0x08, 0x00, 0x08, 0x00, 
    0x08, 0x00, 0x08, 0x00, 0x08, 0x00, 0x08, 0x00, 0x08, 0x00, 0x08, 0x00, 0x08, 0x00, 0x18, 0x00, 
    0x1c, 0x00, 0x18, 0x00, 0x08, 0x00, 0x08, 0x00, 0x08, 0x00, 0x08, 0x00, 0x08, 0x00, 0x08, 0x00, 
    0x08, 0x00, 0x08, 0x00, 0x08, 0x00, 0x08, 0x00, 0x08, 0x00, 0x08, 0x00, 0x08, 0x00, 0x08, 0x00, 
    0x08, 0x00, 0x08, 0x00, 0x08, 0x00, 0x08, 0x00, 0x08, 0x00, 0x08, 0x00, 0x08, 0x00, 0x08, 0x00, 
    0x08, 0x00, 0x08, 0x00, 0x08, 0x00, 0x08, 0x00, 0x08, 0x00, 0x08, 0x00, 0x08, 0x00, 0x08, 0x00, 
    0x08, 0x00, 0x08, 0x00, 0x08, 0x00, 0x08, 0x00, 0x08, 0x00, 0x08, 0x00, 0x08, 0x00, 0x08, 0x00, 
    0x08, 0x00, 0x08, 0x00, 0x08, 0x00, 0x08, 0x00, 0x08, 0x00, 0x08, 0x00, 0x08, 0x00, 0x08, 0x00, 
    0x08, 0x00, 0x08, 0x00, 0x08, 0x00, 0x08, 0x00, 0x08, 0x00, 0x08, 0x00, 0x08, 0x00, 0x08, 0x00, 
    0x08, 0x00, 0x08, 0x00, 0x08, 0x00, 0x08, 0x00, 0x08, 0x00, 0x08, 0x00, 0x08, 0x00, 0x08, 0x00, 
    0x08, 0x00, 0x08, 0x00, 0x08, 0x00, 0x08, 0x00, 0x08, 0x00, 0x08, 0x00, 0x08, 0x00, 0x08, 0x00, 
    0x08, 0x00, 0x08, 0x00, 0x08, 0x00, 0x08, 0x00, 0x08, 0x00, 0x08, 0x00, 0x08, 0x00, 0x08, 0x00, 
    0x08, 0x00, 0x08, 0x00, 0x08, 0x00, 0x08, 0x00, 0x08, 0x00, 0x08, 0x00, 0x08, 0x00, 0x08, 0x00, 
    0x08, 0x00, 0x08, 0x00, 0x08, 0x00, 0x08, 0x00, 0x08, 0x00, 0x08, 0x00, 0x08, 0x00, 0x08, 0x00, 
    0x08, 0x00, 0x08, 0x00, 0x08, 0x00, 0x08, 0x00, 0x08, 0x00, 0x08, 0x00, 0x08, 0x00, 0x08, 0x00, 
    0x08, 0x00, 0x08, 0x00, 0x08, 0x00, 0x08, 0x00, 0x08, 0x00, 0x08, 0x00, 0x08, 0x00, 0x08, 0x00, 
    0x08, 0x00, 0x08, 0x00, 0x08, 0x00, 0x08, 0x00, 0x08, 0x00, 0x08, 0x00, 0x08, 0x00, 0x08, 0x00, 
    0x08, 0x00, 0x08, 0x00, 0x08, 0x00, 0x08, 0x00, 0x08, 0x00, 0x08, 0x00, 0x08, 0x00, 0x08, 0x00, 
    0x08, 0x00, 0x08, 0x00, 0x08, 0x00, 0x08, 0x00, 0x08, 0x00, 0x08, 0x00, 0x08, 0x00, 0x08, 0x00, 
    0x08, 0x00, 0x08, 0x00, 0x08, 0x00, 0x08, 0x00, 0x08, 0x00, 0x08, 0x00, 0x08, 0x00, 0x08, 0x00, 
    0x08, 0x00, 0x08, 0x00, 0x08, 0x00, 0x08, 0x00, 0x08, 0x00, 0x08, 0x00, 0x08, 0x00, 0x08, 0x00, 
    0x08, 0x00, 0x08, 0x00, 0x08, 0x00, 0x08, 0x00, 0x08, 0x00, 0x08, 0x00, 0x08, 0x00, 0x08, 0x00, 
    0x08, 0x00, 0x08, 0x00, 0x08, 0x00, 0x08, 0x00, 0x08, 0x00, 0x08, 0x00, 0x08, 0x00, 0x08, 0x00, 
    0x08, 0x00, 0x08, 0x00, 0x08, 0x00, 0x08, 0x00, 0x08, 0x00, 0x08, 0x00, 0x08, 0x00, 0x08, 0x00, 
    0x08, 0x00, 0x08, 0x00, 0x08, 0x00, 0x08, 0x00, 0x08, 0x00, 0x08, 0x00, 0x08, 0x00, 0x08, 0x00, 
    0x08, 0x00, 0x08, 0x00, 0x08, 0x00, 0x08, 0x00, 0x08, 0x00, 0x08, 0x00, 0x08, 0x00, 0x08, 0x00, 
    0x08, 0x00, 0x08, 0x00, 0x08, 0x00, 0x08, 0x00, 0x08, 0x00, 0x08, 0x00, 0x08, 0x00, 0x08, 0x00, 
    0x08, 0x00, 0x08, 0x00, 0x08, 0x00, 0x08, 0x00, 0x18, 0x00, 0x20, 0x00, 0x20, 0x00, 0x24, 0x00, 
    0x38, 0x00, 0x54, 0x00, 0x50, 0x00, 0x60, 0x00, 0x68, 0x00, 0x88, 0x00, 0x84, 0x00, 0x88, 0x00, 
    0x8c, 0x00, 0x80, 0x00, 0x88, 0x00, 0x8c, 0x00, 0x88, 0x00, 0x98, 0x00, 0xa4, 0x00, 0xa0, 0x00, 
    0x90, 0x00, 0x90, 0x00, 0x8c, 0x00, 0x94, 0x00, 0x98, 0x00, 0x90, 0x00, 0x88, 0x00, 0x94, 0x00, 
    0x88, 0x00, 0x88, 0x00, 0x9c, 0x00, 0xa4, 0x00, 0x98, 0x00, 0x80, 0x00, 0x88, 0x00, 0x84, 0x00, 
    0x88, 0x00, 0x78, 0x00, 0x78, 0x00, 0x78, 0x00, 0x78, 0x00, 0x78, 0x00, 0x7c, 0x00, 0x84, 0x00, 
    0x84, 0x00, 0x84, 0x00, 0x7c, 0x00, 0x74, 0x00, 0x70, 0x00, 0x6c, 0x00, 0x70, 0x00, 0x80, 0x00, 
    0xa4, 0x00, 0x98, 0x00, 0x9c, 0x00, 0xbc, 0x00, 0xbc, 0x00, 0xc8, 0x00, 0xb4, 0x00, 0xc8, 0x00, 
    0xdc, 0x00, 0xc4, 0x00, 0xbc, 0x00, 0xc0, 0x00, 0xc4, 0x00, 0xc4, 0x00, 0xb4, 0x00, 0xb8, 0x00, 
    0xa8, 0x00, 0xbc, 0x00, 0xa4, 0x00, 0xbc, 0x00, 0xf0, 0x00, 0xec, 0x00, 0xd4, 0x00, 0xd0, 0x00, 
    0xb4, 0x00, 0xb0, 0x00, 0xc0, 0x00, 0xc8, 0x00, 0xc0, 0x00, 0xd4, 0x00, 0xcc, 0x00, 0xb8, 0x00, 
    0xb8, 0x00, 0xb4, 0x00, 0xbc, 0x00, 0xd8, 0x00, 0xe0, 0x00, 0xe4, 0x00, 0xd0, 0x00, 0xc8, 0x00, 
    0xac, 0x00, 0xac, 0x00, 0xc8, 0x00, 0xcc, 0x00, 0xdc, 0x00, 0xec, 0x00, 0xe4, 0x00, 0xe4, 0x00, 
    0xe4, 0x00, 0xf0, 0x00, 0xe8, 0x00, 0x0c, 0x01, 0xf4, 0x00, 0x04, 0x01, 0xe0, 0x00, 0xdc, 0x00, 
    0xd4, 0x00, 0xd0, 0x00, 0xdc, 0x00, 0xe0, 0x00, 0xf0, 0x00, 0xdc, 0x00, 0xe0, 0x00, 0xe4, 0x00, 
    0xf0, 0x00, 0xe8, 0x00, 0xe4, 0x00, 0xe4, 0x00, 0xf0, 0x00, 0xe8, 0x00, 0xe8, 0x00, 0xf0, 0x00, 
    0xec, 0x00, 0xec, 0x00, 0xe8, 0x00, 0xe0, 0x00, 0xf0, 0x00, 0xec, 0x00, 0xf4, 0x00, 0xe4, 0x00, 
    0xec, 0x00, 0xec, 0x00, 0xec, 0x00, 0xec, 0x00, 0xf0, 0x00, 0xe4, 0x00, 0xf8, 0x00, 0xfc, 0x00, 
    0xfc, 0x00, 0xf8, 0x00, 0xfc, 0x00, 0xfc, 0x00, 0x00, 0x01, 0xf4, 0x00, 0xec, 0x00, 0xec, 0x00, 
    0xdc, 0x00, 0xdc, 0x00, 0xe8, 0x00, 0xe0, 0x00, 0xd0, 0x00, 0xdc, 0x00, 0xf4, 0x00, 0x04, 0x01, 
    0xe8, 0x00, 0x0c, 0x01, 0xec, 0x00, 0xe8, 0x00, 0x00, 0x01, 0xe4, 0x00, 0xec, 0x00, 0xf0, 0x00, 
    0xe4, 0x00, 0xe8, 0x00, 0xdc, 0x00, 0xf0, 0x00, 0xf8, 0x00, 0xe8, 0x00, 0xe4, 0x00, 0xe8, 0x00, 
    0xcc, 0x00, 0xcc, 0x00, 0xc0, 0x00, 0xd0, 0x00, 0xcc, 0x00, 0xcc, 0x00, 0xb8, 0x00, 0xbc, 0x00, 
    0xbc, 0x00, 0xbc, 0x00, 0xbc, 0x00, 0xb8, 0x00, 0xbc, 0x00, 0xc0, 0x00, 0xbc, 0x00, 0xc0, 0x00, 
    0xc8, 0x00, 0xd0, 0x00, 0xcc, 0x00, 0xcc, 0x00, 0xd0, 0x00, 0xcc, 0x00, 0xc8, 0x00, 0xc8, 0x00, 
    0xc8, 0x00, 0xcc, 0x00, 0xd0, 0x00, 0xd8, 0x00, 0xd4, 0x00, 0xcc, 0x00, 0xd8, 0x00, 0xdc, 0x00, 
    0xd8, 0x00, 0xd0, 0x00, 0xd4, 0x00, 0xdc, 0x00, 0xe0, 0x00, 0xe0, 0x00, 0xe0, 0x00, 0xe4, 0x00, 
    0xf0, 0x00, 0xfc, 0x00, 0x00, 0x01, 0xe8, 0x00, 0xec, 0x00, 0xec, 0x00, 0xf8, 0x00, 0xf8, 0x00, 
    0xfc, 0x00, 0xfc, 0x00, 0x0c, 0x01, 0xec, 0x00, 0xfc, 0x00, 0x00, 0x01, 0x00, 0x01, 0x04, 0x01, 
    0x10, 0x01, 0x18, 0x01, 0x08, 0x01, 0x04, 0x01, 0x00, 0x01, 0xfc, 0x00, 0xf4, 0x00, 0xf8, 0x00, 
    0xf4, 0x00, 0xfc, 0x00, 0x00, 0x01, 0xf8, 0x00, 0xf0, 0x00, 0xe8, 0x00, 0xec, 0x00, 0xf0, 0x00, 
    0xf8, 0x00, 0xfc, 0x00, 0xfc, 0x00, 0x04, 0x01, 0xf8, 0x00, 0xec, 0x00, 0xe8, 0x00, 0xe0, 0x00, 
    0xe8, 0x00, 0xf8, 0x00, 0xf0, 0x00, 0xf8, 0x00, 0xf8, 0x00, 0x08, 0x01, 0x04, 0x01, 0x0c, 0x01, 
    0x0c, 0x01, 0x0c, 0x01, 0x08, 0x01, 0x10, 0x01, 0x14, 0x01, 0x10, 0x01, 0xfc, 0x00, 0x00, 0x01, 
    0x00, 0x01, 0x00, 0x01, 0x08, 0x01, 0x08, 0x01, 0x18, 0x01, 0x1c, 0x01, 0x14, 0x01, 0x14, 0x01, 
    0x08, 0x01, 0x08, 0x01, 0x08, 0x01, 0x08, 0x01, 0x04, 0x01, 0x04, 0x01, 0xfc, 0x00, 0xfc, 0x00, 
    0x00, 0x01, 0x00, 0x01, 0xe4, 0x00, 0xe4, 0x00, 0xe4, 0x00, 0xf0, 0x00, 0x14, 0x01, 0x10, 0x01, 
    0x10, 0x01, 0x04, 0x01, 0x08, 0x01, 0xfc, 0x00, 0xf8, 0x00, 0xf8, 0x00, 0xf4, 0x00, 0xf0, 0x00, 
    0xf4, 0x00, 0xf4, 0x00, 0xf4, 0x00, 0xec, 0x00, 0xf0, 0x00, 0xdc, 0x00, 0xdc, 0x00, 0xdc, 0x00, 
    0xe8, 0x00, 0x04, 0x01, 0x08, 0x01, 0x04, 0x01, 0xe8, 0x00, 0x04, 0x01, 0x08, 0x01, 0x08, 0x01, 
    0x14, 0x01, 0x14, 0x01, 0x24, 0x01, 0x0c, 0x01, 0x18, 0x01, 0x14, 0x01, 0x10, 0x01, 0x18, 0x01, 
    0x08, 0x01, 0x08, 0x01, 0x08, 0x01, 0x04, 0x01, 0xfc, 0x00, 0x00, 0x01, 0x04, 0x01, 0x04, 0x01, 
    0x00, 0x01, 0xfc, 0x00, 0x04, 0x01, 0xfc, 0x00, 0x1c, 0x01, 0x28, 0x01, 0x00, 0x01, 0x14, 0x01, 
    0xf0, 0x00, 0xec, 0x00, 0xfc, 0x00, 0xfc, 0x00, 0x08, 0x01, 0x08, 0x01, 0x14, 0x01, 0x0c, 0x01, 
    0x28, 0x01, 0x20, 0x01, 0x08, 0x01, 0x14, 0x01, 0x34, 0x01, 0x34, 0x01, 0x38, 0x01, 0x3c, 0x01, 
    0x24, 0x01, 0x18, 0x01, 0x34, 0x01, 0x18, 0x01, 0xfc, 0x00, 0xdc, 0x00, 0x0c, 0x01, 0x04, 0x01, 
    0xfc, 0x00, 0xe8, 0x00, 0xec, 0x00, 0xf0, 0x00, 0xfc, 0x00, 0xec, 0x00, 0x04, 0x01, 0x0c, 0x01, 
    0xfc, 0x00, 0x00, 0x01, 0xf8, 0x00, 0xf4, 0x00, 0xec, 0x00, 0xe4, 0x00, 0x24, 0x01, 0x10, 0x01, 
    0x14, 0x01, 0x00, 0x01, 0xf8, 0x00, 0xf8, 0x00, 0x20, 0x01, 0x1c, 0x01, 0x24, 0x01, 0x14, 0x01, 
    0x14, 0x01, 0x1c, 0x01, 0x08, 0x01, 0x28, 0x01, 0x18, 0x01, 0x34, 0x01, 0x30, 0x01, 0x38, 0x01, 
    0x2c, 0x01, 0x40, 0x01, 0x34, 0x01, 0x3c, 0x01, 0x2c, 0x01, 0x34, 0x01, 0x40, 0x01, 0x40, 0x01, 
    0x48, 0x01, 0x3c, 0x01, 0x28, 0x01, 0x20, 0x01, 0x18, 0x01, 0x20, 0x01, 0x10, 0x01, 0x0c, 0x01, 
    0x14, 0x01, 0x14, 0x01, 0x14, 0x01, 0x10, 0x01, 0x0c, 0x01, 0x10, 0x01, 0x20, 0x01, 0x18, 0x01, 
    0x28, 0x01, 0x1c, 0x01, 0x1c, 0x01, 0x20, 0x01, 0x1c, 0x01, 0x10, 0x01, 0x10, 0x01, 0x20, 0x01, 
    0x24, 0x01, 0x24, 0x01, 0x1c, 0x01, 0x24, 0x01, 0x30, 0x01, 0x2c, 0x01, 0x28, 0x01, 0x14, 0x01, 
    0x1c, 0x01, 0x24, 0x01, 0x28, 0x01, 0x1c, 0x01, 0x30, 0x01, 0x38, 0x01, 0x38, 0x01, 0x20, 0x01, 
    0x2c, 0x01, 0x28, 0x01, 0x20, 0x01, 0x2c, 0x01, 0x2c, 0x01, 0x2c, 0x01, 0x30, 0x01, 0x2c, 0x01, 
    0x2c, 0x01, 0x34, 0x01, 0x44, 0x01, 0x44, 0x01, 0x44, 0x01, 0x34, 0x01, 0x3c, 0x01, 0x4c, 0x01, 
    0x50, 0x01, 0x50, 0x01, 0x50, 0x01, 0x3c, 0x01, 0x48, 0x01, 0x4c, 0x01, 0x40, 0x01, 0x48, 0x01, 
    0x48, 0x01, 0x48, 0x01, 0x54, 0x01, 0x4c, 0x01, 0x24, 0x01, 0x18, 0x01, 0x18, 0x01, 0x18, 0x01, 
    0x1c, 0x01, 0x10, 0x01, 0x08, 0x01, 0x10, 0x01, 0x14, 0x01, 0x0c, 0x01, 0x10, 0x01, 0x14, 0x01, 
    0x10, 0x01, 0x10, 0x01, 0x1c, 0x01, 0x1c, 0x01, 0x1c, 0x01, 0x1c, 0x01, 0x1c, 0x01, 0x14, 0x01, 
    0x14, 0x01, 0x10, 0x01, 0x10, 0x01, 0x0c, 0x01, 0x0c, 0x01, 0x10, 0x01, 0x20, 0x01, 0x20, 0x01, 
    0x04, 0x01, 0x24, 0x01, 0x28, 0x01, 0x2c, 0x01, 0x10, 0x01, 0x24, 0x01, 0x20, 0x01, 0x10, 0x01, 
    0x18, 0x01, 0x1c, 0x01, 0x24, 0x01, 0x24, 0x01, 0x24, 0x01, 0x18, 0x01, 0x18, 0x01, 0x2c, 0x01, 
    0x34, 0x01, 0x30, 0x01, 0x20, 0x01, 0x24, 0x01, 0x24, 0x01, 0x20, 0x01, 0x08, 0x01, 0x2c, 0x01, 
    0x18, 0x01, 0x1c, 0x01, 0x08, 0x01, 0x24, 0x01, 0x2c, 0x01, 0x28, 0x01, 0x00, 0x01, 0x10, 0x01, 
    0x24, 0x01, 0x10, 0x01, 0xf8, 0x00, 0xe0, 0x00, 0xd8, 0x00, 0xf4, 0x00, 0xdc, 0x00, 0xf0, 0x00, 
    0xd8, 0x00, 0xe0, 0x00, 0xc8, 0x00, 0xd4, 0x00, 0xc8, 0x00, 0xbc, 0x00, 0xb4, 0x00, 0xb0, 0x00, 
    0xa0, 0x00, 0x94, 0x00, 0x88, 0x00, 0x8c, 0x00, 0x8c, 0x00, 0x80, 0x00, 0x84, 0x00, 0x78, 0x00, 
    0x74, 0x00, 0x74, 0x00, 0x6c, 0x00, 0x68, 0x00, 0x70, 0x00, 0x68, 0x00, 0x64, 0x00, 0x60, 0x00, 
    0x54, 0x00, 0x58, 0x00, 0x58, 0x00, 0x40, 0x00, 0x3c, 0x00, 0x34, 0x00, 0x2c, 0x00, 0x2c, 0x00, 
    0x30, 0x00, 0x30, 0x00, 0x34, 0x00, 0x18, 0x00, 0x08, 0x00, 0x08, 0x00, 0x08, 0x00, 0x08, 0x00, 
    0x08, 0x00, 0x08, 0x00, 0x18, 0x00, 0x1c, 0x00, 0x18, 0x00, 0x08, 0x00, 0x08, 0x00, 0x08, 0x00, 
    0x08, 0x00, 0x08, 0x00, 0x08, 0x00, 0x08, 0x00, 0x18, 0x00, 0x1c, 0x00, 0x18, 0x00, 0x08, 0x00, 
    0x08, 0x00, 0x08, 0x00, 0x08, 0x00, 0x08, 0x00, 0x08, 0x00, 0x08, 0x00, 0x08, 0x00, 0x08, 0x00, 
    0x08, 0x00, 0x08, 0x00, 0x08, 0x00, 0x08, 0x00, 0x08, 0x00, 0x08, 0x00, 0x08, 0x00, 0x08, 0x00, 
    0x08, 0x00, 0x08, 0x00, 0x08, 0x00, 0x08, 0x00, 0x08, 0x00, 0x08, 0x00, 0x08, 0x00, 0x08, 0x00, 
    0x08, 0x00, 0x08, 0x00, 0x08, 0x00, 0x08, 0x00, 0x08, 0x00, 0x08, 0x00, 0x08, 0x00, 0x08, 0x00, 
    0x08, 0x00, 0x08, 0x00, 0x08, 0x00, 0x08, 0x00, 0x08, 0x00, 0x08, 0x00, 0x08, 0x00, 0x08, 0x00, 
    0x08, 0x00, 0x08, 0x00, 0x08, 0x00, 0x08, 0x00, 0x08, 0x00, 0x08, 0x00, 0x08, 0x00, 0x08, 0x00, 
    0x08, 0x00, 0x08, 0x00, 0x08, 0x00, 0x08, 0x00, 0x08, 0x00, 0x08, 0x00, 0x08, 0x00, 0x08, 0x00, 
    0x08, 0x00, 0x08, 0x00, 0x08, 0x00, 0x08, 0x00, 0x08, 0x00, 0x08, 0x00, 0x08, 0x00, 0x08, 0x00, 
    0x08, 0x00, 0x08, 0x00, 0x08, 0x00, 0x08, 0x00, 0x08, 0x00, 0x08, 0x00, 0x08, 0x00, 0x08, 0x00, 
    0x08, 0x00, 0x08, 0x00, 0x08, 0x00, 0x08, 0x00, 0x08, 0x00, 0x08, 0x00, 0x08, 0x00, 0x08, 0x00, 
    0x08, 0x00, 0x08, 0x00, 0x08, 0x00, 0x08, 0x00, 0x08, 0x00, 0x08, 0x00, 0x08, 0x00, 0x08, 0x00, 
    0x08, 0x00, 0x08, 0x00, 0x08, 0x00, 0x08, 0x00, 0x08, 0x00, 0x08, 0x00, 0x08, 0x00, 0x08, 0x00, 
    0x08, 0x00, 0x08, 0x00, 0x08, 0x00, 0x08, 0x00, 0x08, 0x00, 0x08, 0x00, 0x08, 0x00, 0x08, 0x00, 
    0x08, 0x00, 0x08, 0x00, 0x08, 0x00, 0x08, 0x00, 0x08, 0x00, 0x08, 0x00, 0x08, 0x00, 0x08, 0x00, 
    0x08, 0x00, 0x08, 0x00, 0x08, 0x00, 0x08, 0x00, 0x08, 0x00, 0x08, 0x00, 0x08, 0x00, 0x08, 0x00, 
    0x08, 0x00, 0x08, 0x00, 0x08, 0x00, 0x08, 0x00, 0x08, 0x00, 0x08, 0x00, 0x08, 0x00, 0x08, 0x00, 
    0x08, 0x00, 0x08, 0x00, 0x08, 0x00, 0x08, 0x00, 0x08, 0x00, 0x08, 0x00, 0x08, 0x00, 0x08, 0x00, 
    0x08, 0x00, 0x08, 0x00, 0x08, 0x00, 0x08, 0x00, 0x08, 0x00, 0x08, 0x00, 0x08, 0x00, 0x08, 0x00, 
    0x08, 0x00, 0x08, 0x00, 0x08, 0x00, 0x08, 0x00, 0x08, 0x00, 0x08, 0x00, 0x08, 0x00, 0x08, 0x00, 
    0x08, 0x00, 0x08, 0x00, 0x08, 0x00, 0x08, 0x00, 0x08, 0x00, 0x08, 0x00, 0x08, 0x00, 0x08, 0x00, 
    0x08, 0x00, 0x08, 0x00, 0x08, 0x00, 0x08, 0x00, 0x08, 0x00, 0x08, 0x00, 0x08, 0x00, 0x08, 0x00, 
    0x08, 0x00, 0x08, 0x00, 0x08, 0x00, 0x08, 0x00, 0x08, 0x00, 0x08, 0x00, 0x08, 0x00, 0x08, 0x00, 
    0x08, 0x00, 0x08, 0x00, 0x08, 0x00, 0x08, 0x00, 0x08, 0x00, 0x08, 0x00, 0x08, 0x00, 0x08, 0x00, 
    0x08, 0x00, 0x08, 0x00, 0x08, 0x00, 0x08, 0x00, 0x08, 0x00, 0x08, 0x00, 0x08, 0x00, 0x08, 0x00, 
    0x08, 0x00, 0x08, 0x00, 0x08, 0x00, 0x08, 0x00, 0x08, 0x00, 0x08, 0x00, 0x08, 0x00, 0x08, 0x00, 
    0x24, 0x00, 0x24, 0x00, 0x2c, 0x00, 0x24, 0x00, 0x5c, 0x00, 0x60, 0x00, 0x70, 0x00, 0x64, 0x00, 
    0x60, 0x00, 0x78, 0x00, 0x4c, 0x00, 0x6c, 0x00, 0x58, 0x00, 0x4c, 0x00, 0x88, 0x00, 0x84, 0x00, 
    0x78, 0x00, 0x78, 0x00, 0xa4, 0x00, 0xb0, 0x00, 0xbc, 0x00, 0xbc, 0x00, 0xa4, 0x00, 0x90, 0x00, 
    0xb4, 0x00, 0xa0, 0x00, 0xa0, 0x00, 0x94, 0x00, 0x94, 0x00, 0x9c, 0x00, 0xa0, 0x00, 0xa0, 0x00, 
    0x90, 0x00, 0xa8, 0x00, 0xac, 0x00, 0xa4, 0x00, 0x98, 0x00, 0x94, 0x00, 0x9c, 0x00, 0x98, 0x00, 
    0x90, 0x00, 0x94, 0x00, 0x90, 0x00, 0xa4, 0x00, 0xa8, 0x00, 0xb0, 0x00, 0xb4, 0x00, 0xbc, 0x00, 
    0xb8, 0x00, 0xc0, 0x00, 0xc8, 0x00, 0xcc, 0x00, 0xc4, 0x00, 0xcc, 0x00, 0xd8, 0x00, 0xc8, 0x00, 
    0xd4, 0x00, 0xec, 0x00, 0xe8, 0x00, 0x10, 0x01, 0x08, 0x01, 0xfc, 0x00, 0xf8, 0x00, 0xf0, 0x00, 
    0xfc, 0x00, 0xf0, 0x00, 0xd0, 0x00, 0xd8, 0x00, 0xec, 0x00, 0xe0, 0x00, 0xdc, 0x00, 0xd4, 0x00, 
    0xc0, 0x00, 0xbc, 0x00, 0xc0, 0x00, 0xc0, 0x00, 0xb4, 0x00, 0xb0, 0x00, 0xa0, 0x00, 0x9c, 0x00, 
    0x9c, 0x00, 0xa4, 0x00, 0x8c, 0x00, 0x88, 0x00, 0x88, 0x00, 0x84, 0x00, 0x94, 0x00, 0x88, 0x00, 
    0x88, 0x00, 0x94, 0x00, 0xa0, 0x00, 0x98, 0x00, 0x98, 0x00, 0xb0, 0x00, 0xac, 0x00, 0x94, 0x00, 
    0x8c, 0x00, 0x84, 0x00, 0x8c, 0x00, 0x8c, 0x00, 0x90, 0x00, 0x90, 0x00, 0x94, 0x00, 0x98, 0x00, 
    0xa8, 0x00, 0x9c, 0x00, 0x9c, 0x00, 0xa8, 0x00, 0x9c, 0x00, 0xa0, 0x00, 0x8c, 0x00, 0x8c, 0x00, 
    0x88, 0x00, 0x8c, 0x00, 0x90, 0x00, 0x8c, 0x00, 0x88, 0x00, 0x8c, 0x00, 0x98, 0x00, 0x9c, 0x00, 
    0x94, 0x00, 0x98, 0x00, 0xa4, 0x00, 0x90, 0x00, 0x98, 0x00, 0x98, 0x00, 0x90, 0x00, 0x90, 0x00, 
    0x8c, 0x00, 0xa8, 0x00, 0xa0, 0x00, 0xa0, 0x00, 0x9c, 0x00, 0xb0, 0x00, 0xb0, 0x00, 0xb0, 0x00, 
    0xa0, 0x00, 0x9c, 0x00, 0xa0, 0x00, 0xa0, 0x00, 0x9c, 0x00, 0xa0, 0x00, 0x84, 0x00, 0x90, 0x00, 
    0x90, 0x00, 0x90, 0x00, 0x84, 0x00, 0x64, 0x00, 0x78, 0x00, 0x78, 0x00, 0x8c, 0x00, 0x8c, 0x00, 
    0x8c, 0x00, 0x90, 0x00, 0x90, 0x00, 0x94, 0x00, 0xac, 0x00, 0xb0, 0x00, 0xb8, 0x00, 0xb8, 0x00, 
    0xbc, 0x00, 0xc8, 0x00, 0xbc, 0x00, 0xc4, 0x00, 0xd0, 0x00, 0xd0, 0x00, 0xd0, 0x00, 0xc8, 0x00, 
    0xd0, 0x00, 0xec, 0x00, 0xe8, 0x00, 0xfc, 0x00, 0xcc, 0x00, 0xbc, 0x00, 0xe8, 0x00, 0xe0, 0x00, 
    0xf0, 0x00, 0xe8, 0x00, 0xec, 0x00, 0xb4, 0x00, 0xb8, 0x00, 0xb8, 0x00, 0xc0, 0x00, 0xd0, 0x00, 
    0xe8, 0x00, 0xec, 0x00, 0x00, 0x01, 0xf4, 0x00, 0x08, 0x01, 0x18, 0x01, 0x00, 0x01, 0x04, 0x01, 
    0xf0, 0x00, 0xf0, 0x00, 0xfc, 0x00, 0x00, 0x01, 0xe8, 0x00, 0xe8, 0x00, 0xdc, 0x00, 0xdc, 0x00, 
    0xd8, 0x00, 0xd8, 0x00, 0xd4, 0x00, 0xd4, 0x00, 0xe4, 0x00, 0xec, 0x00, 0x04, 0x01, 0xf8, 0x00, 
    0x08, 0x01, 0xe8, 0x00, 0xf8, 0x00, 0xd8, 0x00, 0xdc, 0x00, 0xdc, 0x00, 0xdc, 0x00, 0xcc, 0x00, 
    0xc8, 0x00, 0xd8, 0x00, 0xdc, 0x00, 0xd4, 0x00, 0xbc, 0x00, 0xcc, 0x00, 0xc4, 0x00, 0xc8, 0x00, 
    0xb4, 0x00, 0xb4, 0x00, 0xbc, 0x00, 0xb8, 0x00, 0xb4, 0x00, 0xb0, 0x00, 0xc8, 0x00, 0xcc, 0x00, 
    0xc4, 0x00, 0xcc, 0x00, 0xd8, 0x00, 0xcc, 0x00, 0xbc, 0x00, 0xbc, 0x00, 0xcc, 0x00, 0xc0, 0x00, 
    0xcc, 0x00, 0xe8, 0x00, 0xd4, 0x00, 0xd0, 0x00, 0xdc, 0x00, 0xe8, 0x00, 0xe8, 0x00, 0xf0, 0x00, 
    0x00, 0x01, 0xf4, 0x00, 0x04, 0x01, 0x04, 0x01, 0x04, 0x01, 0x0c, 0x01, 0xf4, 0x00, 0xf0, 0x00, 
    0xf8, 0x00, 0x0c, 0x01, 0xfc, 0x00, 0x0c, 0x01, 0x14, 0x01, 0x28, 0x01, 0x14, 0x01, 0x08, 0x01, 
    0x04, 0x01, 0x10, 0x01, 0xf8, 0x00, 0x00, 0x01, 0x08, 0x01, 0x00, 0x01, 0xe8, 0x00, 0xf4, 0x00, 
    0x08, 0x01, 0x0c, 0x01, 0x08, 0x01, 0x04, 0x01, 0x00, 0x01, 0x08, 0x01, 0x0c, 0x01, 0x08, 0x01, 
    0x04, 0x01, 0x0c, 0x01, 0x04, 0x01, 0x18, 0x01, 0x18, 0x01, 0x14, 0x01, 0x1c, 0x01, 0x24, 0x01, 
    0x30, 0x01, 0x24, 0x01, 0x30, 0x01, 0x2c, 0x01, 0x20, 0x01, 0x0c, 0x01, 0x10, 0x01, 0x3c, 0x01, 
    0x38, 0x01, 0x2c, 0x01, 0x1c, 0x01, 0x0c, 0x01, 0x0c, 0x01, 0x14, 0x01, 0x08, 0x01, 0x04, 0x01, 
    0x18, 0x01, 0x10, 0x01, 0xf8, 0x00, 0xf8, 0x00, 0xec, 0x00, 0xf4, 0x00, 0xf4, 0x00, 0xec, 0x00, 
    0xf0, 0x00, 0xf8, 0x00, 0x08, 0x01, 0xfc, 0x00, 0xfc, 0x00, 0xfc, 0x00, 0x14, 0x01, 0x08, 0x01, 
    0xf0, 0x00, 0xfc, 0x00, 0xfc, 0x00, 0x04, 0x01, 0xf4, 0x00, 0xf8, 0x00, 0xf8, 0x00, 0xfc, 0x00, 
    0x04, 0x01, 0x18, 0x01, 0x34, 0x01, 0x30, 0x01, 0x2c, 0x01, 0x38, 0x01, 0x3c, 0x01, 0x40, 0x01, 
    0x44, 0x01, 0x30, 0x01, 0x38, 0x01, 0x40, 0x01, 0x34, 0x01, 0x38, 0x01, 0x3c, 0x01, 0x34, 0x01, 
    0x3c, 0x01, 0x50, 0x01, 0x38, 0x01, 0x38, 0x01, 0x58, 0x01, 0x64, 0x01, 0x5c, 0x01, 0x4c, 0x01, 
    0x44, 0x01, 0x44, 0x01, 0x34, 0x01, 0x44, 0x01, 0x30, 0x01, 0x38, 0x01, 0x38, 0x01, 0x48, 0x01, 
    0x44, 0x01, 0x40, 0x01, 0x3c, 0x01, 0x40, 0x01, 0x58, 0x01, 0x70, 0x01, 0x68, 0x01, 0x5c, 0x01, 
    0x68, 0x01, 0x54, 0x01, 0x60, 0x01, 0x54, 0x01, 0x60, 0x01, 0x68, 0x01, 0x74, 0x01, 0x84, 0x01, 
    0x7c, 0x01, 0x74, 0x01, 0x74, 0x01, 0x70, 0x01, 0x64, 0x01, 0x5c, 0x01, 0x60, 0x01, 0x54, 0x01, 
    0x58, 0x01, 0x58, 0x01, 0x78, 0x01, 0x88, 0x01, 0x8c, 0x01, 0x9c, 0x01, 0xb4, 0x01, 0xa4, 0x01, 
    0x9c, 0x01, 0x90, 0x01, 0x98, 0x01, 0x94, 0x01, 0x9c, 0x01, 0x90, 0x01, 0x8c, 0x01, 0x8c, 0x01, 
    0x6c, 0x01, 0x50, 0x01, 0x58, 0x01, 0x54, 0x01, 0x50, 0x01, 0x58, 0x01, 0x74, 0x01, 0x78, 0x01, 
    0x6c, 0x01, 0x68, 0x01, 0x70, 0x01, 0x64, 0x01, 0x58, 0x01, 0x58, 0x01, 0x58, 0x01, 0x74, 0x01, 
    0x7c, 0x01, 0x64, 0x01, 0x4c, 0x01, 0x48, 0x01, 0x4c, 0x01, 0x50, 0x01, 0x50, 0x01, 0x50, 0x01, 
    0x5c, 0x01, 0x58, 0x01, 0x64, 0x01, 0x54, 0x01, 0x44, 0x01, 0x44, 0x01, 0x40, 0x01, 0x40, 0x01, 
    0x50, 0x01, 0x54, 0x01, 0x64, 0x01, 0x58, 0x01, 0x50, 0x01, 0x5c, 0x01, 0x5c, 0x01, 0x60, 0x01, 
    0x50, 0x01, 0x58, 0x01, 0x5c, 0x01, 0x74, 0x01, 0x74, 0x01, 0x70, 0x01, 0x5c, 0x01, 0x64, 0x01, 
    0x6c, 0x01, 0x7c, 0x01, 0x8c, 0x01, 0x70, 0x01, 0x60, 0x01, 0x50, 0x01, 0x44, 0x01, 0x44, 0x01, 
    0x40, 0x01, 0x40, 0x01, 0x40, 0x01, 0x3c, 0x01, 0x38, 0x01, 0x44, 0x01, 0x48, 0x01, 0x34, 0x01, 
    0x24, 0x01, 0x28, 0x01, 0x18, 0x01, 0x14, 0x01, 0x14, 0x01, 0x14, 0x01, 0x10, 0x01, 0x14, 0x01, 
    0x1c, 0x01, 0x24, 0x01, 0x14, 0x01, 0x14, 0x01, 0x20, 0x01, 0x24, 0x01, 0x24, 0x01, 0x14, 0x01, 
    0xf8, 0x00, 0xf8, 0x00, 0xf8, 0x00, 0xf0, 0x00, 0xf0, 0x00, 0xf8, 0x00, 0xf8, 0x00, 0x00, 0x01, 
    0x14, 0x01, 0x18, 0x01, 0x08, 0x01, 0x0c, 0x01, 0x0c, 0x01, 0x20, 0x01, 0x2c, 0x01, 0x1c, 0x01, 
    0x14, 0x01, 0x10, 0x01, 0x0c, 0x01, 0x14, 0x01, 0x24, 0x01, 0x20, 0x01, 0x34, 0x01, 0x44, 0x01, 
    0x3c, 0x01, 0x34, 0x01, 0x34, 0x01, 0x24, 0x01, 0x28, 0x01, 0x24, 0x01, 0x20, 0x01, 0x0c, 0x01, 
    0x04, 0x01, 0x04, 0x01, 0x04, 0x01, 0x00, 0x01, 0x04, 0x01, 0x08, 0x01, 0x10, 0x01, 0x0c, 0x01, 
    0xfc, 0x00, 0x0c, 0x01, 0x00, 0x01, 0x08, 0x01, 0x08, 0x01, 0x14, 0x01, 0x18, 0x01, 0x14, 0x01, 
    0x0c, 0x01, 0x14, 0x01, 0x1c, 0x01, 0x0c, 0x01, 0xf8, 0x00, 0x28, 0x01, 0xf0, 0x00, 0xdc, 0x00, 
    0xe8, 0x00, 0xdc, 0x00, 0xf4, 0x00, 0xe0, 0x00, 0xe8, 0x00, 0xc8, 0x00, 0x0c, 0x01, 0x08, 0x01, 
    0xdc, 0x00, 0xec, 0x00, 0xcc, 0x00, 0xe0, 0x00, 0xb4, 0x00, 0xa8, 0x00, 0xcc, 0x00, 0xc4, 0x00, 
    0x8c, 0x00, 0x74, 0x00, 0x70, 0x00, 0x60, 0x00, 0x58, 0x00, 0x58, 0x00, 0x50, 0x00, 0x4c, 0x00, 
    0x44, 0x00, 0x54, 0x00, 0x50, 0x00, 0x50, 0x00, 0x38, 0x00, 0x28, 0x00, 0x28, 0x00, 0x28, 0x00, 
    0x28, 0x00, 0x18, 0x00, 0x18, 0x00, 0x28, 0x00, 0x28, 0x00, 0x28, 0x00, 0x28, 0x00, 0x28, 0x00, 
    0x28, 0x00, 0x28, 0x00, 0x3c, 0x00, 0x48, 0x00, 0x58, 0x00, 0x4c, 0x00, 0x3c, 0x00, 0x28, 0x00, 
    0x2c, 0x00, 0x2c, 0x00, 0x28, 0x00, 0x28, 0x00, 0x28, 0x00, 0x28, 0x00, 0x2c, 0x00, 0x2c, 0x00, 
    0x2c, 0x00, 0x28, 0x00, 0x30, 0x00, 0x30, 0x00, 0x30, 0x00, 0x20, 0x00, 0x08, 0x00, 0x08, 0x00, 
    0x08, 0x00, 0x08, 0x00, 0x08, 0x00, 0x08, 0x00, 0x08, 0x00, 0x08, 0x00, 0x08, 0x00, 0x08, 0x00, 
    0x08, 0x00, 0x08, 0x00, 0x08, 0x00, 0x08, 0x00, 0x08, 0x00, 0x08, 0x00, 0x08, 0x00, 0x08, 0x00, 
    0x08, 0x00, 0x08, 0x00, 0x08, 0x00, 0x08, 0x00, 0x08, 0x00, 0x08, 0x00, 0x08, 0x00, 0x08, 0x00, 
    0x08, 0x00, 0x08, 0x00, 0x08, 0x00, 0x08, 0x00, 0x08, 0x00, 0x08, 0x00, 0x08, 0x00, 0x08, 0x00, 
    0x08, 0x00, 0x08, 0x00, 0x08, 0x00, 0x08, 0x00, 0x08, 0x00, 0x08, 0x00, 0x08, 0x00, 0x08, 0x00, 
    0x08, 0x00, 0x08, 0x00, 0x08, 0x00, 0x08, 0x00, 0x08, 0x00, 0x08, 0x00, 0x08, 0x00, 0x08, 0x00, 
    0x08, 0x00, 0x08, 0x00, 0x08, 0x00, 0x08, 0x00, 0x08, 0x00, 0x08, 0x00, 0x08, 0x00, 0x08, 0x00, 
    0x08, 0x00, 0x08, 0x00, 0x08, 0x00, 0x08, 0x00, 0x08, 0x00, 0x08, 0x00, 0x08, 0x00, 0x08, 0x00, 
    0x08, 0x00, 0x08, 0x00, 0x08, 0x00, 0x08, 0x00, 0x08, 0x00, 0x08, 0x00, 0x08, 0x00, 0x08, 0x00, 
    0x08, 0x00, 0x08, 0x00, 0x08, 0x00, 0x08, 0x00, 0x08, 0x00, 0x08, 0x00, 0x08, 0x00, 0x08, 0x00, 